# Blender 4.3.2
# www.blender.org
mtllib CraftingTable.mtl
o Cube
v 2.203407 0.148261 -1.000000
v 2.203407 -0.148261 -1.000000
v 2.203407 0.148261 1.000000
v 2.203407 -0.148261 1.000000
v -2.203408 0.148261 -1.000000
v -2.203408 -0.148261 -1.000000
v -2.203408 0.148261 1.000000
v -2.203408 -0.148261 1.000000
v -2.203408 -0.148261 0.829539
v -2.203408 -0.148261 -0.829539
v 2.203407 0.148261 -0.829539
v 2.203407 0.148261 0.829540
v -2.203408 0.148261 0.829539
v -2.203408 0.148261 -0.829539
v 2.203407 -0.148261 0.829540
v 2.203407 -0.148261 -0.829539
v -2.008852 0.148261 -1.000000
v 2.008852 0.148261 -1.000000
v 2.008852 -0.148261 1.000000
v -2.008852 -0.148261 1.000000
v -2.008852 0.148261 1.000000
v 2.008852 0.148261 1.000000
v -2.008852 -0.148261 -1.000000
v 2.008852 -0.148261 -1.000000
v -2.008852 -0.148261 0.829539
v 2.008852 -0.148261 0.829540
v 2.008852 -0.148261 -0.829539
v -2.008852 -0.148261 -0.829539
v -2.008852 0.148261 0.829539
v 2.008852 0.148261 0.829540
v 2.008852 0.148261 -0.829539
v -2.008852 0.148261 -0.829539
v -2.203408 2.115080 1.000000
v -2.203408 2.115080 0.829539
v -2.203408 2.115080 -0.829539
v -2.203408 2.115080 -1.000000
v 2.203407 2.115080 0.829540
v 2.203407 2.115080 1.000000
v 2.203407 2.115080 -0.829539
v 2.203407 2.115080 -1.000000
v -2.008852 2.115080 0.829539
v -2.008852 2.115080 1.000000
v 2.008852 2.115080 1.000000
v 2.008852 2.115080 0.829540
v -2.008852 2.115080 -1.000000
v -2.008852 2.115080 -0.829539
v 2.008852 2.115080 -0.829539
v 2.008852 2.115080 -1.000000
v -2.203408 -0.445793 -0.829539
v -2.203408 -0.445793 -1.000000
v 2.203407 -0.445792 -1.000000
v 2.203407 -0.445792 -0.829539
v 2.008852 -0.445792 -1.000000
v 2.008852 -0.445792 -0.829539
v -2.008852 -0.445793 -0.829539
v -2.008852 -0.445793 -1.000000
v -2.203408 -2.426169 -0.829539
v -2.203408 -2.426169 -1.000000
v 2.203407 -2.426168 -1.000000
v 2.203407 -2.426168 -0.829539
v 2.008852 -2.426168 -1.000000
v 2.008852 -2.426168 -0.829539
v -2.008852 -2.426169 -0.829539
v -2.008852 -2.426169 -1.000000
v 1.831429 -0.533246 -0.829539
v -1.831429 -0.533246 -0.829539
v 1.831429 -2.338715 -0.829539
v -1.831429 -2.338715 -0.829539
v 1.840933 -0.533246 -0.763337
v -1.821925 -0.533246 -0.763337
v 1.840933 -2.338715 -0.763337
v -1.821925 -2.338715 -0.763337
v -1.921494 -0.148261 0.793466
v 1.921494 -0.148261 0.793466
v 1.921494 -0.148261 -0.793466
v -1.921494 -0.148261 -0.793466
v -1.921494 -0.197690 0.793466
v 1.921494 -0.197690 0.793466
v 1.921494 -0.197690 -0.793466
v -1.921494 -0.197690 -0.793466
v 1.384748 -2.199056 -0.701190
v 1.357260 -2.149820 -0.701190
v 1.384748 -2.199056 -0.954451
v 1.357260 -2.149820 -0.954451
v 1.501687 -2.133770 -0.701190
v 1.474199 -2.084533 -0.701190
v 1.501687 -2.133770 -0.954451
v 1.474199 -2.084533 -0.954451
v 1.254501 -2.243589 -0.734316
v 1.020400 -1.947989 -0.748422
v 1.254501 -2.243589 -0.772212
v 1.020400 -1.947989 -0.786317
v 1.578478 -2.066354 -0.734316
v 1.344376 -1.770754 -0.748422
v 1.578478 -2.066354 -0.772212
v 1.344376 -1.770754 -0.786317
v -0.810765 0.213426 1.000000
v -0.810765 0.478762 1.000000
v -1.000000 0.140767 -1.000000
v -1.000000 0.551421 -1.000000
v 0.810765 0.213426 1.000000
v 0.810765 0.478763 1.000000
v 1.000000 0.140767 -1.000000
v 1.000000 0.551422 -1.000000
v -1.000000 0.140767 1.000000
v -1.000000 0.551421 1.000000
v 1.000000 0.551422 1.000000
v 1.000000 0.140767 1.000000
v -0.129631 0.259258 1.081907
v -0.129631 0.432931 1.081907
v 0.129631 0.432931 1.081907
v 0.129631 0.259258 1.081907
v -0.810765 0.213426 1.081907
v -0.810765 0.478762 1.081907
v 0.810765 0.478763 1.081907
v 0.810765 0.213426 1.081907
v -0.129631 0.312593 1.081907
v -0.129631 0.379595 1.081907
v 0.129631 0.379595 1.081907
v 0.129631 0.312593 1.081907
v -0.129631 0.312593 1.137475
v -0.129631 0.379595 1.137475
v 0.129631 0.379595 1.137475
v 0.129631 0.312593 1.137475
v 1.200791 -0.178745 -0.278546
v 1.200791 -0.317073 -0.416873
v 1.200791 -0.497806 -0.491736
v 1.200791 -0.595619 -0.501369
v 1.219874 -0.103883 -0.095933
v 1.238223 -0.132414 -0.188179
v 1.255133 -0.178745 -0.273194
v 1.269955 -0.241097 -0.347710
v 1.282120 -0.317073 -0.408863
v 1.291158 -0.403753 -0.454304
v 1.296724 -0.497806 -0.482287
v 1.298604 -0.595618 -0.491736
v 1.238223 -0.103883 -0.090367
v 1.274215 -0.132414 -0.177261
v 1.307387 -0.178745 -0.257343
v 1.336461 -0.241097 -0.327535
v 1.360322 -0.317073 -0.385141
v 1.378052 -0.403753 -0.427945
v 1.388971 -0.497806 -0.454304
v 1.392657 -0.595618 -0.463205
v 1.255133 -0.103883 -0.081328
v 1.307387 -0.132414 -0.159530
v 1.355543 -0.178745 -0.231602
v 1.397753 -0.241097 -0.294774
v 1.432394 -0.317073 -0.346617
v 1.458134 -0.403753 -0.385141
v 1.473985 -0.497806 -0.408863
v 1.479337 -0.595618 -0.416873
v 1.269955 -0.103883 -0.069164
v 1.336461 -0.132414 -0.135669
v 1.397753 -0.178745 -0.196962
v 1.451476 -0.241097 -0.250685
v 1.495565 -0.317073 -0.294774
v 1.528327 -0.403753 -0.327535
v 1.548501 -0.497806 -0.347710
v 1.555313 -0.595618 -0.354522
v 1.282120 -0.103883 -0.054342
v 1.360322 -0.132414 -0.106595
v 1.432394 -0.178745 -0.154752
v 1.495565 -0.241097 -0.196962
v 1.547409 -0.317073 -0.231602
v 1.585932 -0.403753 -0.257343
v 1.609655 -0.497806 -0.273194
v 1.617665 -0.595618 -0.278546
v 1.200791 -0.094249 0.000000
v 1.291158 -0.103883 -0.037431
v 1.378052 -0.132414 -0.073424
v 1.458134 -0.178745 -0.106595
v 1.528327 -0.241097 -0.135669
v 1.585932 -0.317073 -0.159530
v 1.628737 -0.403753 -0.177261
v 1.655096 -0.497806 -0.188179
v 1.663996 -0.595618 -0.191866
v 1.296724 -0.103883 -0.019082
v 1.388971 -0.132414 -0.037431
v 1.473985 -0.178745 -0.054341
v 1.548501 -0.241097 -0.069164
v 1.609655 -0.317073 -0.081328
v 1.655096 -0.403753 -0.090367
v 1.683079 -0.497806 -0.095933
v 1.692527 -0.595618 -0.097812
v 1.298604 -0.103883 0.000000
v 1.392657 -0.132414 0.000000
v 1.479337 -0.178745 0.000000
v 1.555313 -0.241097 0.000000
v 1.617665 -0.317073 0.000000
v 1.663996 -0.403753 0.000000
v 1.692527 -0.497806 0.000000
v 1.702161 -0.595618 0.000000
v 1.296724 -0.103883 0.019082
v 1.388971 -0.132414 0.037431
v 1.473985 -0.178745 0.054342
v 1.548501 -0.241097 0.069164
v 1.609655 -0.317073 0.081328
v 1.655096 -0.403753 0.090367
v 1.683079 -0.497806 0.095933
v 1.692527 -0.595618 0.097812
v 1.291158 -0.103883 0.037431
v 1.378052 -0.132414 0.073424
v 1.458134 -0.178745 0.106595
v 1.528327 -0.241097 0.135670
v 1.585932 -0.317073 0.159531
v 1.628737 -0.403753 0.177261
v 1.655096 -0.497806 0.188179
v 1.663996 -0.595618 0.191866
v 1.282119 -0.103883 0.054342
v 1.360322 -0.132414 0.106595
v 1.432394 -0.178745 0.154752
v 1.495565 -0.241097 0.196962
v 1.547409 -0.317073 0.231603
v 1.585932 -0.403753 0.257343
v 1.609655 -0.497806 0.273194
v 1.617665 -0.595619 0.278546
v 1.269955 -0.103883 0.069164
v 1.336461 -0.132414 0.135670
v 1.397753 -0.178745 0.196962
v 1.451476 -0.241097 0.250685
v 1.495565 -0.317073 0.294774
v 1.528327 -0.403753 0.327535
v 1.548501 -0.497806 0.347710
v 1.555313 -0.595619 0.354522
v 1.255133 -0.103883 0.081328
v 1.307386 -0.132414 0.159531
v 1.355543 -0.178745 0.231602
v 1.397753 -0.241097 0.294774
v 1.432394 -0.317073 0.346618
v 1.458134 -0.403753 0.385141
v 1.473985 -0.497806 0.408863
v 1.479337 -0.595619 0.416873
v 1.238223 -0.103883 0.090367
v 1.274215 -0.132414 0.177261
v 1.307386 -0.178745 0.257343
v 1.336461 -0.241097 0.327535
v 1.360322 -0.317073 0.385141
v 1.378052 -0.403753 0.427945
v 1.388970 -0.497806 0.454305
v 1.392657 -0.595619 0.463205
v 1.219874 -0.103883 0.095933
v 1.238223 -0.132414 0.188179
v 1.255133 -0.178745 0.273194
v 1.269955 -0.241097 0.347710
v 1.282119 -0.317073 0.408863
v 1.291158 -0.403753 0.454305
v 1.296724 -0.497806 0.482287
v 1.298604 -0.595619 0.491736
v 1.200791 -0.103883 0.097812
v 1.200791 -0.132414 0.191866
v 1.200791 -0.178745 0.278546
v 1.200791 -0.241097 0.354522
v 1.200791 -0.317073 0.416873
v 1.200791 -0.403753 0.463205
v 1.200791 -0.497806 0.491736
v 1.200791 -0.595619 0.501369
v 1.181709 -0.103883 0.095933
v 1.163360 -0.132414 0.188179
v 1.146450 -0.178745 0.273194
v 1.131628 -0.241097 0.347710
v 1.119464 -0.317073 0.408863
v 1.110425 -0.403753 0.454304
v 1.104859 -0.497806 0.482287
v 1.102979 -0.595619 0.491735
v 1.163360 -0.103883 0.090367
v 1.127368 -0.132414 0.177261
v 1.094197 -0.178745 0.257343
v 1.065122 -0.241097 0.327535
v 1.041261 -0.317073 0.385141
v 1.023531 -0.403753 0.427945
v 1.012612 -0.497806 0.454304
v 1.008926 -0.595619 0.463205
v 1.146450 -0.103883 0.081328
v 1.094197 -0.132414 0.159531
v 1.046040 -0.178745 0.231602
v 1.003830 -0.241097 0.294774
v 0.969189 -0.317073 0.346617
v 0.943449 -0.403753 0.385141
v 0.927598 -0.497806 0.408863
v 0.922246 -0.595619 0.416873
v 1.131628 -0.103883 0.069164
v 1.065122 -0.132414 0.135670
v 1.003830 -0.178745 0.196962
v 0.950107 -0.241097 0.250685
v 0.906018 -0.317073 0.294774
v 0.873256 -0.403753 0.327535
v 0.853082 -0.497806 0.347710
v 0.846270 -0.595619 0.354521
v 1.119464 -0.103883 0.054342
v 1.041261 -0.132414 0.106595
v 0.969189 -0.178745 0.154752
v 0.906018 -0.241097 0.196962
v 0.854174 -0.317073 0.231602
v 0.815651 -0.403753 0.257343
v 0.791928 -0.497806 0.273194
v 0.783918 -0.595619 0.278546
v 1.110425 -0.103883 0.037431
v 1.023531 -0.132414 0.073424
v 0.943449 -0.178745 0.106595
v 0.873256 -0.241097 0.135670
v 0.815651 -0.317073 0.159530
v 0.772846 -0.403753 0.177261
v 0.746487 -0.497806 0.188179
v 0.737587 -0.595619 0.191865
v 1.104859 -0.103883 0.019082
v 1.012612 -0.132414 0.037431
v 0.927598 -0.178745 0.054342
v 0.853082 -0.241097 0.069164
v 0.791928 -0.317073 0.081328
v 0.746487 -0.403753 0.090367
v 0.718505 -0.497806 0.095933
v 0.709056 -0.595619 0.097812
v 1.102979 -0.103883 0.000000
v 1.008926 -0.132414 0.000000
v 0.922246 -0.178745 -0.000000
v 0.846270 -0.241097 0.000000
v 0.783918 -0.317073 -0.000000
v 0.737587 -0.403753 0.000000
v 0.709056 -0.497806 -0.000000
v 0.699423 -0.595619 -0.000000
v 1.104859 -0.103883 -0.019082
v 1.012612 -0.132414 -0.037431
v 0.927598 -0.178745 -0.054342
v 0.853082 -0.241097 -0.069164
v 0.791928 -0.317073 -0.081328
v 0.746487 -0.403753 -0.090367
v 0.718505 -0.497806 -0.095933
v 0.709056 -0.595619 -0.097812
v 1.110425 -0.103883 -0.037431
v 1.023531 -0.132414 -0.073424
v 0.943449 -0.178745 -0.106595
v 0.873256 -0.241097 -0.135669
v 0.815651 -0.317073 -0.159530
v 0.772846 -0.403753 -0.177261
v 0.746487 -0.497806 -0.188179
v 0.737587 -0.595619 -0.191866
v 1.119464 -0.103883 -0.054341
v 1.041261 -0.132414 -0.106595
v 0.969189 -0.178745 -0.154752
v 0.906018 -0.241097 -0.196962
v 0.854174 -0.317073 -0.231602
v 0.815651 -0.403753 -0.257343
v 0.791929 -0.497806 -0.273194
v 0.783919 -0.595619 -0.278546
v 1.131628 -0.103883 -0.069164
v 1.065122 -0.132414 -0.135669
v 1.003830 -0.178745 -0.196962
v 0.950107 -0.241097 -0.250685
v 0.906018 -0.317073 -0.294774
v 0.873256 -0.403753 -0.327535
v 0.853082 -0.497806 -0.347709
v 0.846270 -0.595619 -0.354521
v 1.146450 -0.103883 -0.081328
v 1.094197 -0.132414 -0.159530
v 1.046040 -0.178745 -0.231602
v 1.003830 -0.241097 -0.294774
v 0.969189 -0.317073 -0.346617
v 0.943449 -0.403753 -0.385141
v 0.927598 -0.497806 -0.408863
v 0.922246 -0.595619 -0.416873
v 1.163360 -0.103883 -0.090367
v 1.127368 -0.132414 -0.177261
v 1.094197 -0.178745 -0.257343
v 1.065122 -0.241097 -0.327535
v 1.041261 -0.317073 -0.385141
v 1.023531 -0.403753 -0.427945
v 1.012613 -0.497806 -0.454304
v 1.008926 -0.595619 -0.463204
v 1.181709 -0.103883 -0.095933
v 1.163360 -0.132414 -0.188179
v 1.146450 -0.178745 -0.273193
v 1.131628 -0.241097 -0.347710
v 1.119464 -0.317073 -0.408863
v 1.110425 -0.403753 -0.454304
v 1.104859 -0.497806 -0.482287
v 1.102980 -0.595619 -0.491735
v 1.200791 -0.103883 -0.097812
v 1.200791 -0.132414 -0.191866
v 1.200792 -0.241097 -0.354522
v 1.200791 -0.403753 -0.463205
v 2.172246 0.148261 -0.985858
v 2.172246 -0.148261 -0.985858
v 2.172246 0.148261 0.985858
v 2.177965 -0.146549 0.988453
v -2.172247 0.148261 -0.985858
v -2.172247 -0.148261 -0.985858
v -2.172247 0.148261 0.985858
v -2.177965 -0.146550 0.988453
v -2.172247 -0.146165 0.829539
v -2.163547 -0.147367 -0.835570
v 2.163546 0.147367 -0.835570
v 2.163546 0.147367 0.835570
v -2.163547 0.147367 0.835570
v -2.163547 0.147367 -0.835570
v 2.172246 -0.146164 0.829540
v 2.163546 -0.147367 -0.835570
v -2.022139 0.147367 -0.981909
v 2.022139 0.147367 -0.981909
v 2.008852 -0.146165 0.985858
v -2.008852 -0.146165 0.985858
v -2.022139 0.147367 0.981909
v 2.022139 0.147367 0.981909
v -2.022139 -0.147367 -0.981909
v 2.022139 -0.147367 -0.981909
v -2.008852 -0.145296 0.829539
v 2.008852 -0.145296 0.829540
v 2.022138 -0.145579 -0.835570
v -2.022139 -0.145579 -0.835570
v -2.022139 0.145579 0.835570
v 2.022139 0.145579 0.835570
v 2.022139 0.145579 -0.835570
v -2.022139 0.145579 -0.835570
v -2.177965 2.113368 0.988453
v -2.177965 2.113368 0.841087
v -2.177965 2.113368 -0.841087
v -2.177965 2.113368 -0.988453
v 2.177965 2.113368 0.841087
v 2.177965 2.113368 0.988453
v 2.177965 2.113368 -0.841086
v 2.177965 2.113368 -0.988453
v -2.034295 2.113368 0.841087
v -2.034295 2.113368 0.988453
v 2.034294 2.113368 0.988453
v 2.034294 2.113368 0.841087
v -2.034295 2.113368 -0.988453
v -2.034295 2.113368 -0.841087
v 2.034294 2.113368 -0.841086
v 2.034294 2.113368 -0.988453
v -2.172247 -0.445793 -0.843682
v -2.172247 -0.445793 -0.985858
v 2.172246 -0.445792 -0.985858
v 2.172246 -0.445792 -0.843682
v 2.040012 -0.445792 -0.985858
v 2.040012 -0.445792 -0.843682
v -2.040012 -0.445793 -0.843682
v -2.040012 -0.445793 -0.985858
v -2.177965 -2.424457 -0.841087
v -2.177965 -2.424457 -0.988453
v 2.177965 -2.424456 -0.988453
v 2.177965 -2.424456 -0.841086
v 2.008852 -2.423203 -1.000000
v 2.008852 -2.426444 -0.809626
v -2.008852 -2.426444 -0.809626
v -2.008852 -2.423203 -1.000000
v 1.844876 -0.532302 -0.811590
v -1.844506 -0.532401 -0.811311
v 1.844876 -2.339659 -0.811590
v -1.844506 -2.339560 -0.811311
v 1.867266 -0.531544 -0.752139
v -1.846452 -0.531524 -0.751456
v 1.867266 -2.340417 -0.752139
v -1.846452 -2.340437 -0.751456
v -1.908207 -0.145579 0.787435
v 1.908206 -0.145579 0.787436
v 1.908206 -0.145579 -0.787435
v -1.908207 -0.145579 -0.787435
v -1.896051 -0.195978 0.781919
v 1.896051 -0.195978 0.781919
v 1.896051 -0.195978 -0.781919
v -1.896051 -0.195978 -0.781919
v 1.386279 -2.196558 -0.711937
v 1.389137 -2.149908 -0.714987
v 1.386279 -2.196558 -0.943704
v 1.389137 -2.149908 -0.940655
v 1.469810 -2.133682 -0.714987
v 1.472668 -2.087032 -0.711937
v 1.469810 -2.133682 -0.940655
v 1.472668 -2.087032 -0.943704
v 1.255790 -2.241093 -0.745100
v 1.052967 -1.948071 -0.761884
v 1.255782 -2.241086 -0.761497
v 1.051752 -1.948055 -0.772269
v 1.547125 -2.066288 -0.748364
v 1.343096 -1.773257 -0.759136
v 1.545910 -2.066272 -0.758749
v 1.343088 -1.773250 -0.775534
v -0.797478 0.214320 0.981909
v -0.797478 0.477868 0.981909
v -0.974557 0.142479 -0.988453
v -0.974557 0.549710 -0.988453
v 0.797478 0.214320 0.981909
v 0.797478 0.477868 0.981909
v 0.974557 0.142479 -0.988453
v 0.974557 0.549710 -0.988453
v -0.974557 0.142479 0.988453
v -0.974557 0.549709 0.988453
v 0.974557 0.549710 0.988453
v 0.974557 0.142479 0.988453
v -0.129631 0.259258 1.061907
v -0.129631 0.432931 1.061907
v 0.129631 0.432931 1.061907
v 0.129631 0.259258 1.061907
v -0.785323 0.215138 1.070360
v -0.785323 0.477050 1.070360
v 0.785322 0.477051 1.070360
v 0.785322 0.215138 1.070360
v -0.104189 0.314305 1.093454
v -0.104189 0.377883 1.093454
v 0.104188 0.377883 1.093454
v 0.104188 0.314305 1.093454
v -0.104189 0.314305 1.125928
v -0.104189 0.377883 1.125928
v 0.104188 0.377883 1.125928
v 0.104188 0.314305 1.125928
v 1.200792 -0.179402 -0.259042
v 1.200792 -0.317368 -0.396973
v 1.200792 -0.497894 -0.471744
v 1.200792 -0.595662 -0.481371
v 1.206366 -0.105733 -0.081554
v 1.222040 -0.133400 -0.170806
v 1.238334 -0.179364 -0.255181
v 1.252936 -0.241511 -0.329475
v 1.265001 -0.317350 -0.390529
v 1.273991 -0.403925 -0.435921
v 1.279533 -0.497889 -0.463880
v 1.281407 -0.595659 -0.473323
v 1.214344 -0.105601 -0.078189
v 1.246249 -0.133280 -0.162951
v 1.278596 -0.179281 -0.242640
v 1.307387 -0.241455 -0.312701
v 1.331121 -0.317312 -0.370249
v 1.348789 -0.403901 -0.413025
v 1.359677 -0.497877 -0.439370
v 1.363357 -0.595653 -0.448268
v 1.224381 -0.105445 -0.071626
v 1.272348 -0.133158 -0.148488
v 1.319751 -0.179201 -0.220348
v 1.361708 -0.241400 -0.283451
v 1.396238 -0.317275 -0.335265
v 1.421924 -0.403878 -0.373774
v 1.437748 -0.497866 -0.397489
v 1.443094 -0.595648 -0.405498
v 1.234875 -0.105305 -0.061778
v 1.297424 -0.133062 -0.127485
v 1.358087 -0.179140 -0.188665
v 1.411604 -0.241359 -0.242353
v 1.455603 -0.317247 -0.286427
v 1.488320 -0.403861 -0.319181
v 1.508473 -0.497858 -0.339351
v 1.515280 -0.595644 -0.346163
v 1.244364 -0.105194 -0.049033
v 1.319022 -0.132995 -0.100825
v 1.390567 -0.179098 -0.148922
v 1.453567 -0.241331 -0.191113
v 1.505336 -0.317228 -0.225746
v 1.543823 -0.403849 -0.251483
v 1.567528 -0.497852 -0.267332
v 1.575534 -0.595641 -0.272683
v 1.200791 -0.097214 0.000000
v 1.251803 -0.105116 -0.034001
v 1.335482 -0.132952 -0.069743
v 1.415104 -0.179071 -0.102883
v 1.485147 -0.241313 -0.131948
v 1.542688 -0.317216 -0.155805
v 1.585461 -0.403842 -0.173533
v 1.611805 -0.497849 -0.184450
v 1.620702 -0.595639 -0.188137
v 1.256518 -0.105071 -0.017399
v 1.345750 -0.132928 -0.035638
v 1.430341 -0.179056 -0.052535
v 1.504721 -0.241303 -0.067353
v 1.565815 -0.317210 -0.079516
v 1.611227 -0.403838 -0.088554
v 1.639196 -0.497847 -0.094119
v 1.648642 -0.595639 -0.095999
v 1.258130 -0.105056 0.000000
v 1.349236 -0.132920 0.000000
v 1.435505 -0.179051 0.000000
v 1.511348 -0.241300 0.000000
v 1.573642 -0.317208 0.000000
v 1.619946 -0.403836 0.000000
v 1.648463 -0.497846 0.000000
v 1.658093 -0.595638 0.000000
v 1.256518 -0.105071 0.017399
v 1.345750 -0.132928 0.035638
v 1.430341 -0.179056 0.052535
v 1.504721 -0.241303 0.067353
v 1.565815 -0.317210 0.079516
v 1.611227 -0.403838 0.088554
v 1.639196 -0.497847 0.094119
v 1.648641 -0.595639 0.095999
v 1.251803 -0.105116 0.034001
v 1.335482 -0.132952 0.069743
v 1.415104 -0.179071 0.102883
v 1.485147 -0.241313 0.131948
v 1.542688 -0.317216 0.155805
v 1.585461 -0.403842 0.173533
v 1.611805 -0.497849 0.184451
v 1.620702 -0.595639 0.188137
v 1.244363 -0.105194 0.049033
v 1.319022 -0.132995 0.100825
v 1.390567 -0.179098 0.148922
v 1.453567 -0.241331 0.191114
v 1.505336 -0.317228 0.225746
v 1.543823 -0.403849 0.251483
v 1.567528 -0.497852 0.267332
v 1.575533 -0.595641 0.272684
v 1.234875 -0.105305 0.061778
v 1.297424 -0.133062 0.127485
v 1.358087 -0.179140 0.188665
v 1.411604 -0.241359 0.242353
v 1.455603 -0.317247 0.286427
v 1.488320 -0.403861 0.319181
v 1.508473 -0.497858 0.339352
v 1.515280 -0.595644 0.346163
v 1.224381 -0.105445 0.071626
v 1.272348 -0.133158 0.148488
v 1.319750 -0.179201 0.220348
v 1.361708 -0.241400 0.283451
v 1.396238 -0.317275 0.335265
v 1.421924 -0.403878 0.373774
v 1.437748 -0.497866 0.397489
v 1.443094 -0.595648 0.405498
v 1.214344 -0.105601 0.078190
v 1.246249 -0.133280 0.162951
v 1.278596 -0.179281 0.242640
v 1.307387 -0.241455 0.312701
v 1.331121 -0.317312 0.370249
v 1.348789 -0.403901 0.413025
v 1.359677 -0.497877 0.439370
v 1.363357 -0.595653 0.448268
v 1.206366 -0.105733 0.081554
v 1.222040 -0.133400 0.170806
v 1.238334 -0.179364 0.255181
v 1.252936 -0.241511 0.329475
v 1.265001 -0.317350 0.390529
v 1.273991 -0.403925 0.435921
v 1.279533 -0.497889 0.463880
v 1.281407 -0.595659 0.473323
v 1.200791 -0.105786 0.082477
v 1.200791 -0.133453 0.173136
v 1.200791 -0.179402 0.259042
v 1.200791 -0.241538 0.334744
v 1.200791 -0.317368 0.396973
v 1.200791 -0.403936 0.443243
v 1.200791 -0.497894 0.471744
v 1.200791 -0.595662 0.481371
v 1.195217 -0.105733 0.081554
v 1.179543 -0.133400 0.170806
v 1.163249 -0.179364 0.255181
v 1.148647 -0.241511 0.329475
v 1.136582 -0.317350 0.390529
v 1.127592 -0.403925 0.435921
v 1.122050 -0.497889 0.463880
v 1.120176 -0.595659 0.473323
v 1.187239 -0.105601 0.078189
v 1.155334 -0.133280 0.162951
v 1.122987 -0.179281 0.242640
v 1.094196 -0.241455 0.312701
v 1.070462 -0.317312 0.370249
v 1.052794 -0.403901 0.413025
v 1.041906 -0.497877 0.439370
v 1.038226 -0.595653 0.448267
v 1.177202 -0.105445 0.071626
v 1.129235 -0.133158 0.148488
v 1.081833 -0.179201 0.220348
v 1.039875 -0.241400 0.283451
v 1.005345 -0.317275 0.335265
v 0.979659 -0.403878 0.373774
v 0.963835 -0.497866 0.397489
v 0.958489 -0.595648 0.405497
v 1.166708 -0.105305 0.061778
v 1.104159 -0.133062 0.127485
v 1.043496 -0.179140 0.188665
v 0.989979 -0.241359 0.242353
v 0.945980 -0.317247 0.286427
v 0.913263 -0.403861 0.319181
v 0.893110 -0.497858 0.339351
v 0.886303 -0.595644 0.346162
v 1.157220 -0.105194 0.049033
v 1.082561 -0.132995 0.100825
v 1.011016 -0.179098 0.148922
v 0.948016 -0.241331 0.191113
v 0.896247 -0.317228 0.225746
v 0.857761 -0.403849 0.251483
v 0.834055 -0.497853 0.267332
v 0.826050 -0.595641 0.272683
v 1.149780 -0.105116 0.034001
v 1.066101 -0.132952 0.069743
v 0.986480 -0.179071 0.102883
v 0.916436 -0.241313 0.131948
v 0.858895 -0.317216 0.155805
v 0.816122 -0.403842 0.173533
v 0.789778 -0.497849 0.184450
v 0.780881 -0.595639 0.188137
v 1.145065 -0.105071 0.017399
v 1.055833 -0.132928 0.035638
v 0.971242 -0.179056 0.052535
v 0.896862 -0.241303 0.067353
v 0.835768 -0.317210 0.079516
v 0.790356 -0.403838 0.088554
v 0.762387 -0.497847 0.094119
v 0.752942 -0.595639 0.095998
v 1.143453 -0.105056 0.000000
v 1.052347 -0.132920 0.000000
v 0.966078 -0.179051 -0.000000
v 0.890235 -0.241300 0.000000
v 0.827941 -0.317208 -0.000000
v 0.781637 -0.403836 0.000000
v 0.753120 -0.497846 -0.000000
v 0.743490 -0.595638 -0.000000
v 1.145065 -0.105071 -0.017399
v 1.055833 -0.132928 -0.035638
v 0.971242 -0.179056 -0.052535
v 0.896862 -0.241303 -0.067353
v 0.835768 -0.317210 -0.079516
v 0.790356 -0.403838 -0.088554
v 0.762387 -0.497847 -0.094119
v 0.752942 -0.595639 -0.095999
v 1.149780 -0.105116 -0.034001
v 1.066101 -0.132952 -0.069743
v 0.986480 -0.179071 -0.102883
v 0.916436 -0.241313 -0.131948
v 0.858895 -0.317216 -0.155805
v 0.816122 -0.403842 -0.173533
v 0.789778 -0.497849 -0.184451
v 0.780881 -0.595639 -0.188137
v 1.157220 -0.105194 -0.049033
v 1.082561 -0.132995 -0.100825
v 1.011016 -0.179098 -0.148922
v 0.948016 -0.241331 -0.191113
v 0.896247 -0.317228 -0.225746
v 0.857761 -0.403849 -0.251483
v 0.834056 -0.497853 -0.267332
v 0.826050 -0.595641 -0.272683
v 1.166708 -0.105305 -0.061778
v 1.104159 -0.133062 -0.127485
v 1.043496 -0.179140 -0.188665
v 0.989979 -0.241359 -0.242353
v 0.945980 -0.317247 -0.286427
v 0.913263 -0.403861 -0.319181
v 0.893110 -0.497858 -0.339351
v 0.886303 -0.595644 -0.346163
v 1.177202 -0.105445 -0.071626
v 1.129235 -0.133158 -0.148488
v 1.081833 -0.179201 -0.220348
v 1.039875 -0.241400 -0.283451
v 1.005345 -0.317275 -0.335265
v 0.979660 -0.403878 -0.373773
v 0.963835 -0.497866 -0.397489
v 0.958489 -0.595648 -0.405497
v 1.187239 -0.105601 -0.078189
v 1.155334 -0.133280 -0.162951
v 1.122987 -0.179281 -0.242639
v 1.094196 -0.241455 -0.312701
v 1.070462 -0.317312 -0.370248
v 1.052794 -0.403901 -0.413025
v 1.041906 -0.497877 -0.439370
v 1.038226 -0.595653 -0.448267
v 1.195217 -0.105733 -0.081554
v 1.179543 -0.133400 -0.170806
v 1.163250 -0.179364 -0.255181
v 1.148647 -0.241511 -0.329474
v 1.136582 -0.317350 -0.390529
v 1.127593 -0.403925 -0.435921
v 1.122050 -0.497889 -0.463880
v 1.120177 -0.595659 -0.473323
v 1.200792 -0.105786 -0.082477
v 1.200792 -0.133453 -0.173135
v 1.200792 -0.241538 -0.334744
v 1.200792 -0.403936 -0.443243
vn -0.0000 1.0000 -0.0000
vn -0.0000 -1.0000 -0.0000
vn 1.0000 -0.0000 -0.0000
vn -1.0000 -0.0000 -0.0000
vn -0.0000 -0.0000 -1.0000
vn -0.0000 -0.0000 1.0000
vn -0.9899 -0.0000 0.1421
vn 0.9899 -0.0000 -0.1421
vn -0.8731 -0.4875 -0.0000
vn 0.8731 0.4875 -0.0000
vn 0.4875 -0.8731 -0.0000
vn -0.4875 0.8731 -0.0000
vn -0.7839 -0.6208 -0.0000
vn 0.0182 -0.0333 -0.9993
vn 0.7839 0.6208 -0.0000
vn -0.0182 0.0333 0.9993
vn 0.4799 -0.8773 -0.0000
vn -0.4799 0.8773 -0.0000
vn -0.0000 0.9298 -0.3682
vn -0.0000 0.9847 -0.1744
vn 0.0326 0.9852 -0.1683
vn 0.0691 0.9303 -0.3603
vn -0.0000 0.8373 -0.5467
vn 0.1030 0.8378 -0.5362
vn -0.0000 0.7123 -0.7019
vn 0.1324 0.7126 -0.6889
vn -0.0000 0.5597 -0.8287
vn 0.1565 0.5600 -0.8136
vn -0.0000 0.3855 -0.9227
vn 0.1743 0.3857 -0.9060
vn -0.0000 0.1966 -0.9805
vn 0.1852 0.1967 -0.9628
vn -0.0000 -0.9855 -0.1698
vn 0.0297 -0.9876 -0.1543
vn 0.3673 0.1968 -0.9091
vn 0.0493 -0.9913 -0.1220
vn 0.0621 0.9862 -0.1537
vn 0.1361 0.9312 -0.3382
vn 0.2038 0.8385 -0.5053
vn 0.2624 0.7133 -0.6499
vn 0.3101 0.5605 -0.7679
vn 0.3455 0.3861 -0.8553
vn 0.3841 0.7136 -0.5858
vn 0.4542 0.5607 -0.6923
vn 0.5060 0.3862 -0.7712
vn 0.5379 0.1969 -0.8197
vn 0.0596 -0.9941 -0.0908
vn 0.0879 0.9870 -0.1347
vn 0.1986 0.9318 -0.3039
vn 0.2982 0.8390 -0.4552
vn 0.1103 0.9875 -0.1128
vn 0.2540 0.9320 -0.2585
vn 0.3816 0.8392 -0.3875
vn 0.4917 0.7137 -0.4988
vn 0.5813 0.5608 -0.5895
vn 0.6477 0.3863 -0.6567
vn 0.6885 0.1969 -0.6980
vn 0.0648 -0.9957 -0.0657
vn 0.5802 0.7138 -0.3923
vn 0.6860 0.5608 -0.4636
vn 0.7643 0.3863 -0.5164
vn 0.8124 0.1969 -0.5488
vn 0.0675 -0.9967 -0.0456
vn 0.1288 0.9878 -0.0879
vn 0.2997 0.9321 -0.2033
vn 0.4504 0.8392 -0.3048
vn 0.1427 0.9879 -0.0604
vn 0.3338 0.9322 -0.1401
vn 0.5016 0.8392 -0.2101
vn 0.6461 0.7138 -0.2704
vn 0.7638 0.5608 -0.3195
vn 0.8510 0.3863 -0.3559
vn 0.9045 0.1969 -0.3782
vn 0.0690 -0.9972 -0.0288
vn 0.8118 0.5608 -0.1629
vn 0.9043 0.3863 -0.1815
vn 0.9613 0.1969 -0.1929
vn 0.0697 -0.9975 -0.0140
vn 0.1514 0.9880 -0.0308
vn 0.3549 0.9322 -0.0715
vn 0.5332 0.8392 -0.1071
vn 0.6867 0.7137 -0.1379
vn 0.1544 0.9880 -0.0000
vn 0.3621 0.9322 -0.0000
vn 0.5439 0.8392 -0.0000
vn 0.7004 0.7137 -0.0000
vn 0.8279 0.5608 -0.0000
vn 0.9224 0.3863 -0.0000
vn 0.9804 0.1969 -0.0000
vn 0.0699 -0.9976 -0.0000
vn 0.8118 0.5608 0.1629
vn 0.9043 0.3863 0.1815
vn 0.9613 0.1969 0.1929
vn 0.0697 -0.9975 0.0140
vn 0.1514 0.9880 0.0308
vn 0.3549 0.9322 0.0715
vn 0.5332 0.8392 0.1071
vn 0.6867 0.7137 0.1379
vn 0.3338 0.9322 0.1401
vn 0.5016 0.8392 0.2101
vn 0.6461 0.7138 0.2704
vn 0.7638 0.5608 0.3195
vn 0.8510 0.3863 0.3559
vn 0.9045 0.1969 0.3782
vn 0.0690 -0.9972 0.0288
vn 0.1427 0.9879 0.0604
vn 0.7643 0.3863 0.5164
vn 0.8124 0.1969 0.5488
vn 0.0675 -0.9967 0.0456
vn 0.1288 0.9878 0.0879
vn 0.2997 0.9321 0.2033
vn 0.4504 0.8392 0.3048
vn 0.5802 0.7138 0.3923
vn 0.6860 0.5608 0.4636
vn 0.3816 0.8392 0.3875
vn 0.4917 0.7137 0.4988
vn 0.5813 0.5608 0.5895
vn 0.6477 0.3863 0.6567
vn 0.6885 0.1969 0.6980
vn 0.0648 -0.9957 0.0657
vn 0.1103 0.9875 0.1128
vn 0.2540 0.9320 0.2585
vn 0.5379 0.1969 0.8197
vn 0.0596 -0.9941 0.0908
vn 0.0879 0.9870 0.1347
vn 0.1986 0.9318 0.3039
vn 0.2982 0.8390 0.4552
vn 0.3841 0.7136 0.5858
vn 0.4542 0.5607 0.6923
vn 0.5060 0.3862 0.7712
vn 0.2038 0.8385 0.5053
vn 0.2624 0.7133 0.6499
vn 0.3101 0.5605 0.7679
vn 0.3455 0.3861 0.8553
vn 0.3673 0.1968 0.9091
vn 0.0493 -0.9913 0.1220
vn 0.0621 0.9862 0.1537
vn 0.1361 0.9312 0.3382
vn 0.1852 0.1967 0.9628
vn 0.0297 -0.9876 0.1543
vn 0.0326 0.9852 0.1683
vn 0.0691 0.9303 0.3603
vn 0.1030 0.8378 0.5362
vn 0.1324 0.7126 0.6889
vn 0.1565 0.5600 0.8136
vn 0.1743 0.3857 0.9060
vn -0.0000 0.7123 0.7019
vn -0.0000 0.5597 0.8287
vn -0.0000 0.3855 0.9227
vn -0.0000 0.1966 0.9805
vn -0.0000 -0.9855 0.1698
vn -0.0000 0.9847 0.1744
vn -0.0000 0.9298 0.3682
vn -0.0000 0.8373 0.5467
vn -0.0326 0.9852 0.1683
vn -0.0691 0.9303 0.3603
vn -0.1030 0.8378 0.5362
vn -0.1324 0.7126 0.6889
vn -0.1565 0.5600 0.8136
vn -0.1743 0.3857 0.9060
vn -0.1852 0.1967 0.9628
vn -0.0297 -0.9876 0.1543
vn -0.2624 0.7133 0.6499
vn -0.3101 0.5605 0.7679
vn -0.3455 0.3861 0.8553
vn -0.3673 0.1968 0.9091
vn -0.0493 -0.9913 0.1220
vn -0.0621 0.9862 0.1537
vn -0.1361 0.9312 0.3382
vn -0.2038 0.8385 0.5053
vn -0.0879 0.9870 0.1347
vn -0.1986 0.9318 0.3039
vn -0.2982 0.8390 0.4552
vn -0.3841 0.7136 0.5858
vn -0.4542 0.5607 0.6923
vn -0.5060 0.3862 0.7712
vn -0.5379 0.1969 0.8197
vn -0.0596 -0.9941 0.0908
vn -0.5813 0.5608 0.5895
vn -0.6477 0.3863 0.6567
vn -0.6885 0.1969 0.6980
vn -0.0648 -0.9957 0.0657
vn -0.1103 0.9875 0.1128
vn -0.2540 0.9320 0.2585
vn -0.3816 0.8392 0.3875
vn -0.4917 0.7137 0.4988
vn -0.2997 0.9321 0.2033
vn -0.4504 0.8392 0.3048
vn -0.5802 0.7138 0.3923
vn -0.6860 0.5608 0.4636
vn -0.7643 0.3863 0.5164
vn -0.8124 0.1969 0.5488
vn -0.0675 -0.9967 0.0456
vn -0.1288 0.9878 0.0879
vn -0.8510 0.3863 0.3559
vn -0.9045 0.1969 0.3782
vn -0.0690 -0.9972 0.0288
vn -0.1427 0.9879 0.0604
vn -0.3338 0.9322 0.1401
vn -0.5016 0.8392 0.2101
vn -0.6461 0.7138 0.2704
vn -0.7638 0.5608 0.3195
vn -0.3549 0.9322 0.0715
vn -0.5332 0.8392 0.1071
vn -0.6867 0.7137 0.1379
vn -0.8118 0.5608 0.1629
vn -0.9043 0.3863 0.1815
vn -0.9613 0.1969 0.1929
vn -0.0697 -0.9975 0.0140
vn -0.1514 0.9880 0.0308
vn -0.9224 0.3863 -0.0000
vn -0.9804 0.1969 -0.0000
vn -0.0699 -0.9976 -0.0000
vn -0.1544 0.9880 -0.0000
vn -0.3621 0.9322 -0.0000
vn -0.5439 0.8392 -0.0000
vn -0.7004 0.7137 -0.0000
vn -0.8279 0.5608 -0.0000
vn -0.5332 0.8392 -0.1071
vn -0.6867 0.7137 -0.1379
vn -0.8118 0.5608 -0.1629
vn -0.9043 0.3863 -0.1815
vn -0.9613 0.1969 -0.1929
vn -0.0697 -0.9975 -0.0140
vn -0.1514 0.9880 -0.0308
vn -0.3549 0.9322 -0.0715
vn -0.9045 0.1969 -0.3782
vn -0.0690 -0.9972 -0.0288
vn -0.1427 0.9879 -0.0604
vn -0.3338 0.9322 -0.1401
vn -0.5016 0.8392 -0.2101
vn -0.6461 0.7138 -0.2704
vn -0.7638 0.5608 -0.3195
vn -0.8510 0.3863 -0.3559
vn -0.4504 0.8392 -0.3048
vn -0.5802 0.7138 -0.3923
vn -0.6860 0.5608 -0.4636
vn -0.7643 0.3863 -0.5164
vn -0.8124 0.1969 -0.5488
vn -0.0675 -0.9967 -0.0456
vn -0.1288 0.9878 -0.0879
vn -0.2997 0.9321 -0.2033
vn -0.6885 0.1969 -0.6980
vn -0.0648 -0.9957 -0.0657
vn -0.1103 0.9875 -0.1128
vn -0.2540 0.9320 -0.2585
vn -0.3816 0.8392 -0.3875
vn -0.4917 0.7137 -0.4988
vn -0.5813 0.5608 -0.5895
vn -0.6477 0.3863 -0.6567
vn -0.3841 0.7136 -0.5858
vn -0.4542 0.5607 -0.6923
vn -0.5060 0.3862 -0.7712
vn -0.5379 0.1969 -0.8197
vn -0.0596 -0.9941 -0.0908
vn -0.0879 0.9870 -0.1347
vn -0.1986 0.9318 -0.3039
vn -0.2982 0.8390 -0.4552
vn -0.0621 0.9862 -0.1537
vn -0.1361 0.9312 -0.3382
vn -0.2038 0.8385 -0.5053
vn -0.2624 0.7133 -0.6499
vn -0.3101 0.5605 -0.7679
vn -0.3455 0.3861 -0.8553
vn -0.3673 0.1968 -0.9091
vn -0.0493 -0.9913 -0.1220
vn -0.1565 0.5600 -0.8136
vn -0.1743 0.3857 -0.9060
vn -0.1852 0.1967 -0.9628
vn -0.0297 -0.9876 -0.1543
vn -0.0326 0.9852 -0.1683
vn -0.0691 0.9303 -0.3603
vn -0.1030 0.8378 -0.5362
vn -0.1324 0.7126 -0.6889
vn 0.0126 -0.9999 -0.0000
vn 0.0037 1.0000 0.0039
vn -0.9986 -0.0247 0.0466
vn 0.9983 -0.0000 -0.0578
vn 0.0263 -0.0000 0.9997
vn -0.0037 1.0000 0.0039
vn -0.0000 -0.0028 -1.0000
vn 0.0205 -0.0114 -0.9997
vn 0.0087 1.0000 -0.0004
vn -0.9983 -0.0000 -0.0578
vn -0.9999 -0.0148 0.0026
vn -0.0126 -0.9999 -0.0000
vn 0.9999 -0.0148 0.0026
vn 0.9986 -0.0247 0.0466
vn -0.0087 1.0000 -0.0004
vn -0.9982 0.0596 -0.0004
vn -0.0205 -0.0114 -0.9997
vn 0.0140 -0.0062 0.9999
vn -0.9996 0.0051 0.0292
vn 0.0134 0.0023 -0.9999
vn -1.0000 -0.0062 -0.0000
vn -0.0000 1.0000 0.0056
vn -0.0000 0.9999 -0.0122
vn 0.0013 1.0000 -0.0001
vn -0.0000 -0.9999 0.0122
vn -0.0000 -0.9999 -0.0122
vn -0.0000 -0.0135 -0.9999
vn -0.0263 -0.0000 0.9997
vn 1.0000 -0.0062 -0.0000
vn -0.0000 -0.0028 1.0000
vn -0.9996 0.0051 -0.0292
vn 0.9996 0.0051 0.0292
vn -0.0134 0.0023 -0.9999
vn -0.0134 0.0023 0.9999
vn 0.0134 0.0023 0.9999
vn 0.9996 0.0051 -0.0292
vn -1.0000 -0.0029 -0.0000
vn -0.0383 -0.0040 0.9993
vn -0.0002 0.0271 -0.9996
vn 0.9995 -0.0142 -0.0297
vn 0.9982 0.0596 -0.0004
vn 0.0002 0.0271 -0.9996
vn -0.9995 -0.0142 -0.0297
vn -0.0140 -0.0062 0.9999
vn -0.0000 0.0072 -1.0000
vn -0.0016 1.0000 0.0096
vn 0.0016 1.0000 0.0096
vn -0.0000 -0.9999 -0.0170
vn -0.0000 0.0210 0.9998
vn 0.1038 -0.0085 -0.9946
vn 0.0383 -0.0040 0.9993
vn 1.0000 -0.0029 -0.0000
vn -0.1038 -0.0085 -0.9946
vn 0.9358 -0.0000 -0.3524
vn 0.0836 0.0083 0.9965
vn -0.0000 0.3490 0.9371
vn -0.0850 0.0083 0.9963
vn 0.0002 -0.0000 1.0000
vn -0.0000 0.9999 -0.0137
vn -0.9995 -0.0000 -0.0325
vn -0.0000 -0.9999 -0.0137
vn 0.9721 0.2345 -0.0000
vn -0.0000 1.0000 -0.0067
vn -0.0013 1.0000 -0.0001
vn -0.0000 0.1088 -0.9941
vn -0.9721 0.2345 -0.0000
vn -0.0000 0.1088 0.9941
vn 0.9981 -0.0612 -0.0000
vn -0.9981 0.0611 -0.0000
vn -0.6014 0.7990 -0.0000
vn 0.6014 -0.7990 -0.0000
vn 0.8217 0.5687 -0.0371
vn -0.0193 0.0336 0.9992
vn -0.8217 -0.5687 0.0371
vn 0.0193 -0.0336 -0.9992
vn -0.5151 0.8568 0.0243
vn 0.5151 -0.8568 -0.0243
vn 0.9907 -0.0000 -0.1361
vn -0.0369 -0.0000 -0.9993
vn 0.0369 -0.0000 -0.9993
vn -0.0000 -0.0907 -0.9959
vn -0.0000 0.0907 -0.9959
vn -0.0000 -0.4972 -0.8676
vn -0.0000 -1.0000 -0.0092
vn -0.9907 -0.0000 -0.1361
vn -0.0000 1.0000 -0.0092
vn -0.0129 -0.0000 -0.9999
vn 0.0129 -0.0000 -0.9999
vn -0.0000 -0.1882 -0.9821
vn -0.0000 0.1882 -0.9821
vn -0.7784 -0.0000 -0.6278
vn -0.0000 0.4972 -0.8676
vn 0.7784 -0.0000 -0.6278
vn -0.0000 -0.9284 0.3715
vn -0.0724 -0.9296 0.3615
vn -0.0333 -0.9843 0.1732
vn -0.0000 -0.9818 0.1897
vn -0.0000 -0.8368 0.5476
vn -0.1051 -0.8375 0.5361
vn -0.0000 -0.7120 0.7022
vn -0.1343 -0.7125 0.6887
vn -0.0000 -0.5595 0.8288
vn -0.1582 -0.5599 0.8133
vn -0.0000 -0.3854 0.9227
vn -0.1760 -0.3857 0.9057
vn -0.0000 -0.1965 0.9805
vn -0.1869 -0.1966 0.9625
vn -0.0000 -0.9925 0.1224
vn -0.0224 -0.9931 0.1154
vn -0.0396 -0.9944 0.0976
vn -0.3690 -0.1968 0.9083
vn -0.0621 -0.9857 0.1569
vn -0.1401 -0.9307 0.3378
vn -0.2060 -0.8385 0.5044
vn -0.2643 -0.7133 0.6491
vn -0.3120 -0.5605 0.7672
vn -0.3473 -0.3861 0.8546
vn -0.4552 -0.5608 0.6916
vn -0.3852 -0.7136 0.5851
vn -0.5070 -0.3863 0.7705
vn -0.5389 -0.1969 0.8190
vn -0.0506 -0.9958 0.0769
vn -0.0914 -0.9856 0.1423
vn -0.2020 -0.9312 0.3036
vn -0.2995 -0.8390 0.4544
vn -0.1202 -0.9849 0.1243
vn -0.2567 -0.9313 0.2583
vn -0.3823 -0.8391 0.3870
vn -0.4922 -0.7138 0.4983
vn -0.5818 -0.5608 0.5891
vn -0.6482 -0.3863 0.6562
vn -0.6890 -0.1969 0.6975
vn -0.0570 -0.9967 0.0577
vn -0.6862 -0.5608 0.4633
vn -0.5804 -0.7138 0.3920
vn -0.7645 -0.3863 0.5161
vn -0.8126 -0.1969 0.5486
vn -0.0608 -0.9973 0.0410
vn -0.1469 -0.9840 0.1012
vn -0.3019 -0.9314 0.2031
vn -0.4507 -0.8391 0.3044
vn -0.3358 -0.9315 0.1400
vn -0.1690 -0.9830 0.0721
vn -0.5018 -0.8391 0.2099
vn -0.6462 -0.7137 0.2702
vn -0.7639 -0.5608 0.3193
vn -0.8510 -0.3863 0.3557
vn -0.9046 -0.1969 0.3781
vn -0.0629 -0.9977 0.0263
vn -0.9044 -0.3863 0.1814
vn -0.8118 -0.5608 0.1628
vn -0.9613 -0.1969 0.1928
vn -0.0640 -0.9979 0.0128
vn -0.1838 -0.9822 0.0377
vn -0.3567 -0.9315 0.0714
vn -0.5333 -0.8391 0.1071
vn -0.6867 -0.7137 0.1378
vn -0.3637 -0.9315 -0.0000
vn -0.1891 -0.9820 -0.0000
vn -0.5440 -0.8391 -0.0000
vn -0.7004 -0.7137 -0.0000
vn -0.8279 -0.5608 -0.0000
vn -0.9224 -0.3863 -0.0000
vn -0.9804 -0.1969 -0.0000
vn -0.0644 -0.9979 -0.0000
vn -0.9044 -0.3863 -0.1814
vn -0.8118 -0.5608 -0.1628
vn -0.9613 -0.1969 -0.1928
vn -0.0640 -0.9979 -0.0128
vn -0.1838 -0.9822 -0.0377
vn -0.3567 -0.9315 -0.0714
vn -0.5333 -0.8391 -0.1071
vn -0.6867 -0.7137 -0.1378
vn -0.5018 -0.8391 -0.2099
vn -0.3358 -0.9315 -0.1400
vn -0.6462 -0.7137 -0.2702
vn -0.7639 -0.5608 -0.3193
vn -0.8510 -0.3863 -0.3557
vn -0.9046 -0.1969 -0.3781
vn -0.0629 -0.9977 -0.0263
vn -0.1690 -0.9830 -0.0721
vn -0.8126 -0.1969 -0.5486
vn -0.7645 -0.3863 -0.5161
vn -0.0608 -0.9973 -0.0410
vn -0.1469 -0.9840 -0.1012
vn -0.3019 -0.9314 -0.2031
vn -0.4507 -0.8391 -0.3044
vn -0.5804 -0.7138 -0.3920
vn -0.6862 -0.5608 -0.4633
vn -0.4922 -0.7138 -0.4983
vn -0.3823 -0.8391 -0.3870
vn -0.5818 -0.5608 -0.5891
vn -0.6482 -0.3863 -0.6562
vn -0.6890 -0.1969 -0.6975
vn -0.0570 -0.9967 -0.0577
vn -0.1202 -0.9849 -0.1243
vn -0.2567 -0.9313 -0.2583
vn -0.0506 -0.9958 -0.0769
vn -0.5389 -0.1969 -0.8190
vn -0.0914 -0.9856 -0.1423
vn -0.2020 -0.9312 -0.3036
vn -0.2995 -0.8390 -0.4544
vn -0.3852 -0.7136 -0.5851
vn -0.4552 -0.5608 -0.6916
vn -0.5070 -0.3863 -0.7705
vn -0.2643 -0.7133 -0.6491
vn -0.2060 -0.8385 -0.5044
vn -0.3120 -0.5605 -0.7672
vn -0.3473 -0.3861 -0.8546
vn -0.3690 -0.1968 -0.9083
vn -0.0396 -0.9944 -0.0976
vn -0.0621 -0.9857 -0.1569
vn -0.1401 -0.9307 -0.3378
vn -0.0224 -0.9931 -0.1154
vn -0.1869 -0.1966 -0.9625
vn -0.0333 -0.9843 -0.1732
vn -0.0724 -0.9296 -0.3615
vn -0.1051 -0.8375 -0.5361
vn -0.1343 -0.7125 -0.6887
vn -0.1582 -0.5599 -0.8133
vn -0.1760 -0.3857 -0.9057
vn -0.0000 -0.5595 -0.8288
vn -0.0000 -0.7120 -0.7022
vn -0.0000 -0.3854 -0.9227
vn -0.0000 -0.1965 -0.9805
vn -0.0000 -0.9925 -0.1224
vn -0.0000 -0.9818 -0.1897
vn -0.0000 -0.9284 -0.3715
vn -0.0000 -0.8368 -0.5476
vn 0.0333 -0.9843 -0.1732
vn 0.0724 -0.9296 -0.3615
vn 0.1051 -0.8375 -0.5361
vn 0.1343 -0.7125 -0.6887
vn 0.1582 -0.5599 -0.8133
vn 0.1760 -0.3857 -0.9057
vn 0.1869 -0.1966 -0.9625
vn 0.0224 -0.9931 -0.1154
vn 0.3120 -0.5605 -0.7672
vn 0.2643 -0.7133 -0.6491
vn 0.3473 -0.3861 -0.8546
vn 0.3690 -0.1968 -0.9083
vn 0.0396 -0.9944 -0.0976
vn 0.0621 -0.9857 -0.1569
vn 0.1401 -0.9307 -0.3378
vn 0.2060 -0.8385 -0.5044
vn 0.2020 -0.9312 -0.3036
vn 0.0914 -0.9856 -0.1423
vn 0.2995 -0.8390 -0.4544
vn 0.3852 -0.7136 -0.5851
vn 0.4552 -0.5607 -0.6916
vn 0.5070 -0.3863 -0.7705
vn 0.5389 -0.1969 -0.8190
vn 0.0506 -0.9958 -0.0769
vn 0.6482 -0.3863 -0.6562
vn 0.5818 -0.5608 -0.5891
vn 0.6890 -0.1969 -0.6975
vn 0.0570 -0.9967 -0.0577
vn 0.1202 -0.9849 -0.1243
vn 0.2567 -0.9313 -0.2583
vn 0.3823 -0.8391 -0.3870
vn 0.4922 -0.7138 -0.4983
vn 0.4507 -0.8391 -0.3044
vn 0.3019 -0.9314 -0.2031
vn 0.5804 -0.7138 -0.3920
vn 0.6862 -0.5608 -0.4633
vn 0.7645 -0.3863 -0.5161
vn 0.8126 -0.1969 -0.5486
vn 0.0608 -0.9973 -0.0410
vn 0.1469 -0.9840 -0.1012
vn 0.9046 -0.1969 -0.3781
vn 0.8510 -0.3863 -0.3557
vn 0.0629 -0.9977 -0.0263
vn 0.1690 -0.9830 -0.0721
vn 0.3358 -0.9315 -0.1400
vn 0.5018 -0.8391 -0.2099
vn 0.6462 -0.7137 -0.2702
vn 0.7639 -0.5608 -0.3193
vn 0.5333 -0.8391 -0.1071
vn 0.3567 -0.9315 -0.0714
vn 0.6867 -0.7137 -0.1378
vn 0.8118 -0.5608 -0.1628
vn 0.9044 -0.3863 -0.1814
vn 0.9613 -0.1969 -0.1928
vn 0.0640 -0.9979 -0.0128
vn 0.1838 -0.9822 -0.0377
vn 0.9804 -0.1969 -0.0000
vn 0.9224 -0.3863 -0.0000
vn 0.0644 -0.9979 -0.0000
vn 0.1891 -0.9820 -0.0000
vn 0.3637 -0.9315 -0.0000
vn 0.5440 -0.8391 -0.0000
vn 0.7004 -0.7137 -0.0000
vn 0.8279 -0.5608 -0.0000
vn 0.6867 -0.7137 0.1378
vn 0.5333 -0.8391 0.1071
vn 0.8118 -0.5608 0.1628
vn 0.9044 -0.3863 0.1814
vn 0.9613 -0.1969 0.1928
vn 0.0640 -0.9979 0.0128
vn 0.1838 -0.9822 0.0377
vn 0.3567 -0.9315 0.0714
vn 0.0629 -0.9977 0.0263
vn 0.9046 -0.1969 0.3781
vn 0.1690 -0.9830 0.0721
vn 0.3358 -0.9315 0.1400
vn 0.5018 -0.8391 0.2099
vn 0.6462 -0.7137 0.2702
vn 0.7639 -0.5608 0.3193
vn 0.8510 -0.3863 0.3557
vn 0.5804 -0.7138 0.3920
vn 0.4507 -0.8391 0.3044
vn 0.6862 -0.5608 0.4633
vn 0.7645 -0.3863 0.5161
vn 0.8126 -0.1969 0.5486
vn 0.0608 -0.9973 0.0410
vn 0.1469 -0.9840 0.1012
vn 0.3019 -0.9314 0.2031
vn 0.0570 -0.9967 0.0577
vn 0.6890 -0.1969 0.6975
vn 0.1202 -0.9849 0.1243
vn 0.2567 -0.9313 0.2583
vn 0.3823 -0.8391 0.3870
vn 0.4922 -0.7138 0.4983
vn 0.5818 -0.5608 0.5891
vn 0.6482 -0.3863 0.6562
vn 0.4552 -0.5607 0.6916
vn 0.3852 -0.7136 0.5851
vn 0.5070 -0.3863 0.7705
vn 0.5389 -0.1969 0.8190
vn 0.0506 -0.9958 0.0769
vn 0.0914 -0.9856 0.1423
vn 0.2020 -0.9312 0.3036
vn 0.2995 -0.8390 0.4544
vn 0.1401 -0.9307 0.3378
vn 0.0621 -0.9857 0.1569
vn 0.2060 -0.8385 0.5044
vn 0.2643 -0.7133 0.6491
vn 0.3120 -0.5605 0.7672
vn 0.3473 -0.3861 0.8546
vn 0.3690 -0.1968 0.9083
vn 0.0396 -0.9944 0.0976
vn 0.1760 -0.3857 0.9057
vn 0.1582 -0.5599 0.8133
vn 0.1869 -0.1966 0.9625
vn 0.0224 -0.9931 0.1154
vn 0.0333 -0.9843 0.1732
vn 0.0724 -0.9296 0.3615
vn 0.1051 -0.8375 0.5361
vn 0.1343 -0.7125 0.6887
vt 0.636037 0.728692
vt 0.625000 0.728692
vt 0.625000 0.521308
vt 0.636037 0.521308
vt 0.363963 0.728692
vt 0.375000 0.728692
vt 0.375000 0.750000
vt 0.363963 0.750000
vt 0.625000 0.750000
vt 0.375000 0.228692
vt 0.625000 0.228692
vt 0.625000 0.250000
vt 0.375000 0.250000
vt 0.375000 0.488963
vt 0.625000 0.488963
vt 0.625000 0.500000
vt 0.375000 0.500000
vt 0.125000 0.728692
vt 0.136037 0.728692
vt 0.136037 0.750000
vt 0.125000 0.750000
vt 0.875000 0.521308
vt 0.863963 0.521308
vt 0.625000 0.761037
vt 0.375000 0.761037
vt 0.363963 0.521308
vt 0.375000 0.521308
vt 0.875000 0.728692
vt 0.863963 0.728692
vt 0.375000 0.021308
vt 0.625000 0.021308
vt 0.375000 0.000000
vt 0.625000 0.000000
vt 0.125000 0.521308
vt 0.136037 0.521308
vt 0.136037 0.500000
vt 0.375000 0.988963
vt 0.625000 0.988963
vt 0.625000 1.000000
vt 0.375000 1.000000
vt 0.863963 0.500000
vt 0.363963 0.500000
vt 0.863963 0.750000
vt 0.636037 0.750000
vt 0.375000 0.261037
vt 0.625000 0.261037
vt 0.636037 0.500000
vt 0.875000 0.500000
vt 0.875000 0.750000
vt 0.000000 0.000000
vt 0.125000 0.500000
vt 0.617248 0.976346
vt 0.382752 0.976346
vt 0.617248 0.773654
vt 0.382752 0.773654
vt 0.576744 0.858796
vt 0.576744 0.891204
vt 0.423256 0.891204
vt 0.423256 0.858796
vt 0.750000 0.875000
vt 0.750000 0.937500
vt 0.718750 0.937500
vt 0.718750 0.875000
vt 0.750000 0.812500
vt 0.718750 0.812500
vt 0.750000 0.750000
vt 0.718750 0.750000
vt 0.750000 0.687500
vt 0.718750 0.687500
vt 0.750000 0.625000
vt 0.718750 0.625000
vt 0.750000 0.562500
vt 0.718750 0.562500
vt 0.750000 0.500000
vt 0.718750 0.500000
vt 0.734375 1.000000
vt 0.687500 0.562500
vt 0.687500 0.500000
vt 0.703125 1.000000
vt 0.687500 0.937500
vt 0.687500 0.875000
vt 0.687500 0.812500
vt 0.687500 0.750000
vt 0.687500 0.687500
vt 0.687500 0.625000
vt 0.656250 0.750000
vt 0.656250 0.687500
vt 0.656250 0.625000
vt 0.656250 0.562500
vt 0.656250 0.500000
vt 0.671875 1.000000
vt 0.656250 0.937500
vt 0.656250 0.875000
vt 0.656250 0.812500
vt 0.640625 1.000000
vt 0.625000 0.937500
vt 0.625000 0.875000
vt 0.625000 0.812500
vt 0.625000 0.687500
vt 0.625000 0.625000
vt 0.625000 0.562500
vt 0.593750 0.750000
vt 0.593750 0.687500
vt 0.593750 0.625000
vt 0.593750 0.562500
vt 0.593750 0.500000
vt 0.609375 1.000000
vt 0.593750 0.937500
vt 0.593750 0.875000
vt 0.593750 0.812500
vt 0.562500 0.937500
vt 0.562500 0.875000
vt 0.562500 0.812500
vt 0.562500 0.750000
vt 0.562500 0.687500
vt 0.562500 0.625000
vt 0.562500 0.562500
vt 0.562500 0.500000
vt 0.578125 1.000000
vt 0.531250 0.687500
vt 0.531250 0.625000
vt 0.531250 0.562500
vt 0.531250 0.500000
vt 0.546875 1.000000
vt 0.531250 0.937500
vt 0.531250 0.875000
vt 0.531250 0.812500
vt 0.531250 0.750000
vt 0.500000 0.937500
vt 0.500000 0.875000
vt 0.500000 0.812500
vt 0.500000 0.750000
vt 0.500000 0.687500
vt 0.500000 0.625000
vt 0.500000 0.562500
vt 0.500000 0.500000
vt 0.515625 1.000000
vt 0.468750 0.687500
vt 0.468750 0.625000
vt 0.468750 0.562500
vt 0.468750 0.500000
vt 0.484375 1.000000
vt 0.468750 0.937500
vt 0.468750 0.875000
vt 0.468750 0.812500
vt 0.468750 0.750000
vt 0.437500 0.875000
vt 0.437500 0.812500
vt 0.437500 0.750000
vt 0.437500 0.687500
vt 0.437500 0.625000
vt 0.437500 0.562500
vt 0.437500 0.500000
vt 0.453125 1.000000
vt 0.437500 0.937500
vt 0.406250 0.625000
vt 0.406250 0.562500
vt 0.406250 0.500000
vt 0.421875 1.000000
vt 0.406250 0.937500
vt 0.406250 0.875000
vt 0.406250 0.812500
vt 0.406250 0.750000
vt 0.406250 0.687500
vt 0.375000 0.812500
vt 0.375000 0.750000
vt 0.375000 0.687500
vt 0.375000 0.625000
vt 0.375000 0.562500
vt 0.375000 0.500000
vt 0.390625 1.000000
vt 0.375000 0.937500
vt 0.375000 0.875000
vt 0.343750 0.562500
vt 0.343750 0.500000
vt 0.359375 1.000000
vt 0.343750 0.937500
vt 0.343750 0.875000
vt 0.343750 0.812500
vt 0.343750 0.750000
vt 0.343750 0.687500
vt 0.343750 0.625000
vt 0.312500 0.812500
vt 0.312500 0.750000
vt 0.312500 0.687500
vt 0.312500 0.625000
vt 0.312500 0.562500
vt 0.312500 0.500000
vt 0.328125 1.000000
vt 0.312500 0.937500
vt 0.312500 0.875000
vt 0.281250 0.562500
vt 0.281250 0.500000
vt 0.296875 1.000000
vt 0.281250 0.937500
vt 0.281250 0.875000
vt 0.281250 0.812500
vt 0.281250 0.750000
vt 0.281250 0.687500
vt 0.281250 0.625000
vt 0.250000 0.750000
vt 0.250000 0.687500
vt 0.250000 0.625000
vt 0.250000 0.562500
vt 0.250000 0.500000
vt 0.265625 1.000000
vt 0.250000 0.937500
vt 0.250000 0.875000
vt 0.250000 0.812500
vt 0.234375 1.000000
vt 0.218750 0.937500
vt 0.218750 0.875000
vt 0.218750 0.812500
vt 0.218750 0.750000
vt 0.218750 0.687500
vt 0.218750 0.625000
vt 0.218750 0.562500
vt 0.218750 0.500000
vt 0.187500 0.750000
vt 0.187500 0.687500
vt 0.187500 0.625000
vt 0.187500 0.562500
vt 0.187500 0.500000
vt 0.203125 1.000000
vt 0.187500 0.937500
vt 0.187500 0.875000
vt 0.187500 0.812500
vt 0.156250 0.937500
vt 0.156250 0.875000
vt 0.156250 0.812500
vt 0.156250 0.750000
vt 0.156250 0.687500
vt 0.156250 0.625000
vt 0.156250 0.562500
vt 0.156250 0.500000
vt 0.171875 1.000000
vt 0.125000 0.687500
vt 0.125000 0.625000
vt 0.125000 0.562500
vt 0.125000 0.500000
vt 0.140625 1.000000
vt 0.125000 0.937500
vt 0.125000 0.875000
vt 0.125000 0.812500
vt 0.125000 0.750000
vt 0.093750 0.875000
vt 0.093750 0.812500
vt 0.093750 0.750000
vt 0.093750 0.687500
vt 0.093750 0.625000
vt 0.093750 0.562500
vt 0.093750 0.500000
vt 0.109375 1.000000
vt 0.093750 0.937500
vt 0.062500 0.625000
vt 0.062500 0.562500
vt 0.062500 0.500000
vt 0.078125 1.000000
vt 0.062500 0.937500
vt 0.062500 0.875000
vt 0.062500 0.812500
vt 0.062500 0.750000
vt 0.062500 0.687500
vt 0.031250 0.875000
vt 0.031250 0.812500
vt 0.031250 0.750000
vt 0.031250 0.687500
vt 0.031250 0.625000
vt 0.031250 0.562500
vt 0.031250 0.500000
vt 0.046875 1.000000
vt 0.031250 0.937500
vt 0.000000 0.625000
vt 0.000000 0.562500
vt 0.000000 0.500000
vt 0.015625 1.000000
vt 0.000000 0.937500
vt 0.000000 0.875000
vt 0.000000 0.812500
vt 0.000000 0.750000
vt 0.000000 0.687500
vt 1.000000 0.750000
vt 1.000000 0.812500
vt 0.968750 0.812500
vt 0.968750 0.750000
vt 1.000000 0.687500
vt 0.968750 0.687500
vt 1.000000 0.625000
vt 0.968750 0.625000
vt 1.000000 0.562500
vt 0.968750 0.562500
vt 1.000000 0.500000
vt 0.968750 0.500000
vt 1.000000 0.937500
vt 0.984375 1.000000
vt 0.968750 0.937500
vt 1.000000 0.875000
vt 0.968750 0.875000
vt 0.937500 0.562500
vt 0.937500 0.500000
vt 0.953125 1.000000
vt 0.937500 0.937500
vt 0.937500 0.875000
vt 0.937500 0.812500
vt 0.937500 0.750000
vt 0.937500 0.687500
vt 0.937500 0.625000
vt 0.906250 0.812500
vt 0.906250 0.750000
vt 0.906250 0.687500
vt 0.906250 0.625000
vt 0.906250 0.562500
vt 0.906250 0.500000
vt 0.921875 1.000000
vt 0.906250 0.937500
vt 0.906250 0.875000
vt 0.875000 0.562500
vt 0.875000 0.500000
vt 0.890625 1.000000
vt 0.875000 0.937500
vt 0.875000 0.875000
vt 0.875000 0.812500
vt 0.875000 0.750000
vt 0.875000 0.687500
vt 0.875000 0.625000
vt 0.843750 0.750000
vt 0.843750 0.687500
vt 0.843750 0.625000
vt 0.843750 0.562500
vt 0.843750 0.500000
vt 0.859375 1.000000
vt 0.843750 0.937500
vt 0.843750 0.875000
vt 0.843750 0.812500
vt 0.812500 0.937500
vt 0.812500 0.875000
vt 0.812500 0.812500
vt 0.812500 0.750000
vt 0.812500 0.687500
vt 0.812500 0.625000
vt 0.812500 0.562500
vt 0.812500 0.500000
vt 0.828125 1.000000
vt 0.781250 0.687500
vt 0.781250 0.625000
vt 0.781250 0.562500
vt 0.781250 0.500000
vt 0.796875 1.000000
vt 0.781250 0.937500
vt 0.781250 0.875000
vt 0.781250 0.812500
vt 0.781250 0.750000
vt 0.765625 1.000000
s 0
usemtl Material
f 30/1/1 12/2/1 11/3/1 31/4/1
f 26/5/2 15/6/2 4/7/2 19/8/2
f 15/6/3 12/2/3 3/9/3 4/7/3
f 10/10/4 14/11/4 5/12/4 6/13/4
f 24/14/5 18/15/5 1/16/5 2/17/5
f 9/18/2 25/19/2 20/20/2 8/21/2
f 14/22/6 32/23/6 46/23/6 35/22/6
f 4/7/6 3/9/6 22/24/6 19/25/6
f 15/6/2 26/5/2 27/26/2 16/27/2
f 2/17/3 1/16/3 11/3/3 16/27/3
f 12/2/3 15/6/3 16/27/3 11/3/3
f 13/28/1 29/29/1 32/23/1 14/22/1
f 14/11/4 10/10/4 9/30/4 13/31/4
f 8/32/4 7/33/4 13/31/4 9/30/4
f 25/19/2 9/18/2 10/34/2 28/35/2
f 23/36/3 28/35/3 55/35/3 56/36/3
f 20/37/6 21/38/6 7/39/6 8/40/6
f 24/14/5 2/17/5 51/17/5 53/14/5
f 3/9/3 12/2/3 37/2/3 38/9/3
f 22/24/6 3/9/6 38/9/6 43/24/6
f 32/23/3 17/41/3 45/41/3 46/23/3
f 26/5/2 19/8/2 20/20/2 25/19/2
f 24/42/2 27/26/2 28/35/2 23/36/2
f 25/19/2 28/35/2 76/35/2 73/19/2
f 30/1/1 31/4/1 32/23/1 29/29/1
f 29/29/1 21/43/1 22/44/1 30/1/1
f 18/15/5 24/14/5 23/45/5 17/46/5
f 17/41/1 32/23/1 31/4/1 18/47/1
f 21/38/6 20/37/6 19/25/6 22/24/6
f 6/13/5 5/12/5 17/46/5 23/45/5
f 37/2/1 44/1/1 43/44/1 38/9/1
f 40/16/1 48/47/1 47/4/1 39/3/1
f 45/41/1 36/48/1 35/22/1 46/23/1
f 41/29/1 34/28/1 33/49/1 42/43/1
f 18/47/4 31/4/4 47/4/4 48/47/4
f 29/29/5 13/28/5 34/28/5 41/29/5
f 11/3/3 1/16/3 40/16/3 39/3/3
f 21/43/3 29/29/3 41/29/3 42/43/3
f 12/2/5 30/1/5 44/1/5 37/2/5
f 13/31/4 7/33/4 33/33/4 34/31/4
f 30/1/4 22/44/4 43/44/4 44/1/4
f 7/39/6 21/38/6 42/38/6 33/39/6
f 17/46/5 5/12/5 36/12/5 45/46/5
f 1/16/5 18/15/5 48/15/5 40/16/5
f 5/12/4 14/11/4 35/11/4 36/12/4
f 31/4/6 11/3/6 39/3/6 47/4/6
f 51/17/3 52/27/3 60/27/3 59/17/3
f 53/14/5 51/17/5 59/17/5 61/14/5
f 28/35/6 10/34/6 49/34/6 55/35/6
f 10/10/4 6/13/4 50/13/4 49/10/4
f 27/26/4 24/42/4 53/42/4 54/26/4
f 16/27/6 27/26/6 54/26/6 52/27/6
f 2/17/3 16/27/3 52/27/3 51/17/3
f 6/13/5 23/45/5 56/45/5 50/13/5
f 53/50/6 56/50/6 64/50/6 61/50/6
f 61/42/2 59/17/2 60/27/2 62/26/2
f 58/51/2 64/36/2 63/35/2 57/34/2
f 62/26/1 61/42/1 64/36/1 63/35/1
f 62/26/5 63/35/5 68/35/5 67/26/5
f 55/35/6 49/34/6 57/34/6 63/35/6
f 50/13/5 56/45/5 64/45/5 58/13/5
f 49/10/4 50/13/4 58/13/4 57/10/4
f 52/27/6 54/26/6 62/26/6 60/27/6
f 54/26/5 62/26/5 67/26/5 65/26/5
f 55/50/5 54/50/5 65/50/5 66/50/5
f 63/35/5 55/35/5 66/35/5 68/35/5
f 28/35/2 27/26/2 75/26/2 76/35/2
f 26/5/2 25/19/2 73/19/2 74/5/2
f 27/26/2 26/5/2 74/5/2 75/26/2
f 81/32/9 82/33/9 84/12/9 83/13/9
f 83/13/5 84/12/5 88/16/5 87/17/5
f 87/17/10 88/16/10 86/9/10 85/7/10
f 85/7/6 86/9/6 82/39/6 81/40/6
f 83/51/11 87/17/11 85/7/11 81/21/11
f 88/16/12 84/48/12 82/49/12 86/9/12
f 105/32/4 106/33/4 100/12/4 99/13/4
f 99/13/5 100/12/5 104/16/5 103/17/5
f 103/17/3 104/16/3 107/9/3 108/7/3
f 98/52/4 97/53/4 113/53/4 114/52/4
f 99/51/2 103/17/2 108/7/2 105/21/2
f 104/16/1 100/48/1 106/49/1 107/9/1
f 97/53/6 98/52/6 106/39/6 105/40/6
f 102/54/6 101/55/6 108/7/6 107/9/6
f 101/55/6 97/53/6 105/40/6 108/7/6
f 98/52/6 102/54/6 107/9/6 106/39/6
f 111/56/6 110/57/6 118/57/6 119/56/6
f 102/54/1 98/52/1 114/52/1 115/54/1
f 101/55/3 102/54/3 115/54/3 116/55/3
f 97/53/2 101/55/2 116/55/2 113/53/2
f 109/58/6 110/57/6 114/52/6 113/53/6
f 111/56/6 112/59/6 116/55/6 115/54/6
f 112/59/6 109/58/6 113/53/6 116/55/6
f 110/57/6 111/56/6 115/54/6 114/52/6
f 117/58/2 120/59/2 124/59/2 121/58/2
f 112/59/5 111/56/5 119/56/5 120/59/5
f 109/58/6 112/59/6 120/59/6 117/58/6
f 110/57/5 109/58/5 117/58/5 118/57/5
f 124/59/6 123/56/6 122/57/6 121/58/6
f 118/57/4 117/58/4 121/58/4 122/57/4
f 119/56/1 118/57/1 122/57/1 123/56/1
f 120/59/3 119/56/3 123/56/3 124/59/3
f 411/1/275 412/4/275 392/3/275 393/2/275
f 407/5/276 400/8/276 385/7/276 396/6/276
f 396/6/277 385/7/277 384/9/277 393/2/277
f 391/10/278 387/13/278 386/12/278 395/11/278
f 405/14/279 383/17/279 382/16/279 399/15/279
f 390/18/280 389/21/280 401/20/280 406/19/280
f 395/22/281 416/22/281 427/23/281 413/23/281
f 385/7/282 400/25/282 403/24/282 384/9/282
f 396/6/283 397/27/283 408/26/283 407/5/283
f 383/17/284 397/27/284 392/3/284 382/16/284
f 393/2/285 392/3/285 397/27/285 396/6/285
f 394/28/286 395/22/286 413/23/286 410/29/286
f 395/11/287 394/31/287 390/30/287 391/10/287
f 389/32/288 390/30/288 394/31/288 388/33/288
f 406/19/289 409/35/289 391/34/289 390/18/289
f 404/36/290 437/36/290 436/35/290 409/35/290
f 401/37/291 389/40/291 388/39/291 402/38/291
f 405/14/292 434/14/292 432/17/292 383/17/292
f 384/9/293 419/9/293 418/2/293 393/2/293
f 403/24/294 424/24/294 419/9/294 384/9/294
f 413/23/295 427/23/295 426/41/295 398/41/295
f 407/5/296 406/19/296 401/20/296 400/8/296
f 405/42/297 404/36/297 409/35/297 408/26/297
f 406/19/298 454/19/298 457/35/298 409/35/298
f 411/1/2 410/29/2 413/23/2 412/4/2
f 410/29/299 411/1/299 403/44/299 402/43/299
f 399/15/6 398/46/6 404/45/6 405/14/6
f 398/41/300 399/47/300 412/4/300 413/23/300
f 402/38/301 403/24/301 400/25/301 401/37/301
f 387/13/302 404/45/302 398/46/302 386/12/302
f 418/2/2 419/9/2 424/44/2 425/1/2
f 421/16/2 420/3/2 428/4/2 429/47/2
f 426/41/2 427/23/2 416/22/2 417/48/2
f 422/29/2 423/43/2 414/49/2 415/28/2
f 399/47/303 429/47/303 428/4/303 412/4/303
f 410/29/304 422/29/304 415/28/304 394/28/304
f 392/3/305 420/3/305 421/16/305 382/16/305
f 402/43/295 423/43/295 422/29/295 410/29/295
f 393/2/304 418/2/304 425/1/304 411/1/304
f 394/31/306 415/31/306 414/33/306 388/33/306
f 411/1/303 425/1/303 424/44/303 403/44/303
f 388/39/307 414/39/307 423/38/307 402/38/307
f 398/46/308 426/46/308 417/12/308 386/12/308
f 382/16/309 421/16/309 429/15/309 399/15/309
f 386/12/310 417/12/310 416/11/310 395/11/310
f 412/4/281 428/4/281 420/3/281 392/3/281
f 432/17/311 440/17/311 441/27/311 433/27/311
f 434/14/312 442/14/312 440/17/312 432/17/312
f 409/35/313 436/35/313 430/34/313 391/34/313
f 391/10/314 430/10/314 431/13/314 387/13/314
f 408/26/315 435/26/315 434/42/315 405/42/315
f 397/27/316 433/27/316 435/26/316 408/26/316
f 383/17/317 432/17/317 433/27/317 397/27/317
f 387/13/318 431/13/318 437/45/318 404/45/318
f 434/50/319 442/50/319 445/50/319 437/50/319
f 442/42/320 443/26/320 441/27/320 440/17/320
f 439/51/321 438/34/321 444/35/321 445/36/321
f 443/26/322 444/35/322 445/36/322 442/42/322
f 443/26/323 448/26/323 449/35/323 444/35/323
f 436/35/324 444/35/324 438/34/324 430/34/324
f 431/13/325 439/13/325 445/45/325 437/45/325
f 430/10/326 438/10/326 439/13/326 431/13/326
f 433/27/327 441/27/327 443/26/327 435/26/327
f 435/26/329 446/26/329 448/26/329 443/26/329
f 436/50/330 447/50/330 446/50/330 435/50/330
f 444/35/331 449/35/331 447/35/331 436/35/331
f 409/35/1 457/35/1 456/26/1 408/26/1
f 407/5/337 455/5/337 454/19/337 406/19/337
f 408/26/338 456/26/338 455/5/338 407/5/338
f 462/32/342 464/13/342 465/12/342 463/33/342
f 464/13/6 468/17/6 469/16/6 465/12/6
f 468/17/343 466/7/343 467/9/343 469/16/343
f 466/7/5 462/40/5 463/39/5 467/9/5
f 464/51/344 462/21/344 466/7/344 468/17/344
f 469/16/345 467/9/345 463/49/345 465/48/345
f 486/32/3 480/13/3 481/12/3 487/33/3
f 480/13/6 484/17/6 485/16/6 481/12/6
f 484/17/4 489/7/4 488/9/4 485/16/4
f 479/52/352 495/52/352 494/53/352 478/53/352
f 480/51/1 486/21/1 489/7/1 484/17/1
f 485/16/2 488/9/2 487/49/2 481/48/2
f 478/53/353 486/40/353 487/39/353 479/52/353
f 483/54/354 488/9/354 489/7/354 482/55/354
f 482/55/355 489/7/355 486/40/355 478/53/355
f 479/52/356 487/39/356 488/9/356 483/54/356
f 492/56/357 500/56/357 499/57/357 491/57/357
f 483/54/358 496/54/358 495/52/358 479/52/358
f 482/55/359 497/55/359 496/54/359 483/54/359
f 478/53/360 494/53/360 497/55/360 482/55/360
f 490/58/361 494/53/361 495/52/361 491/57/361
f 492/56/362 496/54/362 497/55/362 493/59/362
f 493/59/363 497/55/363 494/53/363 490/58/363
f 491/57/364 495/52/364 496/54/364 492/56/364
f 498/58/1 502/58/1 505/59/1 501/59/1
f 493/59/365 501/59/365 500/56/365 492/56/365
f 490/58/366 498/58/366 501/59/366 493/59/366
f 491/57/367 499/57/367 498/58/367 490/58/367
f 505/59/5 502/58/5 503/57/5 504/56/5
f 499/57/3 503/57/3 502/58/3 498/58/3
f 500/56/2 504/56/2 503/57/2 499/57/2
f 501/59/4 505/59/4 504/56/4 500/56/4
f 54/26/2 53/42/2 434/42/2 435/26/2
f 56/36/2 55/35/2 436/35/2 437/36/2
f 56/50/2 53/50/2 434/50/2 437/50/2
f 54/50/2 55/50/2 436/50/2 435/50/2
usemtl Material.001
f 73/19/4 76/35/4 80/35/4 77/19/4
f 77/19/2 80/35/2 79/26/2 78/5/2
f 74/5/6 73/19/6 77/19/6 78/5/6
f 75/26/3 74/5/3 78/5/3 79/26/3
f 76/35/5 75/26/5 79/26/5 80/35/5
f 454/19/336 458/19/336 461/35/336 457/35/336
f 458/19/1 459/5/1 460/26/1 461/35/1
f 455/5/339 459/5/339 458/19/339 454/19/339
f 456/26/340 460/26/340 459/5/340 455/5/340
f 457/35/341 461/35/341 460/26/341 456/26/341
usemtl Material.002
f 65/26/7 67/26/7 71/26/7 69/26/7
f 70/50/5 69/50/5 71/50/5 72/50/5
f 66/50/2 65/50/2 69/50/2 70/50/2
f 68/35/8 66/35/8 70/35/8 72/35/8
f 67/26/1 68/35/1 72/35/1 71/26/1
f 446/26/328 450/26/328 452/26/328 448/26/328
f 451/50/332 453/50/332 452/50/332 450/50/332
f 447/50/333 451/50/333 450/50/333 446/50/333
f 449/35/334 453/35/334 451/35/334 447/35/334
f 448/26/335 452/26/335 453/35/335 449/35/335
usemtl Material.003
f 89/32/13 90/33/13 92/12/13 91/13/13
f 91/13/14 92/12/14 96/16/14 95/17/14
f 95/17/15 96/16/15 94/9/15 93/7/15
f 93/7/16 94/9/16 90/39/16 89/40/16
f 91/51/17 95/17/17 93/7/17 89/21/17
f 96/16/18 92/48/18 90/49/18 94/9/18
f 470/32/346 472/13/346 473/12/346 471/33/346
f 472/13/347 476/17/347 477/16/347 473/12/347
f 476/17/348 474/7/348 475/9/348 477/16/348
f 474/7/349 470/40/349 471/39/349 475/9/349
f 472/51/350 470/21/350 474/7/350 476/17/350
f 477/16/351 475/9/351 471/49/351 473/48/351
s 1
usemtl Material.004
f 379/60/19 378/61/20 129/62/21 130/63/22
f 125/64/23 379/60/19 130/63/22 131/65/24
f 380/66/25 125/64/23 131/65/24 132/67/26
f 126/68/27 380/66/25 132/67/26 133/69/28
f 381/70/29 126/68/27 133/69/28 134/71/30
f 127/72/31 381/70/29 134/71/30 135/73/32
f 128/74/33 127/72/31 135/73/32 136/75/34
f 378/61/20 169/76/1 129/62/21
f 136/75/34 135/73/32 143/77/35 144/78/36
f 129/62/21 169/79/1 137/80/37
f 130/63/22 129/62/21 137/80/37 138/81/38
f 131/65/24 130/63/22 138/81/38 139/82/39
f 132/67/26 131/65/24 139/82/39 140/83/40
f 133/69/28 132/67/26 140/83/40 141/84/41
f 134/71/30 133/69/28 141/84/41 142/85/42
f 135/73/32 134/71/30 142/85/42 143/77/35
f 141/84/41 140/83/40 148/86/43 149/87/44
f 142/85/42 141/84/41 149/87/44 150/88/45
f 143/77/35 142/85/42 150/88/45 151/89/46
f 144/78/36 143/77/35 151/89/46 152/90/47
f 137/80/37 169/91/1 145/92/48
f 138/81/38 137/80/37 145/92/48 146/93/49
f 139/82/39 138/81/38 146/93/49 147/94/50
f 140/83/40 139/82/39 147/94/50 148/86/43
f 145/92/48 169/95/1 153/96/51
f 146/93/49 145/92/48 153/96/51 154/97/52
f 147/94/50 146/93/49 154/97/52 155/98/53
f 148/86/43 147/94/50 155/98/53 156/9/54
f 149/87/44 148/86/43 156/9/54 157/99/55
f 150/88/45 149/87/44 157/99/55 158/100/56
f 151/89/46 150/88/45 158/100/56 159/101/57
f 152/90/47 151/89/46 159/101/57 160/16/58
f 157/99/55 156/9/54 164/102/59 165/103/60
f 158/100/56 157/99/55 165/103/60 166/104/61
f 159/101/57 158/100/56 166/104/61 167/105/62
f 160/16/58 159/101/57 167/105/62 168/106/63
f 153/96/51 169/107/1 161/108/64
f 154/97/52 153/96/51 161/108/64 162/109/65
f 155/98/53 154/97/52 162/109/65 163/110/66
f 156/9/54 155/98/53 163/110/66 164/102/59
f 162/109/65 161/108/64 170/111/67 171/112/68
f 163/110/66 162/109/65 171/112/68 172/113/69
f 164/102/59 163/110/66 172/113/69 173/114/70
f 165/103/60 164/102/59 173/114/70 174/115/71
f 166/104/61 165/103/60 174/115/71 175/116/72
f 167/105/62 166/104/61 175/116/72 176/117/73
f 168/106/63 167/105/62 176/117/73 177/118/74
f 161/108/64 169/119/1 170/111/67
f 175/116/72 174/115/71 182/120/75 183/121/76
f 176/117/73 175/116/72 183/121/76 184/122/77
f 177/118/74 176/117/73 184/122/77 185/123/78
f 170/111/67 169/124/1 178/125/79
f 171/112/68 170/111/67 178/125/79 179/126/80
f 172/113/69 171/112/68 179/126/80 180/127/81
f 173/114/70 172/113/69 180/127/81 181/128/82
f 174/115/71 173/114/70 181/128/82 182/120/75
f 179/126/80 178/125/79 186/129/83 187/130/84
f 180/127/81 179/126/80 187/130/84 188/131/85
f 181/128/82 180/127/81 188/131/85 189/132/86
f 182/120/75 181/128/82 189/132/86 190/133/87
f 183/121/76 182/120/75 190/133/87 191/134/88
f 184/122/77 183/121/76 191/134/88 192/135/89
f 185/123/78 184/122/77 192/135/89 193/136/90
f 178/125/79 169/137/1 186/129/83
f 191/134/88 190/133/87 198/138/91 199/139/92
f 192/135/89 191/134/88 199/139/92 200/140/93
f 193/136/90 192/135/89 200/140/93 201/141/94
f 186/129/83 169/142/1 194/143/95
f 187/130/84 186/129/83 194/143/95 195/144/96
f 188/131/85 187/130/84 195/144/96 196/145/97
f 189/132/86 188/131/85 196/145/97 197/146/98
f 190/133/87 189/132/86 197/146/98 198/138/91
f 196/145/97 195/144/96 203/147/99 204/148/100
f 197/146/98 196/145/97 204/148/100 205/149/101
f 198/138/91 197/146/98 205/149/101 206/150/102
f 199/139/92 198/138/91 206/150/102 207/151/103
f 200/140/93 199/139/92 207/151/103 208/152/104
f 201/141/94 200/140/93 208/152/104 209/153/105
f 194/143/95 169/154/1 202/155/106
f 195/144/96 194/143/95 202/155/106 203/147/99
f 208/152/104 207/151/103 215/156/107 216/157/108
f 209/153/105 208/152/104 216/157/108 217/158/109
f 202/155/106 169/159/1 210/160/110
f 203/147/99 202/155/106 210/160/110 211/161/111
f 204/148/100 203/147/99 211/161/111 212/162/112
f 205/149/101 204/148/100 212/162/112 213/163/113
f 206/150/102 205/149/101 213/163/113 214/164/114
f 207/151/103 206/150/102 214/164/114 215/156/107
f 213/163/113 212/162/112 220/165/115 221/166/116
f 214/164/114 213/163/113 221/166/116 222/167/117
f 215/156/107 214/164/114 222/167/117 223/168/118
f 216/157/108 215/156/107 223/168/118 224/169/119
f 217/158/109 216/157/108 224/169/119 225/170/120
f 210/160/110 169/171/1 218/172/121
f 211/161/111 210/160/110 218/172/121 219/173/122
f 212/162/112 211/161/111 219/173/122 220/165/115
f 225/170/120 224/169/119 232/174/123 233/175/124
f 218/172/121 169/176/1 226/177/125
f 219/173/122 218/172/121 226/177/125 227/178/126
f 220/165/115 219/173/122 227/178/126 228/179/127
f 221/166/116 220/165/115 228/179/127 229/180/128
f 222/167/117 221/166/116 229/180/128 230/181/129
f 223/168/118 222/167/117 230/181/129 231/182/130
f 224/169/119 223/168/118 231/182/130 232/174/123
f 229/180/128 228/179/127 236/183/131 237/184/132
f 230/181/129 229/180/128 237/184/132 238/185/133
f 231/182/130 230/181/129 238/185/133 239/186/134
f 232/174/123 231/182/130 239/186/134 240/187/135
f 233/175/124 232/174/123 240/187/135 241/188/136
f 226/177/125 169/189/1 234/190/137
f 227/178/126 226/177/125 234/190/137 235/191/138
f 228/179/127 227/178/126 235/191/138 236/183/131
f 241/188/136 240/187/135 248/192/139 249/193/140
f 234/190/137 169/194/1 242/195/141
f 235/191/138 234/190/137 242/195/141 243/196/142
f 236/183/131 235/191/138 243/196/142 244/197/143
f 237/184/132 236/183/131 244/197/143 245/198/144
f 238/185/133 237/184/132 245/198/144 246/199/145
f 239/186/134 238/185/133 246/199/145 247/200/146
f 240/187/135 239/186/134 247/200/146 248/192/139
f 246/199/145 245/198/144 253/201/147 254/202/148
f 247/200/146 246/199/145 254/202/148 255/203/149
f 248/192/139 247/200/146 255/203/149 256/204/150
f 249/193/140 248/192/139 256/204/150 257/205/151
f 242/195/141 169/206/1 250/207/152
f 243/196/142 242/195/141 250/207/152 251/208/153
f 244/197/143 243/196/142 251/208/153 252/209/154
f 245/198/144 244/197/143 252/209/154 253/201/147
f 250/207/152 169/210/1 258/211/155
f 251/208/153 250/207/152 258/211/155 259/212/156
f 252/209/154 251/208/153 259/212/156 260/213/157
f 253/201/147 252/209/154 260/213/157 261/214/158
f 254/202/148 253/201/147 261/214/158 262/215/159
f 255/203/149 254/202/148 262/215/159 263/216/160
f 256/204/150 255/203/149 263/216/160 264/217/161
f 257/205/151 256/204/150 264/217/161 265/218/162
f 262/215/159 261/214/158 269/219/163 270/220/164
f 263/216/160 262/215/159 270/220/164 271/221/165
f 264/217/161 263/216/160 271/221/165 272/222/166
f 265/218/162 264/217/161 272/222/166 273/223/167
f 258/211/155 169/224/1 266/225/168
f 259/212/156 258/211/155 266/225/168 267/226/169
f 260/213/157 259/212/156 267/226/169 268/227/170
f 261/214/158 260/213/157 268/227/170 269/219/163
f 267/226/169 266/225/168 274/228/171 275/229/172
f 268/227/170 267/226/169 275/229/172 276/230/173
f 269/219/163 268/227/170 276/230/173 277/231/174
f 270/220/164 269/219/163 277/231/174 278/232/175
f 271/221/165 270/220/164 278/232/175 279/233/176
f 272/222/166 271/221/165 279/233/176 280/234/177
f 273/223/167 272/222/166 280/234/177 281/235/178
f 266/225/168 169/236/1 274/228/171
f 279/233/176 278/232/175 286/237/179 287/238/180
f 280/234/177 279/233/176 287/238/180 288/239/181
f 281/235/178 280/234/177 288/239/181 289/240/182
f 274/228/171 169/241/1 282/242/183
f 275/229/172 274/228/171 282/242/183 283/243/184
f 276/230/173 275/229/172 283/243/184 284/244/185
f 277/231/174 276/230/173 284/244/185 285/245/186
f 278/232/175 277/231/174 285/245/186 286/237/179
f 284/244/185 283/243/184 291/246/187 292/247/188
f 285/245/186 284/244/185 292/247/188 293/248/189
f 286/237/179 285/245/186 293/248/189 294/249/190
f 287/238/180 286/237/179 294/249/190 295/250/191
f 288/239/181 287/238/180 295/250/191 296/251/192
f 289/240/182 288/239/181 296/251/192 297/252/193
f 282/242/183 169/253/1 290/254/194
f 283/243/184 282/242/183 290/254/194 291/246/187
f 296/251/192 295/250/191 303/255/195 304/256/196
f 297/252/193 296/251/192 304/256/196 305/257/197
f 290/254/194 169/258/1 298/259/198
f 291/246/187 290/254/194 298/259/198 299/260/199
f 292/247/188 291/246/187 299/260/199 300/261/200
f 293/248/189 292/247/188 300/261/200 301/262/201
f 294/249/190 293/248/189 301/262/201 302/263/202
f 295/250/191 294/249/190 302/263/202 303/255/195
f 300/261/200 299/260/199 307/264/203 308/265/204
f 301/262/201 300/261/200 308/265/204 309/266/205
f 302/263/202 301/262/201 309/266/205 310/267/206
f 303/255/195 302/263/202 310/267/206 311/268/207
f 304/256/196 303/255/195 311/268/207 312/269/208
f 305/257/197 304/256/196 312/269/208 313/270/209
f 298/259/198 169/271/1 306/272/210
f 299/260/199 298/259/198 306/272/210 307/264/203
f 312/269/208 311/268/207 319/273/211 320/274/212
f 313/270/209 312/269/208 320/274/212 321/275/213
f 306/272/210 169/276/1 314/277/214
f 307/264/203 306/272/210 314/277/214 315/278/215
f 308/265/204 307/264/203 315/278/215 316/279/216
f 309/266/205 308/265/204 316/279/216 317/280/217
f 310/267/206 309/266/205 317/280/217 318/281/218
f 311/268/207 310/267/206 318/281/218 319/273/211
f 317/282/217 316/283/216 324/284/219 325/285/220
f 318/286/218 317/282/217 325/285/220 326/287/221
f 319/288/211 318/286/218 326/287/221 327/289/222
f 320/290/212 319/288/211 327/289/222 328/291/223
f 321/292/213 320/290/212 328/291/223 329/293/224
f 314/294/214 169/295/1 322/296/225
f 315/297/215 314/294/214 322/296/225 323/298/226
f 316/283/216 315/297/215 323/298/226 324/284/219
f 329/293/224 328/291/223 336/299/227 337/300/228
f 322/296/225 169/301/1 330/302/229
f 323/298/226 322/296/225 330/302/229 331/303/230
f 324/284/219 323/298/226 331/303/230 332/304/231
f 325/285/220 324/284/219 332/304/231 333/305/232
f 326/287/221 325/285/220 333/305/232 334/306/233
f 327/289/222 326/287/221 334/306/233 335/307/234
f 328/291/223 327/289/222 335/307/234 336/299/227
f 333/305/232 332/304/231 340/308/235 341/309/236
f 334/306/233 333/305/232 341/309/236 342/310/237
f 335/307/234 334/306/233 342/310/237 343/311/238
f 336/299/227 335/307/234 343/311/238 344/312/239
f 337/300/228 336/299/227 344/312/239 345/313/240
f 330/302/229 169/314/1 338/315/241
f 331/303/230 330/302/229 338/315/241 339/316/242
f 332/304/231 331/303/230 339/316/242 340/308/235
f 345/313/240 344/312/239 352/317/243 353/318/244
f 338/315/241 169/319/1 346/320/245
f 339/316/242 338/315/241 346/320/245 347/321/246
f 340/308/235 339/316/242 347/321/246 348/322/247
f 341/309/236 340/308/235 348/322/247 349/323/248
f 342/310/237 341/309/236 349/323/248 350/324/249
f 343/311/238 342/310/237 350/324/249 351/325/250
f 344/312/239 343/311/238 351/325/250 352/317/243
f 350/324/249 349/323/248 357/326/251 358/327/252
f 351/325/250 350/324/249 358/327/252 359/328/253
f 352/317/243 351/325/250 359/328/253 360/329/254
f 353/318/244 352/317/243 360/329/254 361/330/255
f 346/320/245 169/331/1 354/332/256
f 347/321/246 346/320/245 354/332/256 355/333/257
f 348/322/247 347/321/246 355/333/257 356/334/258
f 349/323/248 348/322/247 356/334/258 357/326/251
f 355/333/257 354/332/256 362/335/259 363/336/260
f 356/334/258 355/333/257 363/336/260 364/337/261
f 357/326/251 356/334/258 364/337/261 365/338/262
f 358/327/252 357/326/251 365/338/262 366/339/263
f 359/328/253 358/327/252 366/339/263 367/340/264
f 360/329/254 359/328/253 367/340/264 368/341/265
f 361/330/255 360/329/254 368/341/265 369/342/266
f 354/332/256 169/343/1 362/335/259
f 367/340/264 366/339/263 374/344/267 375/345/268
f 368/341/265 367/340/264 375/345/268 376/346/269
f 369/342/266 368/341/265 376/346/269 377/347/270
f 362/335/259 169/348/1 370/349/271
f 363/336/260 362/335/259 370/349/271 371/350/272
f 364/337/261 363/336/260 371/350/272 372/351/273
f 365/338/262 364/337/261 372/351/273 373/352/274
f 366/339/263 365/338/262 373/352/274 374/344/267
f 371/350/272 370/349/271 378/61/20 379/60/19
f 372/351/273 371/350/272 379/60/19 125/64/23
f 373/352/274 372/351/273 125/64/23 380/66/25
f 374/344/267 373/352/274 380/66/25 126/68/27
f 375/345/268 374/344/267 126/68/27 381/70/29
f 376/346/269 375/345/268 381/70/29 127/72/31
f 377/347/270 376/346/269 127/72/31 128/74/33
f 370/349/271 169/353/1 378/61/20
f 760/60/368 511/63/369 510/62/370 759/61/371
f 506/64/372 512/65/373 511/63/369 760/60/368
f 761/66/374 513/67/375 512/65/373 506/64/372
f 507/68/376 514/69/377 513/67/375 761/66/374
f 762/70/378 515/71/379 514/69/377 507/68/376
f 508/72/380 516/73/381 515/71/379 762/70/378
f 509/74/382 517/75/383 516/73/381 508/72/380
f 759/61/371 510/62/370 550/76/2
f 517/75/383 525/78/384 524/77/385 516/73/381
f 510/62/370 518/80/386 550/79/2
f 511/63/369 519/81/387 518/80/386 510/62/370
f 512/65/373 520/82/388 519/81/387 511/63/369
f 513/67/375 521/83/389 520/82/388 512/65/373
f 514/69/377 522/84/390 521/83/389 513/67/375
f 515/71/379 523/85/391 522/84/390 514/69/377
f 516/73/381 524/77/385 523/85/391 515/71/379
f 522/84/390 530/87/392 529/86/393 521/83/389
f 523/85/391 531/88/394 530/87/392 522/84/390
f 524/77/385 532/89/395 531/88/394 523/85/391
f 525/78/384 533/90/396 532/89/395 524/77/385
f 518/80/386 526/92/397 550/91/2
f 519/81/387 527/93/398 526/92/397 518/80/386
f 520/82/388 528/94/399 527/93/398 519/81/387
f 521/83/389 529/86/393 528/94/399 520/82/388
f 526/92/397 534/96/400 550/95/2
f 527/93/398 535/97/401 534/96/400 526/92/397
f 528/94/399 536/98/402 535/97/401 527/93/398
f 529/86/393 537/9/403 536/98/402 528/94/399
f 530/87/392 538/99/404 537/9/403 529/86/393
f 531/88/394 539/100/405 538/99/404 530/87/392
f 532/89/395 540/101/406 539/100/405 531/88/394
f 533/90/396 541/16/407 540/101/406 532/89/395
f 538/99/404 546/103/408 545/102/409 537/9/403
f 539/100/405 547/104/410 546/103/408 538/99/404
f 540/101/406 548/105/411 547/104/410 539/100/405
f 541/16/407 549/106/412 548/105/411 540/101/406
f 534/96/400 542/108/413 550/107/2
f 535/97/401 543/109/414 542/108/413 534/96/400
f 536/98/402 544/110/415 543/109/414 535/97/401
f 537/9/403 545/102/409 544/110/415 536/98/402
f 543/109/414 552/112/416 551/111/417 542/108/413
f 544/110/415 553/113/418 552/112/416 543/109/414
f 545/102/409 554/114/419 553/113/418 544/110/415
f 546/103/408 555/115/420 554/114/419 545/102/409
f 547/104/410 556/116/421 555/115/420 546/103/408
f 548/105/411 557/117/422 556/116/421 547/104/410
f 549/106/412 558/118/423 557/117/422 548/105/411
f 542/108/413 551/111/417 550/119/2
f 556/116/421 564/121/424 563/120/425 555/115/420
f 557/117/422 565/122/426 564/121/424 556/116/421
f 558/118/423 566/123/427 565/122/426 557/117/422
f 551/111/417 559/125/428 550/124/2
f 552/112/416 560/126/429 559/125/428 551/111/417
f 553/113/418 561/127/430 560/126/429 552/112/416
f 554/114/419 562/128/431 561/127/430 553/113/418
f 555/115/420 563/120/425 562/128/431 554/114/419
f 560/126/429 568/130/432 567/129/433 559/125/428
f 561/127/430 569/131/434 568/130/432 560/126/429
f 562/128/431 570/132/435 569/131/434 561/127/430
f 563/120/425 571/133/436 570/132/435 562/128/431
f 564/121/424 572/134/437 571/133/436 563/120/425
f 565/122/426 573/135/438 572/134/437 564/121/424
f 566/123/427 574/136/439 573/135/438 565/122/426
f 559/125/428 567/129/433 550/137/2
f 572/134/437 580/139/440 579/138/441 571/133/436
f 573/135/438 581/140/442 580/139/440 572/134/437
f 574/136/439 582/141/443 581/140/442 573/135/438
f 567/129/433 575/143/444 550/142/2
f 568/130/432 576/144/445 575/143/444 567/129/433
f 569/131/434 577/145/446 576/144/445 568/130/432
f 570/132/435 578/146/447 577/145/446 569/131/434
f 571/133/436 579/138/441 578/146/447 570/132/435
f 577/145/446 585/148/448 584/147/449 576/144/445
f 578/146/447 586/149/450 585/148/448 577/145/446
f 579/138/441 587/150/451 586/149/450 578/146/447
f 580/139/440 588/151/452 587/150/451 579/138/441
f 581/140/442 589/152/453 588/151/452 580/139/440
f 582/141/443 590/153/454 589/152/453 581/140/442
f 575/143/444 583/155/455 550/154/2
f 576/144/445 584/147/449 583/155/455 575/143/444
f 589/152/453 597/157/456 596/156/457 588/151/452
f 590/153/454 598/158/458 597/157/456 589/152/453
f 583/155/455 591/160/459 550/159/2
f 584/147/449 592/161/460 591/160/459 583/155/455
f 585/148/448 593/162/461 592/161/460 584/147/449
f 586/149/450 594/163/462 593/162/461 585/148/448
f 587/150/451 595/164/463 594/163/462 586/149/450
f 588/151/452 596/156/457 595/164/463 587/150/451
f 594/163/462 602/166/464 601/165/465 593/162/461
f 595/164/463 603/167/466 602/166/464 594/163/462
f 596/156/457 604/168/467 603/167/466 595/164/463
f 597/157/456 605/169/468 604/168/467 596/156/457
f 598/158/458 606/170/469 605/169/468 597/157/456
f 591/160/459 599/172/470 550/171/2
f 592/161/460 600/173/471 599/172/470 591/160/459
f 593/162/461 601/165/465 600/173/471 592/161/460
f 606/170/469 614/175/472 613/174/473 605/169/468
f 599/172/470 607/177/474 550/176/2
f 600/173/471 608/178/475 607/177/474 599/172/470
f 601/165/465 609/179/476 608/178/475 600/173/471
f 602/166/464 610/180/477 609/179/476 601/165/465
f 603/167/466 611/181/478 610/180/477 602/166/464
f 604/168/467 612/182/479 611/181/478 603/167/466
f 605/169/468 613/174/473 612/182/479 604/168/467
f 610/180/477 618/184/480 617/183/481 609/179/476
f 611/181/478 619/185/482 618/184/480 610/180/477
f 612/182/479 620/186/483 619/185/482 611/181/478
f 613/174/473 621/187/484 620/186/483 612/182/479
f 614/175/472 622/188/485 621/187/484 613/174/473
f 607/177/474 615/190/486 550/189/2
f 608/178/475 616/191/487 615/190/486 607/177/474
f 609/179/476 617/183/481 616/191/487 608/178/475
f 622/188/485 630/193/488 629/192/489 621/187/484
f 615/190/486 623/195/490 550/194/2
f 616/191/487 624/196/491 623/195/490 615/190/486
f 617/183/481 625/197/492 624/196/491 616/191/487
f 618/184/480 626/198/493 625/197/492 617/183/481
f 619/185/482 627/199/494 626/198/493 618/184/480
f 620/186/483 628/200/495 627/199/494 619/185/482
f 621/187/484 629/192/489 628/200/495 620/186/483
f 627/199/494 635/202/496 634/201/497 626/198/493
f 628/200/495 636/203/498 635/202/496 627/199/494
f 629/192/489 637/204/499 636/203/498 628/200/495
f 630/193/488 638/205/500 637/204/499 629/192/489
f 623/195/490 631/207/501 550/206/2
f 624/196/491 632/208/502 631/207/501 623/195/490
f 625/197/492 633/209/503 632/208/502 624/196/491
f 626/198/493 634/201/497 633/209/503 625/197/492
f 631/207/501 639/211/504 550/210/2
f 632/208/502 640/212/505 639/211/504 631/207/501
f 633/209/503 641/213/506 640/212/505 632/208/502
f 634/201/497 642/214/507 641/213/506 633/209/503
f 635/202/496 643/215/508 642/214/507 634/201/497
f 636/203/498 644/216/509 643/215/508 635/202/496
f 637/204/499 645/217/510 644/216/509 636/203/498
f 638/205/500 646/218/511 645/217/510 637/204/499
f 643/215/508 651/220/512 650/219/513 642/214/507
f 644/216/509 652/221/514 651/220/512 643/215/508
f 645/217/510 653/222/515 652/221/514 644/216/509
f 646/218/511 654/223/516 653/222/515 645/217/510
f 639/211/504 647/225/517 550/224/2
f 640/212/505 648/226/518 647/225/517 639/211/504
f 641/213/506 649/227/519 648/226/518 640/212/505
f 642/214/507 650/219/513 649/227/519 641/213/506
f 648/226/518 656/229/520 655/228/521 647/225/517
f 649/227/519 657/230/522 656/229/520 648/226/518
f 650/219/513 658/231/523 657/230/522 649/227/519
f 651/220/512 659/232/524 658/231/523 650/219/513
f 652/221/514 660/233/525 659/232/524 651/220/512
f 653/222/515 661/234/526 660/233/525 652/221/514
f 654/223/516 662/235/527 661/234/526 653/222/515
f 647/225/517 655/228/521 550/236/2
f 660/233/525 668/238/528 667/237/529 659/232/524
f 661/234/526 669/239/530 668/238/528 660/233/525
f 662/235/527 670/240/531 669/239/530 661/234/526
f 655/228/521 663/242/532 550/241/2
f 656/229/520 664/243/533 663/242/532 655/228/521
f 657/230/522 665/244/534 664/243/533 656/229/520
f 658/231/523 666/245/535 665/244/534 657/230/522
f 659/232/524 667/237/529 666/245/535 658/231/523
f 665/244/534 673/247/536 672/246/537 664/243/533
f 666/245/535 674/248/538 673/247/536 665/244/534
f 667/237/529 675/249/539 674/248/538 666/245/535
f 668/238/528 676/250/540 675/249/539 667/237/529
f 669/239/530 677/251/541 676/250/540 668/238/528
f 670/240/531 678/252/542 677/251/541 669/239/530
f 663/242/532 671/254/543 550/253/2
f 664/243/533 672/246/537 671/254/543 663/242/532
f 677/251/541 685/256/544 684/255/545 676/250/540
f 678/252/542 686/257/546 685/256/544 677/251/541
f 671/254/543 679/259/547 550/258/2
f 672/246/537 680/260/548 679/259/547 671/254/543
f 673/247/536 681/261/549 680/260/548 672/246/537
f 674/248/538 682/262/550 681/261/549 673/247/536
f 675/249/539 683/263/551 682/262/550 674/248/538
f 676/250/540 684/255/545 683/263/551 675/249/539
f 681/261/549 689/265/552 688/264/553 680/260/548
f 682/262/550 690/266/554 689/265/552 681/261/549
f 683/263/551 691/267/555 690/266/554 682/262/550
f 684/255/545 692/268/556 691/267/555 683/263/551
f 685/256/544 693/269/557 692/268/556 684/255/545
f 686/257/546 694/270/558 693/269/557 685/256/544
f 679/259/547 687/272/559 550/271/2
f 680/260/548 688/264/553 687/272/559 679/259/547
f 693/269/557 701/274/560 700/273/561 692/268/556
f 694/270/558 702/275/562 701/274/560 693/269/557
f 687/272/559 695/277/563 550/276/2
f 688/264/553 696/278/564 695/277/563 687/272/559
f 689/265/552 697/279/565 696/278/564 688/264/553
f 690/266/554 698/280/566 697/279/565 689/265/552
f 691/267/555 699/281/567 698/280/566 690/266/554
f 692/268/556 700/273/561 699/281/567 691/267/555
f 698/282/566 706/285/568 705/284/569 697/283/565
f 699/286/567 707/287/570 706/285/568 698/282/566
f 700/288/561 708/289/571 707/287/570 699/286/567
f 701/290/560 709/291/572 708/289/571 700/288/561
f 702/292/562 710/293/573 709/291/572 701/290/560
f 695/294/563 703/296/574 550/295/2
f 696/297/564 704/298/575 703/296/574 695/294/563
f 697/283/565 705/284/569 704/298/575 696/297/564
f 710/293/573 718/300/576 717/299/577 709/291/572
f 703/296/574 711/302/578 550/301/2
f 704/298/575 712/303/579 711/302/578 703/296/574
f 705/284/569 713/304/580 712/303/579 704/298/575
f 706/285/568 714/305/581 713/304/580 705/284/569
f 707/287/570 715/306/582 714/305/581 706/285/568
f 708/289/571 716/307/583 715/306/582 707/287/570
f 709/291/572 717/299/577 716/307/583 708/289/571
f 714/305/581 722/309/584 721/308/585 713/304/580
f 715/306/582 723/310/586 722/309/584 714/305/581
f 716/307/583 724/311/587 723/310/586 715/306/582
f 717/299/577 725/312/588 724/311/587 716/307/583
f 718/300/576 726/313/589 725/312/588 717/299/577
f 711/302/578 719/315/590 550/314/2
f 712/303/579 720/316/591 719/315/590 711/302/578
f 713/304/580 721/308/585 720/316/591 712/303/579
f 726/313/589 734/318/592 733/317/593 725/312/588
f 719/315/590 727/320/594 550/319/2
f 720/316/591 728/321/595 727/320/594 719/315/590
f 721/308/585 729/322/596 728/321/595 720/316/591
f 722/309/584 730/323/597 729/322/596 721/308/585
f 723/310/586 731/324/598 730/323/597 722/309/584
f 724/311/587 732/325/599 731/324/598 723/310/586
f 725/312/588 733/317/593 732/325/599 724/311/587
f 731/324/598 739/327/600 738/326/601 730/323/597
f 732/325/599 740/328/602 739/327/600 731/324/598
f 733/317/593 741/329/603 740/328/602 732/325/599
f 734/318/592 742/330/604 741/329/603 733/317/593
f 727/320/594 735/332/605 550/331/2
f 728/321/595 736/333/606 735/332/605 727/320/594
f 729/322/596 737/334/607 736/333/606 728/321/595
f 730/323/597 738/326/601 737/334/607 729/322/596
f 736/333/606 744/336/608 743/335/609 735/332/605
f 737/334/607 745/337/610 744/336/608 736/333/606
f 738/326/601 746/338/611 745/337/610 737/334/607
f 739/327/600 747/339/612 746/338/611 738/326/601
f 740/328/602 748/340/613 747/339/612 739/327/600
f 741/329/603 749/341/614 748/340/613 740/328/602
f 742/330/604 750/342/615 749/341/614 741/329/603
f 735/332/605 743/335/609 550/343/2
f 748/340/613 756/345/616 755/344/617 747/339/612
f 749/341/614 757/346/618 756/345/616 748/340/613
f 750/342/615 758/347/619 757/346/618 749/341/614
f 743/335/609 751/349/620 550/348/2
f 744/336/608 752/350/621 751/349/620 743/335/609
f 745/337/610 753/351/622 752/350/621 744/336/608
f 746/338/611 754/352/623 753/351/622 745/337/610
f 747/339/612 755/344/617 754/352/623 746/338/611
f 752/350/621 760/60/368 759/61/371 751/349/620
f 753/351/622 506/64/372 760/60/368 752/350/621
f 754/352/623 761/66/374 506/64/372 753/351/622
f 755/344/617 507/68/376 761/66/374 754/352/623
f 756/345/616 762/70/378 507/68/376 755/344/617
f 757/346/618 508/72/380 762/70/378 756/345/616
f 758/347/619 509/74/382 508/72/380 757/346/618
f 751/349/620 759/61/371 550/353/2
f 128/74/33 136/75/34 517/75/383 509/74/382
f 136/75/34 144/78/36 525/78/384 517/75/383
f 144/78/36 152/90/47 533/90/396 525/78/384
f 152/90/47 160/16/58 541/16/407 533/90/396
f 160/16/58 168/106/63 549/106/412 541/16/407
f 168/106/63 177/118/74 558/118/423 549/106/412
f 177/118/74 185/123/78 566/123/427 558/118/423
f 185/123/78 193/136/90 574/136/439 566/123/427
f 193/136/90 201/141/94 582/141/443 574/136/439
f 201/141/94 209/153/105 590/153/454 582/141/443
f 209/153/105 217/158/109 598/158/458 590/153/454
f 217/158/109 225/170/120 606/170/469 598/158/458
f 225/170/120 233/175/124 614/175/472 606/170/469
f 233/175/124 241/188/136 622/188/485 614/175/472
f 241/188/136 249/193/140 630/193/488 622/188/485
f 249/193/140 257/205/151 638/205/500 630/193/488
f 257/205/151 265/218/162 646/218/511 638/205/500
f 265/218/162 273/223/167 654/223/516 646/218/511
f 273/223/167 281/235/178 662/235/527 654/223/516
f 281/235/178 289/240/182 670/240/531 662/235/527
f 289/240/182 297/252/193 678/252/542 670/240/531
f 297/252/193 305/257/197 686/257/546 678/252/542
f 305/257/197 313/270/209 694/270/558 686/257/546
f 313/270/209 321/275/213 702/275/562 694/270/558
f 321/292/213 329/293/224 710/293/573 702/292/562
f 329/293/224 337/300/228 718/300/576 710/293/573
f 337/300/228 345/313/240 726/313/589 718/300/576
f 345/313/240 353/318/244 734/318/592 726/313/589
f 353/318/244 361/330/255 742/330/604 734/318/592
f 361/330/255 369/342/266 750/342/615 742/330/604
f 369/342/266 377/347/270 758/347/619 750/342/615
f 377/347/270 128/74/33 509/74/382 758/347/619
o Cube.001
v -1.763208 -0.501813 -0.540636
v -1.865837 -0.190793 -0.643265
v -1.763208 -0.501813 -0.434875
v -1.865837 -0.190793 -0.332246
v -1.657447 -0.501813 -0.540636
v -1.554818 -0.190793 -0.643265
v -1.657447 -0.501813 -0.434875
v -1.554818 -0.190794 -0.332246
v -1.763208 -0.622067 -0.434875
v -1.657447 -0.622067 -0.434875
v -1.763208 -0.622067 -0.540636
v -1.657447 -0.622067 -0.540636
v -1.791556 -0.622067 -0.406528
v -1.629100 -0.622067 -0.406528
v -1.791556 -0.622067 -0.568983
v -1.629100 -0.622067 -0.568983
v -1.791556 -0.665293 -0.406528
v -1.629100 -0.665293 -0.406528
v -1.791556 -0.665293 -0.568983
v -1.629100 -0.665293 -0.568983
v -1.823263 -0.319815 -0.600691
v -1.597392 -0.319815 -0.374820
v -1.823263 -0.319815 -0.374820
v -1.597392 -0.319815 -0.600691
v -1.823263 -0.319815 -0.600691
v -1.823263 -0.319815 -0.374820
v -1.823263 -0.319815 -0.600691
v -1.823263 -0.319815 -0.374820
v -1.823263 -0.319815 -0.600691
v -1.823263 -0.319815 -0.374820
v -1.598463 -0.319815 -0.600691
v -1.598462 -0.319815 -0.374820
v -1.407853 -0.501813 -0.540636
v -1.510483 -0.190793 -0.643265
v -1.407853 -0.501813 -0.434875
v -1.510483 -0.190793 -0.332246
v -1.302092 -0.501813 -0.540636
v -1.199463 -0.190793 -0.643265
v -1.302092 -0.501813 -0.434875
v -1.199463 -0.190794 -0.332246
v -1.407853 -0.622067 -0.434875
v -1.302092 -0.622067 -0.434875
v -1.407853 -0.622067 -0.540636
v -1.302092 -0.622067 -0.540636
v -1.436201 -0.622067 -0.406528
v -1.273745 -0.622067 -0.406528
v -1.436201 -0.622067 -0.568983
v -1.273745 -0.622067 -0.568983
v -1.436201 -0.665293 -0.406528
v -1.273745 -0.665293 -0.406528
v -1.436201 -0.665293 -0.568983
v -1.273745 -0.665293 -0.568983
v -1.467908 -0.319815 -0.600691
v -1.242037 -0.319815 -0.374820
v -1.467908 -0.319815 -0.374820
v -1.242037 -0.319815 -0.600691
v -1.467908 -0.319815 -0.600691
v -1.467908 -0.319815 -0.374820
v -1.467908 -0.319815 -0.600691
v -1.467908 -0.319815 -0.374820
v -1.467908 -0.319815 -0.600691
v -1.467908 -0.319815 -0.374820
v -1.243108 -0.319815 -0.600691
v -1.243108 -0.319815 -0.374820
vn -0.0000 1.0000 -0.0000
vn -0.0000 -0.3134 -0.9496
vn -0.9496 -0.3134 -0.0000
vn 0.9496 -0.3134 -0.0000
vn -0.0000 -0.3134 0.9496
vn -0.0000 -1.0000 -0.0000
vn -0.0000 -0.0000 1.0000
vn 1.0000 -0.0000 -0.0000
vn -1.0000 -0.0000 -0.0000
vn -0.0000 -0.0000 -1.0000
vn -0.0000 -0.0000 -0.0000
vt 0.125000 0.500000
vt 0.375000 0.500000
vt 0.375000 0.750000
vt 0.125000 0.750000
vt 0.375000 0.250000
vt 0.478709 0.250000
vt 0.478709 0.500000
vt 0.478709 0.750000
vt 0.375000 0.000000
vt 0.478709 0.000000
vt 0.478709 1.000000
vt 0.375000 1.000000
vt 0.625000 1.000000
vt 0.625000 0.750000
vt 0.625000 0.000000
vt 0.625000 0.250000
vt 0.625000 0.500000
vt 0.875000 0.500000
vt 0.875000 0.750000
s 1
usemtl Material.005
f 768/354/624 764/355/624 766/356/624 770/357/624
f 768/358/625 786/359/625 783/360/625 764/355/625
f 764/355/626 783/360/626 785/361/626 766/356/626
f 770/362/627 784/363/627 786/359/627 768/358/627
f 766/356/628 785/361/628 784/364/628 770/365/628
f 792/361/629 791/360/629 793/360/629 794/361/629
f 800/354/624 796/355/624 798/356/624 802/357/624
f 800/358/625 818/359/625 815/360/625 796/355/625
f 796/355/626 815/360/626 817/361/626 798/356/626
f 802/362/627 816/363/627 818/359/627 800/358/627
f 798/356/628 817/361/628 816/364/628 802/365/628
f 824/361/629 823/360/629 825/360/629 826/361/629
usemtl Material.006
f 769/366/630 765/367/630 771/367/630 772/366/630
f 785/361/628 765/367/628 769/366/628 784/364/628
f 784/363/627 769/368/627 767/369/627 786/359/627
f 783/360/626 763/370/626 765/367/626 785/361/626
f 786/359/625 767/369/625 763/370/625 783/360/625
f 767/369/631 769/368/631 772/368/631 774/369/631
f 765/367/632 763/370/632 773/370/632 771/367/632
f 763/370/633 767/369/633 774/369/633 773/370/633
s 0
f 785/361/634 783/360/634 787/360/634 788/361/634
f 788/361/634 787/360/634 789/360/634 790/361/634
f 790/361/634 789/360/634 791/360/634 792/361/634
s 1
f 801/366/630 797/367/630 803/367/630 804/366/630
f 817/361/628 797/367/628 801/366/628 816/364/628
f 816/363/627 801/368/627 799/369/627 818/359/627
f 815/360/626 795/370/626 797/367/626 817/361/626
f 818/359/625 799/369/625 795/370/625 815/360/625
f 799/369/631 801/368/631 804/368/631 806/369/631
f 797/367/632 795/370/632 805/370/632 803/367/632
f 795/370/633 799/369/633 806/369/633 805/370/633
s 0
f 817/361/634 815/360/634 819/360/634 820/361/634
f 820/361/634 819/360/634 821/360/634 822/361/634
f 822/361/634 821/360/634 823/360/634 824/361/634
s 1
usemtl Material.007
f 773/370/624 774/369/624 778/369/624 777/370/624
f 778/369/631 776/368/631 780/368/631 782/369/631
f 771/367/624 773/370/624 777/370/624 775/367/624
f 774/369/624 772/368/624 776/368/624 778/369/624
f 772/366/624 771/367/624 775/367/624 776/366/624
f 781/370/629 782/371/629 780/372/629 779/367/629
f 776/366/630 775/367/630 779/367/630 780/366/630
f 777/370/633 778/369/633 782/369/633 781/370/633
f 775/367/632 777/370/632 781/370/632 779/367/632
f 805/370/624 806/369/624 810/369/624 809/370/624
f 810/369/631 808/368/631 812/368/631 814/369/631
f 803/367/624 805/370/624 809/370/624 807/367/624
f 806/369/624 804/368/624 808/368/624 810/369/624
f 804/366/624 803/367/624 807/367/624 808/366/624
f 813/370/629 814/371/629 812/372/629 811/367/629
f 808/366/630 807/367/630 811/367/630 812/366/630
f 809/370/633 810/369/633 814/369/633 813/370/633
f 807/367/632 809/370/632 813/370/632 811/367/632
o Cube.002
v -1.420965 -0.222736 -0.331798
v -1.480090 -0.261483 -0.327223
v -1.405363 -0.253936 -0.271215
v -1.459275 -0.286487 -0.271967
v -1.455878 -0.179530 -0.289738
v -1.497022 -0.220277 -0.287611
v -1.435314 -0.208167 -0.234198
v -1.497762 -0.247881 -0.224492
v -1.498099 -0.220496 -0.286410
v -1.499986 -0.220850 -0.284371
v -1.502782 -0.221445 -0.281192
v -1.506053 -0.222232 -0.277265
v -1.509482 -0.223303 -0.272591
v -1.512805 -0.224715 -0.267214
v -1.515804 -0.226464 -0.261284
v -1.518277 -0.228555 -0.254920
v -1.517906 -0.231176 -0.249215
v -1.513659 -0.234058 -0.245456
v -1.509859 -0.236801 -0.241718
v -1.506556 -0.239418 -0.237941
v -1.503695 -0.241933 -0.234106
v -1.501201 -0.244324 -0.230313
v -1.499277 -0.246302 -0.227085
v -1.481930 -0.260052 -0.326632
v -1.484448 -0.258089 -0.325816
v -1.487771 -0.255524 -0.324772
v -1.491452 -0.252701 -0.323637
v -1.495421 -0.249651 -0.322407
v -1.499627 -0.246382 -0.321057
v -1.499732 -0.242185 -0.316008
v -1.498564 -0.238454 -0.310729
v -1.496723 -0.235267 -0.305692
v -1.494541 -0.232483 -0.300933
v -1.492372 -0.230103 -0.296672
v -1.490897 -0.228057 -0.293256
v -1.491106 -0.226006 -0.290887
v -1.492921 -0.223734 -0.289255
v -1.495092 -0.221798 -0.288256
v -1.423829 -0.224599 -0.331520
v -1.427392 -0.226907 -0.331136
v -1.431631 -0.229665 -0.330726
v -1.435894 -0.232457 -0.330392
v -1.440007 -0.235238 -0.330418
v -1.443927 -0.238048 -0.331085
v -1.448085 -0.240660 -0.330306
v -1.451968 -0.242998 -0.329177
v -1.455666 -0.245267 -0.328267
v -1.459443 -0.247670 -0.327684
v -1.463311 -0.250214 -0.327420
v -1.467201 -0.252827 -0.327376
v -1.471069 -0.255439 -0.327389
v -1.474796 -0.257941 -0.327337
v -1.477793 -0.259951 -0.327292
v -1.494464 -0.245751 -0.224875
v -1.490306 -0.243144 -0.225669
v -1.485282 -0.240091 -0.227021
v -1.480080 -0.237078 -0.229018
v -1.474949 -0.234262 -0.231616
v -1.470095 -0.231751 -0.234685
v -1.465788 -0.229668 -0.237996
v -1.462234 -0.228032 -0.241063
v -1.459199 -0.226472 -0.243023
v -1.456153 -0.224441 -0.243118
v -1.452801 -0.221824 -0.241687
v -1.449125 -0.218844 -0.239674
v -1.445208 -0.215719 -0.237729
v -1.441247 -0.212656 -0.236158
v -1.437943 -0.210141 -0.235001
v -1.406683 -0.255828 -0.271047
v -1.408491 -0.258430 -0.270816
v -1.410814 -0.261878 -0.270501
v -1.413326 -0.265686 -0.270147
v -1.415992 -0.269793 -0.269760
v -1.418819 -0.274159 -0.269348
v -1.421794 -0.278660 -0.268930
v -1.424967 -0.283165 -0.268534
v -1.428566 -0.287649 -0.268192
v -1.433394 -0.290566 -0.268259
v -1.439735 -0.289360 -0.269203
v -1.445352 -0.288107 -0.270070
v -1.450216 -0.287072 -0.270812
v -1.454336 -0.286467 -0.271395
v -1.457263 -0.286320 -0.271761
v -1.458083 -0.180520 -0.289827
v -1.461044 -0.181854 -0.289945
v -1.464856 -0.183510 -0.290108
v -1.468919 -0.185254 -0.290285
v -1.473172 -0.186986 -0.290487
v -1.477609 -0.188634 -0.290724
v -1.482142 -0.190164 -0.290992
v -1.486710 -0.191635 -0.291274
v -1.491447 -0.193292 -0.291545
v -1.496452 -0.195316 -0.291784
v -1.501085 -0.198117 -0.291848
v -1.501035 -0.204462 -0.290764
v -1.500383 -0.210136 -0.289725
v -1.499355 -0.214949 -0.288788
v -1.498155 -0.218246 -0.288088
v -1.403687 -0.253035 -0.269068
v -1.401767 -0.251471 -0.265958
v -1.399702 -0.249064 -0.261731
v -1.397834 -0.246069 -0.256911
v -1.396351 -0.242515 -0.251651
v -1.395378 -0.238446 -0.246083
v -1.395017 -0.233949 -0.240376
v -1.395381 -0.229096 -0.234690
v -1.398437 -0.224240 -0.230686
v -1.405169 -0.220246 -0.230036
v -1.411773 -0.216805 -0.229978
v -1.418044 -0.213942 -0.230418
v -1.423813 -0.211645 -0.231232
v -1.428884 -0.209876 -0.232252
v -1.432660 -0.208775 -0.233276
v -1.418272 -0.223774 -0.331206
v -1.414687 -0.225281 -0.330132
v -1.412975 -0.227741 -0.325670
v -1.411535 -0.230296 -0.320815
v -1.410436 -0.232843 -0.315755
v -1.409663 -0.235312 -0.310657
v -1.409204 -0.237616 -0.305730
v -1.409003 -0.239703 -0.301128
v -1.408898 -0.241669 -0.296735
v -1.408681 -0.243648 -0.292386
v -1.408276 -0.245646 -0.288119
v -1.407700 -0.247625 -0.284005
v -1.407032 -0.249560 -0.280051
v -1.406369 -0.251394 -0.276324
v -1.405796 -0.252846 -0.273404
v -1.497747 -0.251182 -0.224106
v -1.497648 -0.255681 -0.223687
v -1.497426 -0.261607 -0.223259
v -1.496128 -0.267587 -0.224285
v -1.493849 -0.273162 -0.226691
v -1.491548 -0.279019 -0.229092
v -1.487510 -0.282423 -0.234153
v -1.482940 -0.283979 -0.240163
v -1.478595 -0.284714 -0.245969
v -1.474507 -0.284921 -0.251491
v -1.470760 -0.284827 -0.256587
v -1.467446 -0.284659 -0.261105
v -1.464584 -0.284679 -0.264986
v -1.462166 -0.285076 -0.268218
v -1.460453 -0.285725 -0.270463
v -1.435156 -0.205527 -0.234462
v -1.435021 -0.201775 -0.235047
v -1.434955 -0.196723 -0.236110
v -1.435000 -0.190971 -0.237603
v -1.435330 -0.184954 -0.239837
v -1.437502 -0.182837 -0.245484
v -1.439716 -0.181241 -0.251103
v -1.441906 -0.180210 -0.256532
v -1.444078 -0.179655 -0.261802
v -1.446237 -0.179378 -0.266974
v -1.448331 -0.179274 -0.271952
v -1.450302 -0.179277 -0.276612
v -1.452125 -0.179335 -0.280909
v -1.453766 -0.179404 -0.284773
v -1.454997 -0.179460 -0.287670
v -1.454456 -0.178695 -0.291771
v -1.452364 -0.177922 -0.294706
v -1.449480 -0.177341 -0.298690
v -1.446165 -0.177104 -0.303217
v -1.442508 -0.177353 -0.308149
v -1.438589 -0.178179 -0.313365
v -1.434524 -0.179634 -0.318703
v -1.430961 -0.182852 -0.323142
v -1.428684 -0.188540 -0.325532
v -1.426643 -0.194312 -0.327591
v -1.424821 -0.200031 -0.329360
v -1.423225 -0.205552 -0.330846
v -1.421851 -0.210780 -0.332067
v -1.420699 -0.215573 -0.333041
v -1.420659 -0.219691 -0.332588
v -1.460143 -0.287832 -0.273696
v -1.461475 -0.289801 -0.276369
v -1.463390 -0.292405 -0.280270
v -1.465678 -0.295264 -0.284991
v -1.468300 -0.298092 -0.290511
v -1.471212 -0.300637 -0.296782
v -1.474337 -0.302683 -0.303679
v -1.477551 -0.303813 -0.311006
v -1.479642 -0.300431 -0.316767
v -1.480500 -0.293748 -0.320409
v -1.481031 -0.287029 -0.323286
v -1.481254 -0.280493 -0.325389
v -1.481203 -0.274332 -0.326755
v -1.480940 -0.268786 -0.327471
v -1.480542 -0.264546 -0.327553
v -1.416652 -0.219850 -0.331892
v -1.415373 -0.214796 -0.332435
v -1.415980 -0.209608 -0.331256
v -1.417045 -0.204028 -0.329810
v -1.418461 -0.198188 -0.328066
v -1.420192 -0.192194 -0.326005
v -1.422216 -0.186188 -0.323620
v -1.425117 -0.181220 -0.320222
v -1.429532 -0.178994 -0.315091
v -1.433937 -0.177481 -0.309949
v -1.438231 -0.176612 -0.304946
v -1.442298 -0.176337 -0.300243
v -1.446071 -0.176579 -0.295974
v -1.449521 -0.177228 -0.292329
v -1.452581 -0.178215 -0.289577
v -1.412859 -0.220917 -0.329651
v -1.411476 -0.215719 -0.329315
v -1.410592 -0.209723 -0.328887
v -1.410508 -0.203278 -0.327931
v -1.411748 -0.197084 -0.325849
v -1.413399 -0.190785 -0.323437
v -1.415431 -0.184514 -0.320688
v -1.419925 -0.181164 -0.315874
v -1.424658 -0.178804 -0.310878
v -1.429417 -0.177173 -0.305901
v -1.434106 -0.176207 -0.301089
v -1.438611 -0.175862 -0.296592
v -1.442856 -0.176080 -0.292553
v -1.446816 -0.176786 -0.289148
v -1.450449 -0.177917 -0.286541
v -1.410804 -0.223163 -0.325096
v -1.409034 -0.217858 -0.324545
v -1.407733 -0.211831 -0.323832
v -1.406955 -0.205186 -0.322818
v -1.406727 -0.198071 -0.321385
v -1.407080 -0.190656 -0.319477
v -1.409938 -0.184981 -0.315858
v -1.414850 -0.181612 -0.310991
v -1.419901 -0.179065 -0.306102
v -1.425014 -0.177262 -0.301272
v -1.430095 -0.176150 -0.296634
v -1.435039 -0.175689 -0.292328
v -1.439747 -0.175837 -0.288486
v -1.444178 -0.176540 -0.285246
v -1.448295 -0.177734 -0.282708
v -1.409072 -0.225726 -0.320223
v -1.406966 -0.220427 -0.319531
v -1.405299 -0.214415 -0.318586
v -1.404149 -0.207786 -0.317284
v -1.403568 -0.200683 -0.315553
v -1.403602 -0.193271 -0.313358
v -1.406104 -0.187309 -0.309810
v -1.411628 -0.184276 -0.304899
v -1.416903 -0.181685 -0.300212
v -1.421853 -0.179287 -0.295762
v -1.426445 -0.176856 -0.291589
v -1.431546 -0.175823 -0.287533
v -1.436696 -0.175848 -0.283871
v -1.441565 -0.176477 -0.280782
v -1.446100 -0.177648 -0.278347
v -1.407701 -0.228413 -0.315170
v -1.405279 -0.223221 -0.314364
v -1.403275 -0.217293 -0.313214
v -1.401786 -0.210734 -0.311652
v -1.400885 -0.203685 -0.309636
v -1.400627 -0.196308 -0.307151
v -1.403272 -0.190508 -0.303418
v -1.409117 -0.187527 -0.298673
v -1.414675 -0.184977 -0.294181
v -1.419833 -0.182610 -0.289945
v -1.424540 -0.180178 -0.285977
v -1.428823 -0.177477 -0.282267
v -1.433652 -0.176127 -0.278819
v -1.438913 -0.176619 -0.275891
v -1.443815 -0.177696 -0.273589
v -1.406672 -0.231107 -0.310075
v -1.403958 -0.226102 -0.309161
v -1.401647 -0.220328 -0.307818
v -1.399851 -0.213899 -0.306003
v -1.398658 -0.206957 -0.303701
v -1.398128 -0.199658 -0.300916
v -1.400423 -0.193656 -0.297158
v -1.406553 -0.190631 -0.292586
v -1.412376 -0.188029 -0.288291
v -1.417747 -0.185612 -0.284263
v -1.422588 -0.183126 -0.280485
v -1.426919 -0.180352 -0.276914
v -1.430876 -0.177157 -0.273486
v -1.436221 -0.176999 -0.270677
v -1.441439 -0.177920 -0.268513
v -1.405974 -0.233693 -0.305115
v -1.402993 -0.228939 -0.304063
v -1.400401 -0.223387 -0.302500
v -1.398325 -0.217153 -0.300409
v -1.396861 -0.210380 -0.297800
v -1.396080 -0.203218 -0.294699
v -1.397447 -0.196722 -0.290942
v -1.403788 -0.193559 -0.286549
v -1.409823 -0.190811 -0.282456
v -1.415386 -0.188254 -0.278636
v -1.420376 -0.185647 -0.275042
v -1.424800 -0.182773 -0.271598
v -1.428796 -0.179500 -0.268216
v -1.433526 -0.177664 -0.265266
v -1.439021 -0.178373 -0.263250
v -1.405562 -0.236078 -0.300410
v -1.402344 -0.231618 -0.299154
v -1.399503 -0.226345 -0.297315
v -1.397176 -0.220374 -0.294905
v -1.395468 -0.213840 -0.291961
v -1.394458 -0.206888 -0.288532
v -1.394302 -0.199717 -0.284669
v -1.400746 -0.196342 -0.280459
v -1.406909 -0.193368 -0.276571
v -1.412615 -0.190592 -0.272959
v -1.417755 -0.187799 -0.269545
v -1.422319 -0.184793 -0.266227
v -1.426435 -0.181454 -0.262891
v -1.430855 -0.178697 -0.259761
v -1.436601 -0.179150 -0.257899
v -1.405298 -0.238312 -0.295848
v -1.401902 -0.234143 -0.294338
v -1.398870 -0.229174 -0.292194
v -1.396346 -0.223510 -0.289452
v -1.394439 -0.217276 -0.286173
v -1.393234 -0.210606 -0.282428
v -1.392796 -0.203630 -0.278295
v -1.397436 -0.199069 -0.274212
v -1.403628 -0.195817 -0.270520
v -1.409415 -0.192774 -0.267099
v -1.414684 -0.189756 -0.263844
v -1.419418 -0.186603 -0.260632
v -1.423722 -0.183213 -0.257334
v -1.428216 -0.180240 -0.254144
v -1.434179 -0.180420 -0.252419
v -1.405015 -0.240508 -0.291293
v -1.401536 -0.236605 -0.289526
v -1.398404 -0.231941 -0.287090
v -1.395762 -0.226603 -0.284040
v -1.393724 -0.220703 -0.280454
v -1.392377 -0.214363 -0.276423
v -1.391797 -0.207701 -0.272044
v -1.393942 -0.201863 -0.267724
v -1.400090 -0.198305 -0.264198
v -1.405906 -0.194971 -0.260929
v -1.411284 -0.191716 -0.257794
v -1.416201 -0.188416 -0.254658
v -1.420733 -0.184995 -0.251388
v -1.425664 -0.182339 -0.248389
v -1.431783 -0.182255 -0.246776
v -1.404656 -0.242683 -0.286803
v -1.401202 -0.239037 -0.284781
v -1.398069 -0.234685 -0.282072
v -1.395398 -0.229691 -0.278737
v -1.393303 -0.224149 -0.274869
v -1.391877 -0.218171 -0.270576
v -1.391201 -0.211862 -0.265974
v -1.391350 -0.205318 -0.261172
v -1.396472 -0.200983 -0.257539
v -1.402293 -0.197347 -0.254384
v -1.407773 -0.193847 -0.251339
v -1.412877 -0.190400 -0.248272
v -1.417656 -0.186951 -0.245056
v -1.423313 -0.184942 -0.242604
v -1.429508 -0.184602 -0.241108
v -1.404239 -0.244818 -0.282473
v -1.400914 -0.241435 -0.280210
v -1.397875 -0.237417 -0.277237
v -1.395259 -0.232795 -0.273628
v -1.393181 -0.227635 -0.269492
v -1.391739 -0.222040 -0.264952
v -1.391020 -0.216107 -0.260141
v -1.391113 -0.209919 -0.255183
v -1.392980 -0.203996 -0.250516
v -1.398803 -0.200047 -0.247443
v -1.404382 -0.196295 -0.244482
v -1.409672 -0.192687 -0.241512
v -1.415364 -0.189880 -0.238997
v -1.422399 -0.189354 -0.238128
v -1.428972 -0.189713 -0.237680
v -1.403835 -0.246927 -0.278358
v -1.400728 -0.243822 -0.275898
v -1.397863 -0.240155 -0.272682
v -1.395375 -0.235932 -0.268803
v -1.393381 -0.231181 -0.264403
v -1.391983 -0.225984 -0.259621
v -1.391276 -0.220435 -0.254603
v -1.391359 -0.214610 -0.249491
v -1.392339 -0.208567 -0.244372
v -1.395669 -0.203199 -0.240120
v -1.402448 -0.199880 -0.238013
v -1.409726 -0.197606 -0.236797
v -1.416718 -0.196085 -0.236059
v -1.423311 -0.195392 -0.235729
v -1.429405 -0.195592 -0.235761
v -1.403546 -0.249052 -0.274590
v -1.400738 -0.246266 -0.271979
v -1.398109 -0.242963 -0.268511
v -1.395802 -0.239149 -0.264350
v -1.393944 -0.234815 -0.259680
v -1.392644 -0.230017 -0.254652
v -1.392001 -0.224847 -0.249424
v -1.392123 -0.219376 -0.244146
v -1.393134 -0.213648 -0.238912
v -1.397903 -0.209080 -0.235752
v -1.405041 -0.205999 -0.234601
v -1.411974 -0.203575 -0.233970
v -1.418545 -0.201845 -0.233785
v -1.424636 -0.200899 -0.233936
v -1.430133 -0.200847 -0.234357
v -1.403490 -0.251171 -0.271466
v -1.401042 -0.248797 -0.268627
v -1.398693 -0.245902 -0.264833
v -1.396600 -0.242502 -0.260359
v -1.394917 -0.238575 -0.255406
v -1.393759 -0.234159 -0.250119
v -1.393231 -0.229345 -0.244664
v -1.393446 -0.224203 -0.239199
v -1.394536 -0.218768 -0.233824
v -1.401295 -0.214904 -0.232517
v -1.408156 -0.211672 -0.231928
v -1.414742 -0.209049 -0.231850
v -1.420893 -0.207051 -0.232179
v -1.426461 -0.205736 -0.232760
v -1.431276 -0.205267 -0.233486
v -1.458155 -0.285052 -0.269664
v -1.455060 -0.284902 -0.268631
v -1.451084 -0.285379 -0.267567
v -1.446326 -0.286368 -0.266395
v -1.440793 -0.287605 -0.265067
v -1.434522 -0.288800 -0.263625
v -1.428259 -0.288591 -0.262561
v -1.424221 -0.284286 -0.263011
v -1.420701 -0.279745 -0.263575
v -1.417426 -0.275157 -0.264168
v -1.414365 -0.270645 -0.264779
v -1.411542 -0.266337 -0.265404
v -1.408971 -0.262298 -0.266073
v -1.406695 -0.258625 -0.266882
v -1.404881 -0.255517 -0.267942
v -1.459493 -0.284116 -0.266861
v -1.456286 -0.283843 -0.265538
v -1.452340 -0.284232 -0.264113
v -1.447605 -0.285127 -0.262522
v -1.442076 -0.286247 -0.260733
v -1.435806 -0.287303 -0.258805
v -1.429945 -0.286160 -0.257810
v -1.425632 -0.282208 -0.258242
v -1.421178 -0.278694 -0.258385
v -1.416371 -0.275405 -0.258305
v -1.413020 -0.270725 -0.259143
v -1.409971 -0.266201 -0.260055
v -1.407253 -0.261921 -0.261082
v -1.404913 -0.257979 -0.262336
v -1.403051 -0.254485 -0.263922
v -1.461491 -0.283643 -0.263415
v -1.458037 -0.283304 -0.261865
v -1.453974 -0.283591 -0.260130
v -1.449166 -0.284315 -0.258147
v -1.443573 -0.285204 -0.255923
v -1.437253 -0.285986 -0.253550
v -1.431526 -0.284162 -0.252648
v -1.427036 -0.280143 -0.253182
v -1.422422 -0.276535 -0.253361
v -1.417434 -0.273204 -0.253222
v -1.412051 -0.270005 -0.252926
v -1.408715 -0.265262 -0.254146
v -1.405769 -0.260727 -0.255541
v -1.403253 -0.256476 -0.257205
v -1.401219 -0.252578 -0.259231
v -1.464007 -0.283609 -0.259327
v -1.460266 -0.283191 -0.257514
v -1.455989 -0.283310 -0.255459
v -1.451023 -0.283768 -0.253108
v -1.445311 -0.284316 -0.250501
v -1.438898 -0.284707 -0.247748
v -1.433072 -0.282440 -0.246846
v -1.428279 -0.278317 -0.247437
v -1.423397 -0.274547 -0.247657
v -1.418211 -0.271020 -0.247543
v -1.412656 -0.267619 -0.247243
v -1.407860 -0.263541 -0.247785
v -1.404621 -0.258755 -0.249545
v -1.401849 -0.254208 -0.251602
v -1.399578 -0.249963 -0.254028
v -1.466967 -0.283788 -0.254562
v -1.462913 -0.283263 -0.252448
v -1.458370 -0.283149 -0.250066
v -1.453193 -0.283262 -0.247382
v -1.447323 -0.283383 -0.244452
v -1.441209 -0.282169 -0.242421
v -1.434982 -0.280203 -0.240885
v -1.429514 -0.276505 -0.240937
v -1.424288 -0.272526 -0.241203
v -1.418845 -0.268739 -0.241160
v -1.413108 -0.265043 -0.240945
v -1.407481 -0.261091 -0.241105
v -1.403918 -0.256084 -0.243201
v -1.400853 -0.251278 -0.245626
v -1.398323 -0.246739 -0.248422
v -1.470335 -0.283899 -0.249181
v -1.465938 -0.283241 -0.246751
v -1.461100 -0.282850 -0.244053
v -1.455685 -0.282565 -0.241068
v -1.449637 -0.282176 -0.237883
v -1.443592 -0.279766 -0.236502
v -1.437205 -0.277495 -0.234798
v -1.430904 -0.274465 -0.233752
v -1.425294 -0.270259 -0.234067
v -1.419550 -0.266186 -0.234136
v -1.413598 -0.262162 -0.234073
v -1.407635 -0.257971 -0.234260
v -1.403736 -0.252783 -0.236659
v -1.400370 -0.247761 -0.239411
v -1.397575 -0.242967 -0.242540
v -1.474028 -0.283701 -0.243349
v -1.469278 -0.282885 -0.240593
v -1.464138 -0.282183 -0.237581
v -1.458480 -0.281462 -0.234313
v -1.452358 -0.279954 -0.231587
v -1.446109 -0.277275 -0.230019
v -1.439548 -0.274653 -0.228172
v -1.432621 -0.271943 -0.226119
v -1.426587 -0.267564 -0.226405
v -1.420524 -0.263213 -0.226615
v -1.414335 -0.258867 -0.226752
v -1.408383 -0.254249 -0.227405
v -1.404152 -0.248928 -0.230079
v -1.400486 -0.243739 -0.233126
v -1.397430 -0.238734 -0.236551
v -1.477970 -0.282961 -0.237215
v -1.472867 -0.281964 -0.234126
v -1.467435 -0.280928 -0.230806
v -1.461549 -0.279756 -0.227272
v -1.455270 -0.277438 -0.224845
v -1.448820 -0.274470 -0.223089
v -1.442097 -0.271483 -0.221126
v -1.435452 -0.267765 -0.220147
v -1.429415 -0.263101 -0.220876
v -1.423524 -0.258433 -0.221736
v -1.417769 -0.253747 -0.222733
v -1.412154 -0.249018 -0.223904
v -1.406699 -0.244205 -0.225317
v -1.401443 -0.239260 -0.227063
v -1.397998 -0.234109 -0.230612
v -1.482148 -0.281392 -0.230875
v -1.476704 -0.280216 -0.227465
v -1.470995 -0.278861 -0.223860
v -1.464901 -0.277265 -0.220091
v -1.458481 -0.273718 -0.218909
v -1.452262 -0.269257 -0.219263
v -1.446270 -0.264776 -0.219851
v -1.440460 -0.260346 -0.220581
v -1.434774 -0.256000 -0.221382
v -1.429177 -0.251719 -0.222219
v -1.423659 -0.247459 -0.223098
v -1.418233 -0.243159 -0.224062
v -1.412933 -0.238756 -0.225192
v -1.407814 -0.234180 -0.226589
v -1.402952 -0.229365 -0.228373
v -1.486528 -0.278867 -0.224482
v -1.480794 -0.277529 -0.220785
v -1.474388 -0.274442 -0.219230
v -1.467988 -0.270376 -0.219166
v -1.461895 -0.266113 -0.219540
v -1.456095 -0.261780 -0.220221
v -1.450548 -0.257491 -0.221079
v -1.445186 -0.253340 -0.221995
v -1.439914 -0.249361 -0.222874
v -1.434669 -0.245502 -0.223667
v -1.429438 -0.241683 -0.224384
v -1.424244 -0.237817 -0.225086
v -1.419135 -0.233821 -0.225874
v -1.414188 -0.229613 -0.226872
v -1.409497 -0.225116 -0.228211
v -1.489707 -0.273764 -0.220855
v -1.483041 -0.270635 -0.219981
v -1.476679 -0.267011 -0.219778
v -1.470632 -0.263059 -0.220133
v -1.464908 -0.258933 -0.220914
v -1.459509 -0.254777 -0.221976
v -1.454408 -0.250731 -0.223160
v -1.449524 -0.246908 -0.224304
v -1.444711 -0.243330 -0.225272
v -1.439859 -0.239903 -0.225996
v -1.434949 -0.236512 -0.226497
v -1.430013 -0.233055 -0.226867
v -1.425122 -0.229442 -0.227247
v -1.420372 -0.225587 -0.227792
v -1.415879 -0.221406 -0.228654
v -1.490927 -0.266552 -0.221082
v -1.484634 -0.263580 -0.220639
v -1.478625 -0.260098 -0.220865
v -1.472912 -0.256297 -0.221657
v -1.467512 -0.252353 -0.222882
v -1.462462 -0.248425 -0.224381
v -1.457769 -0.244670 -0.225957
v -1.453360 -0.241217 -0.227385
v -1.449026 -0.238061 -0.228462
v -1.444590 -0.235052 -0.229090
v -1.440017 -0.232050 -0.229311
v -1.435352 -0.228948 -0.229275
v -1.430689 -0.225674 -0.229179
v -1.426154 -0.222142 -0.229227
v -1.421888 -0.218267 -0.229592
v -1.491838 -0.259956 -0.221740
v -1.485956 -0.257174 -0.221705
v -1.480288 -0.253870 -0.222338
v -1.474862 -0.250257 -0.223558
v -1.469715 -0.246540 -0.225241
v -1.464927 -0.242888 -0.227219
v -1.460564 -0.239473 -0.229255
v -1.456585 -0.236429 -0.231041
v -1.452723 -0.233701 -0.232264
v -1.448704 -0.231075 -0.232771
v -1.444466 -0.228391 -0.232640
v -1.440070 -0.225564 -0.232117
v -1.435636 -0.222544 -0.231491
v -1.431333 -0.219266 -0.231020
v -1.427337 -0.215668 -0.230885
v -1.492610 -0.254163 -0.222700
v -1.487188 -0.251576 -0.223027
v -1.481812 -0.248454 -0.224007
v -1.476578 -0.245053 -0.225601
v -1.471575 -0.241606 -0.227713
v -1.466922 -0.238287 -0.230173
v -1.462760 -0.235268 -0.232721
v -1.459114 -0.232672 -0.234949
v -1.455673 -0.230367 -0.236379
v -1.452050 -0.228059 -0.236742
v -1.448136 -0.225580 -0.236181
v -1.443995 -0.222891 -0.235103
v -1.439767 -0.219985 -0.233932
v -1.435679 -0.216847 -0.232968
v -1.431987 -0.213496 -0.232369
v -1.493476 -0.249411 -0.223825
v -1.488539 -0.246911 -0.224425
v -1.483386 -0.243897 -0.225641
v -1.478228 -0.240703 -0.227506
v -1.473230 -0.237566 -0.229951
v -1.468555 -0.234638 -0.232818
v -1.464417 -0.232078 -0.235849
v -1.460933 -0.229967 -0.238567
v -1.457798 -0.228067 -0.240276
v -1.454522 -0.225972 -0.240487
v -1.450911 -0.223525 -0.239437
v -1.447012 -0.220784 -0.237798
v -1.442953 -0.217832 -0.236144
v -1.438992 -0.214742 -0.234801
v -1.435524 -0.211636 -0.233857
v -1.497284 -0.243318 -0.225702
v -1.492895 -0.239937 -0.226663
v -1.487844 -0.236743 -0.228073
v -1.482496 -0.233831 -0.230046
v -1.477142 -0.231254 -0.232573
v -1.472019 -0.229066 -0.235545
v -1.467422 -0.227337 -0.238747
v -1.463606 -0.225999 -0.241719
v -1.460417 -0.224573 -0.243632
v -1.457377 -0.222462 -0.243738
v -1.454135 -0.219616 -0.242360
v -1.450585 -0.216374 -0.240406
v -1.446745 -0.213057 -0.238487
v -1.442719 -0.209981 -0.236858
v -1.438763 -0.207473 -0.235513
v -1.499882 -0.240559 -0.228221
v -1.496443 -0.236834 -0.227641
v -1.491214 -0.233460 -0.228959
v -1.485675 -0.230531 -0.230752
v -1.480088 -0.228032 -0.233008
v -1.474698 -0.225971 -0.235617
v -1.469797 -0.224346 -0.238365
v -1.465635 -0.222995 -0.240842
v -1.462110 -0.221430 -0.242432
v -1.458822 -0.219167 -0.242663
v -1.455451 -0.216199 -0.241726
v -1.451842 -0.212836 -0.240221
v -1.447951 -0.209418 -0.238634
v -1.443806 -0.206267 -0.237202
v -1.439498 -0.203650 -0.235999
v -1.502323 -0.237782 -0.231920
v -1.500776 -0.233622 -0.228940
v -1.495372 -0.229998 -0.229936
v -1.489625 -0.226926 -0.231422
v -1.483819 -0.224336 -0.233280
v -1.478189 -0.222197 -0.235395
v -1.472993 -0.220436 -0.237564
v -1.468444 -0.218837 -0.239477
v -1.464473 -0.216979 -0.240746
v -1.460768 -0.214532 -0.241110
v -1.457067 -0.211506 -0.240654
v -1.453203 -0.208133 -0.239708
v -1.449100 -0.204701 -0.238609
v -1.444712 -0.201496 -0.237576
v -1.440019 -0.198761 -0.236724
v -1.505167 -0.235023 -0.235708
v -1.503704 -0.230538 -0.232750
v -1.500178 -0.226255 -0.231243
v -1.494233 -0.222922 -0.232353
v -1.488230 -0.220101 -0.233768
v -1.482375 -0.217723 -0.235372
v -1.476881 -0.215664 -0.237003
v -1.471914 -0.213699 -0.238447
v -1.467436 -0.211501 -0.239477
v -1.463224 -0.208854 -0.239942
v -1.459069 -0.205777 -0.239866
v -1.454810 -0.202432 -0.239421
v -1.450347 -0.199043 -0.238821
v -1.445602 -0.195852 -0.238247
v -1.440509 -0.193086 -0.237816
v -1.508454 -0.232187 -0.239452
v -1.507048 -0.227392 -0.236544
v -1.505433 -0.222182 -0.233063
v -1.499322 -0.218517 -0.233778
v -1.493142 -0.215373 -0.234762
v -1.487070 -0.212648 -0.235909
v -1.481275 -0.210200 -0.237095
v -1.475880 -0.207825 -0.238182
v -1.470874 -0.205283 -0.239036
v -1.466114 -0.202437 -0.239563
v -1.461439 -0.199301 -0.239758
v -1.456706 -0.195991 -0.239711
v -1.451802 -0.192677 -0.239553
v -1.446635 -0.189557 -0.239419
v -1.441134 -0.186831 -0.239419
v -1.512218 -0.229205 -0.243153
v -1.510821 -0.224092 -0.240319
v -1.509251 -0.218498 -0.236993
v -1.504137 -0.214087 -0.236397
v -1.498358 -0.210249 -0.236450
v -1.492081 -0.207113 -0.237218
v -1.485992 -0.204234 -0.238057
v -1.480184 -0.201447 -0.238876
v -1.474664 -0.198581 -0.239591
v -1.469349 -0.195549 -0.240140
v -1.464126 -0.192357 -0.240515
v -1.458780 -0.189870 -0.241446
v -1.453489 -0.187623 -0.242410
v -1.448222 -0.185641 -0.243382
v -1.442924 -0.184009 -0.244390
v -1.516405 -0.226046 -0.246870
v -1.514965 -0.220593 -0.244132
v -1.510923 -0.215705 -0.242858
v -1.505318 -0.211652 -0.242738
v -1.499501 -0.208004 -0.242896
v -1.493589 -0.204708 -0.243281
v -1.487689 -0.201699 -0.243844
v -1.481889 -0.198906 -0.244538
v -1.476241 -0.196254 -0.245317
v -1.470763 -0.193688 -0.246122
v -1.465443 -0.191188 -0.246912
v -1.460250 -0.188768 -0.247674
v -1.455139 -0.186479 -0.248428
v -1.450055 -0.184395 -0.249212
v -1.444944 -0.182611 -0.250079
v -1.518160 -0.223285 -0.252082
v -1.517076 -0.217654 -0.249402
v -1.511731 -0.213367 -0.249021
v -1.506070 -0.209535 -0.249005
v -1.500218 -0.206118 -0.249286
v -1.494292 -0.203064 -0.249792
v -1.488405 -0.200306 -0.250445
v -1.482649 -0.197761 -0.251167
v -1.477084 -0.195338 -0.251886
v -1.471729 -0.192957 -0.252550
v -1.466572 -0.190574 -0.253141
v -1.461569 -0.188198 -0.253679
v -1.456662 -0.185879 -0.254213
v -1.451792 -0.183704 -0.254812
v -1.446903 -0.181776 -0.255553
v -1.516078 -0.221506 -0.258748
v -1.515884 -0.215918 -0.256166
v -1.512079 -0.211256 -0.255107
v -1.506411 -0.207655 -0.255152
v -1.500569 -0.204478 -0.255512
v -1.494677 -0.201681 -0.256096
v -1.488853 -0.199196 -0.256802
v -1.483197 -0.196933 -0.257522
v -1.477766 -0.194776 -0.258161
v -1.472580 -0.192610 -0.258676
v -1.467618 -0.190367 -0.259072
v -1.462829 -0.188047 -0.259400
v -1.458143 -0.185710 -0.259739
v -1.453498 -0.183456 -0.260184
v -1.448837 -0.181397 -0.260833
v -1.513481 -0.220067 -0.264999
v -1.513724 -0.214701 -0.262788
v -1.512099 -0.209330 -0.261104
v -1.506465 -0.205961 -0.261156
v -1.500670 -0.203023 -0.261528
v -1.494847 -0.200480 -0.262121
v -1.489125 -0.198270 -0.262820
v -1.483613 -0.196299 -0.263494
v -1.478360 -0.194421 -0.264035
v -1.473370 -0.192477 -0.264410
v -1.468622 -0.190374 -0.264648
v -1.464056 -0.188107 -0.264822
v -1.459600 -0.185752 -0.265030
v -1.455185 -0.183428 -0.265380
v -1.450757 -0.181262 -0.265985
v -1.510563 -0.218958 -0.270721
v -1.511226 -0.213833 -0.268905
v -1.511300 -0.207956 -0.267130
v -1.506362 -0.204454 -0.266953
v -1.500649 -0.201726 -0.267275
v -1.494922 -0.199402 -0.267806
v -1.489329 -0.197435 -0.268431
v -1.483989 -0.195727 -0.269011
v -1.478930 -0.194106 -0.269433
v -1.474136 -0.192365 -0.269681
v -1.469584 -0.190391 -0.269803
v -1.465222 -0.188180 -0.269884
v -1.460982 -0.185828 -0.270021
v -1.456795 -0.183470 -0.270327
v -1.452602 -0.181243 -0.270922
v -1.507521 -0.218177 -0.275768
v -1.508564 -0.213307 -0.274382
v -1.509024 -0.207642 -0.273075
v -1.506205 -0.203143 -0.272482
v -1.500614 -0.200573 -0.272712
v -1.495009 -0.198404 -0.273125
v -1.489561 -0.196608 -0.273617
v -1.484405 -0.195098 -0.274057
v -1.479537 -0.193676 -0.274341
v -1.474909 -0.192098 -0.274471
v -1.470508 -0.190238 -0.274511
v -1.466302 -0.188102 -0.274539
v -1.462242 -0.185799 -0.274641
v -1.458264 -0.183472 -0.274930
v -1.454308 -0.181258 -0.275534
v -1.504578 -0.217695 -0.280086
v -1.505919 -0.213113 -0.279137
v -1.506682 -0.207687 -0.278319
v -1.506079 -0.202039 -0.277707
v -1.500646 -0.199559 -0.277832
v -1.495183 -0.197462 -0.278096
v -1.489887 -0.195745 -0.278416
v -1.484907 -0.194341 -0.278683
v -1.480205 -0.193037 -0.278817
v -1.475696 -0.191563 -0.278836
v -1.471385 -0.189801 -0.278805
v -1.467275 -0.187768 -0.278793
v -1.463337 -0.185574 -0.278874
v -1.459530 -0.183356 -0.279169
v -1.455821 -0.181242 -0.279796
v -1.501976 -0.217541 -0.283672
v -1.503463 -0.213299 -0.283141
v -1.504406 -0.208113 -0.282826
v -1.504754 -0.202138 -0.282674
v -1.500800 -0.198703 -0.282678
v -1.495485 -0.196590 -0.282783
v -1.490328 -0.194856 -0.282913
v -1.485495 -0.193458 -0.282996
v -1.480913 -0.192182 -0.282979
v -1.476465 -0.190749 -0.282891
v -1.472179 -0.189061 -0.282792
v -1.468092 -0.187145 -0.282732
v -1.464190 -0.185103 -0.282780
v -1.460477 -0.183059 -0.283063
v -1.457016 -0.181136 -0.283692
v -1.499863 -0.217819 -0.286395
v -1.501294 -0.213911 -0.286343
v -1.502289 -0.208926 -0.286594
v -1.502807 -0.203117 -0.287029
v -1.501106 -0.198051 -0.287340
v -1.495917 -0.195841 -0.287290
v -1.490867 -0.194001 -0.287229
v -1.486123 -0.192516 -0.287128
v -1.481592 -0.191182 -0.286971
v -1.477140 -0.189729 -0.286788
v -1.472814 -0.188083 -0.286621
v -1.468680 -0.186276 -0.286498
v -1.464729 -0.184396 -0.286459
v -1.461000 -0.182562 -0.286613
v -1.457712 -0.180897 -0.287082
v -1.495639 -0.222609 -0.287054
v -1.493097 -0.225046 -0.287953
v -1.491047 -0.227394 -0.289389
v -1.490820 -0.229501 -0.291619
v -1.492554 -0.231723 -0.294883
v -1.495020 -0.234393 -0.298935
v -1.497466 -0.237531 -0.303446
v -1.499541 -0.241117 -0.308211
v -1.500926 -0.245262 -0.313204
v -1.501427 -0.249956 -0.318386
v -1.499226 -0.254109 -0.321878
v -1.494921 -0.257158 -0.323339
v -1.490827 -0.259882 -0.324640
v -1.486989 -0.262149 -0.325822
v -1.483512 -0.263700 -0.326857
v -1.497637 -0.223585 -0.285248
v -1.495262 -0.226117 -0.286414
v -1.493500 -0.228492 -0.288018
v -1.493265 -0.230809 -0.290269
v -1.494672 -0.233402 -0.293327
v -1.496874 -0.236493 -0.297082
v -1.499162 -0.240079 -0.301292
v -1.501141 -0.244140 -0.305768
v -1.502474 -0.248751 -0.310478
v -1.502952 -0.253854 -0.315399
v -1.500905 -0.258293 -0.319083
v -1.497939 -0.262297 -0.322214
v -1.493435 -0.264960 -0.323807
v -1.489069 -0.267039 -0.325206
v -1.484914 -0.268371 -0.326437
v -1.500726 -0.224547 -0.282526
v -1.498780 -0.227279 -0.284112
v -1.497449 -0.229867 -0.286032
v -1.497230 -0.232542 -0.288420
v -1.498186 -0.235583 -0.291386
v -1.499852 -0.239131 -0.294912
v -1.501691 -0.243187 -0.298861
v -1.503305 -0.247734 -0.303089
v -1.504354 -0.252803 -0.307555
v -1.503608 -0.257761 -0.311659
v -1.500406 -0.261670 -0.314597
v -1.497518 -0.265761 -0.317854
v -1.494746 -0.269927 -0.321419
v -1.490675 -0.272676 -0.323908
v -1.485890 -0.273934 -0.325415
v -1.504395 -0.225647 -0.278967
v -1.502893 -0.228718 -0.280906
v -1.501906 -0.231702 -0.283119
v -1.501702 -0.234850 -0.285681
v -1.502299 -0.238380 -0.288667
v -1.503425 -0.242399 -0.292087
v -1.504710 -0.246924 -0.295875
v -1.505812 -0.251939 -0.299933
v -1.506423 -0.257433 -0.304223
v -1.503452 -0.261538 -0.307346
v -1.500202 -0.265516 -0.310395
v -1.497272 -0.269728 -0.313758
v -1.494433 -0.274069 -0.317449
v -1.491438 -0.278378 -0.321480
v -1.486503 -0.280094 -0.323741
v -1.508230 -0.227062 -0.274607
v -1.507113 -0.230556 -0.276827
v -1.506378 -0.234032 -0.279277
v -1.506170 -0.237705 -0.282008
v -1.506479 -0.241748 -0.285066
v -1.507129 -0.246253 -0.288467
v -1.507859 -0.251244 -0.292180
v -1.508398 -0.256698 -0.296147
v -1.507618 -0.262067 -0.300062
v -1.503745 -0.265873 -0.303091
v -1.500350 -0.269948 -0.306286
v -1.497258 -0.274278 -0.309745
v -1.494228 -0.278765 -0.313512
v -1.491003 -0.283258 -0.317608
v -1.486774 -0.286617 -0.321328
v -1.511935 -0.228854 -0.269513
v -1.511134 -0.232809 -0.271969
v -1.510574 -0.236806 -0.274617
v -1.510336 -0.241021 -0.277491
v -1.510396 -0.245593 -0.280628
v -1.510626 -0.250595 -0.284046
v -1.510836 -0.256040 -0.287736
v -1.510819 -0.261896 -0.291668
v -1.508444 -0.266853 -0.295373
v -1.504403 -0.270791 -0.298675
v -1.500788 -0.274971 -0.302062
v -1.497434 -0.279392 -0.305638
v -1.494111 -0.283976 -0.309466
v -1.490566 -0.288587 -0.313578
v -1.486549 -0.293050 -0.317988
v -1.515281 -0.231004 -0.263838
v -1.514735 -0.235437 -0.266492
v -1.514292 -0.239964 -0.269288
v -1.514000 -0.244727 -0.272264
v -1.513828 -0.249829 -0.275455
v -1.513680 -0.255319 -0.278888
v -1.513415 -0.261192 -0.282571
v -1.512878 -0.267401 -0.286496
v -1.509466 -0.272123 -0.290289
v -1.505246 -0.276212 -0.293899
v -1.501370 -0.280486 -0.297527
v -1.497694 -0.284964 -0.301262
v -1.494011 -0.289588 -0.305168
v -1.490084 -0.294249 -0.309285
v -1.485666 -0.298788 -0.313628
v -1.518068 -0.233509 -0.257704
v -1.517729 -0.238427 -0.260517
v -1.517361 -0.243479 -0.263414
v -1.516994 -0.248776 -0.266444
v -1.516603 -0.254385 -0.269653
v -1.516114 -0.260326 -0.273080
v -1.515425 -0.266576 -0.276749
v -1.514417 -0.273073 -0.280670
v -1.510449 -0.277756 -0.284687
v -1.506061 -0.281989 -0.288611
v -1.501919 -0.286338 -0.292509
v -1.497901 -0.290834 -0.296441
v -1.493827 -0.295448 -0.300459
v -1.489481 -0.300094 -0.304594
v -1.483975 -0.303077 -0.308245
v -1.519637 -0.236389 -0.251306
v -1.519913 -0.241797 -0.254050
v -1.519600 -0.247340 -0.257020
v -1.519161 -0.253123 -0.260080
v -1.518576 -0.259181 -0.263288
v -1.517793 -0.265511 -0.266693
v -1.516734 -0.272069 -0.270338
v -1.515311 -0.278783 -0.274248
v -1.511159 -0.283607 -0.278501
v -1.506625 -0.287967 -0.282718
v -1.502231 -0.292367 -0.286881
v -1.497876 -0.296851 -0.291020
v -1.492230 -0.299469 -0.294783
v -1.486104 -0.300787 -0.298061
v -1.480175 -0.301840 -0.301014
v -1.515306 -0.239068 -0.247350
v -1.517200 -0.244624 -0.249084
v -1.519219 -0.250903 -0.250884
v -1.518530 -0.256860 -0.253937
v -1.516525 -0.262485 -0.257455
v -1.514745 -0.268381 -0.260892
v -1.513154 -0.274632 -0.264367
v -1.511635 -0.281259 -0.268005
v -1.510006 -0.288230 -0.271913
v -1.505850 -0.293055 -0.276278
v -1.499501 -0.295119 -0.280633
v -1.493365 -0.296737 -0.284633
v -1.487491 -0.298009 -0.288252
v -1.481885 -0.299030 -0.291477
v -1.476501 -0.299885 -0.294311
v -1.511410 -0.241645 -0.243448
v -1.513156 -0.247083 -0.244896
v -1.514995 -0.253282 -0.246309
v -1.513820 -0.258909 -0.249312
v -1.511795 -0.264336 -0.252622
v -1.510009 -0.270070 -0.255786
v -1.508435 -0.276186 -0.258934
v -1.506965 -0.282702 -0.262215
v -1.505406 -0.289591 -0.265774
v -1.499888 -0.292329 -0.270343
v -1.493939 -0.293897 -0.274747
v -1.488260 -0.295079 -0.278773
v -1.482898 -0.295993 -0.282378
v -1.477844 -0.296745 -0.285535
v -1.473029 -0.297424 -0.288242
v -1.507994 -0.244116 -0.239530
v -1.509540 -0.249442 -0.240728
v -1.511121 -0.255552 -0.241794
v -1.509609 -0.260906 -0.244752
v -1.507578 -0.266193 -0.247876
v -1.505766 -0.271807 -0.250812
v -1.504159 -0.277811 -0.253681
v -1.502659 -0.284215 -0.256648
v -1.499862 -0.289572 -0.260347
v -1.494090 -0.291128 -0.265143
v -1.488569 -0.292227 -0.269609
v -1.483375 -0.293009 -0.273667
v -1.478555 -0.293606 -0.277259
v -1.474077 -0.294130 -0.280349
v -1.469845 -0.294667 -0.282924
v -1.504999 -0.246456 -0.235556
v -1.506302 -0.251652 -0.236525
v -1.507556 -0.257665 -0.237278
v -1.505886 -0.262858 -0.240109
v -1.503850 -0.268076 -0.243049
v -1.501985 -0.273632 -0.245796
v -1.500286 -0.279564 -0.248450
v -1.498672 -0.285873 -0.251169
v -1.493948 -0.288521 -0.255806
v -1.488580 -0.289604 -0.260707
v -1.483509 -0.290282 -0.265264
v -1.478819 -0.290714 -0.269376
v -1.474551 -0.291055 -0.272971
v -1.470645 -0.291417 -0.275992
v -1.466992 -0.291862 -0.278419
v -1.502323 -0.248541 -0.231561
v -1.503327 -0.253566 -0.232266
v -1.504185 -0.259493 -0.232703
v -1.502541 -0.264710 -0.235232
v -1.500480 -0.269948 -0.237986
v -1.498523 -0.275519 -0.240581
v -1.496673 -0.281436 -0.243086
v -1.493596 -0.286020 -0.246665
v -1.488405 -0.287251 -0.251968
v -1.483461 -0.287931 -0.257020
v -1.478848 -0.288254 -0.261708
v -1.474656 -0.288405 -0.265910
v -1.470909 -0.288567 -0.269545
v -1.467532 -0.288860 -0.272526
v -1.464441 -0.289296 -0.274789
v -1.499916 -0.250128 -0.227686
v -1.500495 -0.254991 -0.227986
v -1.500863 -0.260874 -0.228041
v -1.499373 -0.266348 -0.229991
v -1.497241 -0.271703 -0.232563
v -1.495145 -0.277371 -0.235041
v -1.493054 -0.283303 -0.237502
v -1.488073 -0.285020 -0.243222
v -1.483301 -0.285929 -0.248744
v -1.478789 -0.286305 -0.254003
v -1.474623 -0.286364 -0.258869
v -1.470898 -0.286311 -0.263205
v -1.467625 -0.286372 -0.266937
v -1.464729 -0.286691 -0.269980
v -1.462180 -0.287213 -0.272182
v -1.477425 -0.263531 -0.328050
v -1.473753 -0.261919 -0.328481
v -1.469788 -0.259697 -0.328887
v -1.465725 -0.257159 -0.329256
v -1.461618 -0.254505 -0.329646
v -1.457493 -0.251848 -0.330152
v -1.453412 -0.249286 -0.330821
v -1.449364 -0.246850 -0.331639
v -1.445443 -0.244132 -0.331368
v -1.441751 -0.241153 -0.329950
v -1.437815 -0.238315 -0.329294
v -1.433651 -0.235540 -0.329278
v -1.429350 -0.232721 -0.329642
v -1.425147 -0.229777 -0.330148
v -1.421410 -0.226736 -0.330702
v -1.476958 -0.268208 -0.328347
v -1.472799 -0.266793 -0.329127
v -1.468485 -0.264747 -0.329849
v -1.464092 -0.262288 -0.330524
v -1.459641 -0.259617 -0.331183
v -1.455158 -0.256866 -0.331872
v -1.450692 -0.254137 -0.332605
v -1.446351 -0.251310 -0.332885
v -1.442677 -0.247796 -0.330918
v -1.438874 -0.244599 -0.329538
v -1.434825 -0.241602 -0.328829
v -1.430550 -0.238695 -0.328700
v -1.426157 -0.235738 -0.328946
v -1.421862 -0.232582 -0.329370
v -1.417920 -0.229138 -0.329841
v -1.476545 -0.273799 -0.327971
v -1.471843 -0.272472 -0.329077
v -1.467073 -0.270523 -0.330086
v -1.462245 -0.268124 -0.331011
v -1.457362 -0.265444 -0.331875
v -1.452452 -0.262605 -0.332696
v -1.447547 -0.259708 -0.333468
v -1.443167 -0.256027 -0.332550
v -1.439240 -0.252176 -0.330771
v -1.435211 -0.248673 -0.329444
v -1.430978 -0.245397 -0.328649
v -1.426553 -0.242221 -0.328334
v -1.422032 -0.238999 -0.328349
v -1.418364 -0.235470 -0.327599
v -1.415507 -0.231748 -0.326483
v -1.476036 -0.280002 -0.326888
v -1.470791 -0.278743 -0.328259
v -1.465505 -0.276863 -0.329502
v -1.460178 -0.274509 -0.330624
v -1.454814 -0.271814 -0.331637
v -1.449437 -0.268886 -0.332546
v -1.444166 -0.265604 -0.333013
v -1.439639 -0.261256 -0.331635
v -1.435418 -0.257042 -0.330005
v -1.431412 -0.252966 -0.328255
v -1.427599 -0.249037 -0.326530
v -1.423977 -0.245257 -0.324940
v -1.420549 -0.241604 -0.323553
v -1.417320 -0.237994 -0.322408
v -1.414303 -0.234293 -0.321507
v -1.475305 -0.286586 -0.325043
v -1.469540 -0.285394 -0.326633
v -1.463733 -0.283577 -0.328058
v -1.457896 -0.281254 -0.329325
v -1.452308 -0.277285 -0.329078
v -1.447168 -0.272707 -0.328130
v -1.442452 -0.268062 -0.326906
v -1.438137 -0.263498 -0.325437
v -1.434140 -0.259113 -0.323781
v -1.430365 -0.254943 -0.322074
v -1.426754 -0.251005 -0.320463
v -1.423266 -0.247287 -0.319057
v -1.419877 -0.243737 -0.317906
v -1.416585 -0.240254 -0.317007
v -1.413419 -0.236691 -0.316316
v -1.474305 -0.293355 -0.322406
v -1.468054 -0.292223 -0.324181
v -1.461758 -0.288711 -0.324318
v -1.455881 -0.284486 -0.323917
v -1.450457 -0.279882 -0.323158
v -1.445494 -0.275052 -0.322088
v -1.440986 -0.270155 -0.320754
v -1.436898 -0.265351 -0.319212
v -1.433147 -0.260766 -0.317543
v -1.429626 -0.256480 -0.315893
v -1.426235 -0.252534 -0.314407
v -1.422885 -0.248911 -0.313190
v -1.419528 -0.245531 -0.312267
v -1.416167 -0.242257 -0.311600
v -1.412853 -0.238922 -0.311102
v -1.472714 -0.298577 -0.318075
v -1.466033 -0.295347 -0.318541
v -1.459800 -0.291437 -0.318524
v -1.454037 -0.286995 -0.318074
v -1.448762 -0.282166 -0.317245
v -1.443983 -0.277102 -0.316095
v -1.439692 -0.271963 -0.314689
v -1.435853 -0.266915 -0.313108
v -1.432382 -0.262116 -0.311460
v -1.429148 -0.257693 -0.309896
v -1.426001 -0.253725 -0.308564
v -1.422803 -0.250203 -0.307556
v -1.419480 -0.247017 -0.306872
v -1.416048 -0.243993 -0.306426
v -1.412590 -0.240935 -0.306095
v -1.470566 -0.301231 -0.312159
v -1.464005 -0.297829 -0.312708
v -1.457894 -0.293757 -0.312725
v -1.452265 -0.289153 -0.312275
v -1.447145 -0.284158 -0.311425
v -1.442550 -0.278915 -0.310246
v -1.438483 -0.273581 -0.308824
v -1.434912 -0.268326 -0.307262
v -1.431748 -0.263329 -0.305692
v -1.428835 -0.258763 -0.304266
v -1.425962 -0.254753 -0.303129
v -1.422930 -0.251312 -0.302361
v -1.419648 -0.248306 -0.301923
v -1.416153 -0.245520 -0.301683
v -1.412564 -0.242731 -0.301476
v -1.468353 -0.303340 -0.306139
v -1.461949 -0.299857 -0.306817
v -1.455982 -0.295689 -0.306914
v -1.450498 -0.290997 -0.306521
v -1.445533 -0.285913 -0.305715
v -1.441118 -0.280573 -0.304584
v -1.437268 -0.275129 -0.303228
v -1.433963 -0.269747 -0.301770
v -1.431107 -0.264614 -0.300355
v -1.428511 -0.259933 -0.299122
v -1.425910 -0.255879 -0.298202
v -1.423048 -0.252492 -0.297656
v -1.419815 -0.249627 -0.297415
v -1.416279 -0.247031 -0.297309
v -1.412592 -0.244458 -0.297145
v -1.465751 -0.301311 -0.298966
v -1.459884 -0.301531 -0.300863
v -1.454077 -0.297341 -0.301076
v -1.448740 -0.292636 -0.300796
v -1.443919 -0.287542 -0.300111
v -1.439659 -0.282191 -0.299115
v -1.435990 -0.276732 -0.297919
v -1.432904 -0.271330 -0.296659
v -1.430294 -0.266159 -0.295478
v -1.427937 -0.261429 -0.294487
v -1.425541 -0.257343 -0.293780
v -1.422820 -0.253972 -0.293390
v -1.419656 -0.251180 -0.293236
v -1.416133 -0.248698 -0.293147
v -1.412423 -0.246267 -0.292928
v -1.463373 -0.298773 -0.292411
v -1.458000 -0.299467 -0.294087
v -1.452250 -0.298780 -0.295263
v -1.447053 -0.294146 -0.295127
v -1.442379 -0.289019 -0.294583
v -1.438188 -0.283848 -0.293827
v -1.434632 -0.278473 -0.292867
v -1.431678 -0.273159 -0.291877
v -1.429203 -0.268056 -0.290989
v -1.426956 -0.263351 -0.290274
v -1.424652 -0.259247 -0.289770
v -1.422028 -0.255834 -0.289478
v -1.418975 -0.253012 -0.289326
v -1.415562 -0.250538 -0.289169
v -1.411947 -0.248161 -0.288832
v -1.461281 -0.295935 -0.286604
v -1.456414 -0.296688 -0.287923
v -1.450954 -0.297482 -0.289064
v -1.445650 -0.294949 -0.289415
v -1.441161 -0.289822 -0.289027
v -1.437012 -0.284970 -0.288526
v -1.433218 -0.280359 -0.287993
v -1.430298 -0.275216 -0.287307
v -1.427841 -0.270257 -0.286729
v -1.425575 -0.265627 -0.286291
v -1.423258 -0.261507 -0.285979
v -1.420690 -0.258000 -0.285769
v -1.417784 -0.255054 -0.285601
v -1.414577 -0.252491 -0.285360
v -1.411178 -0.250089 -0.284892
v -1.459532 -0.293037 -0.281600
v -1.455173 -0.293791 -0.282574
v -1.450172 -0.294659 -0.283313
v -1.444479 -0.295577 -0.283906
v -1.439903 -0.291193 -0.283776
v -1.435755 -0.286522 -0.283482
v -1.431813 -0.282332 -0.283192
v -1.428836 -0.277395 -0.282806
v -1.426301 -0.272605 -0.282523
v -1.423929 -0.268058 -0.282339
v -1.421534 -0.263913 -0.282212
v -1.418991 -0.260281 -0.282102
v -1.416242 -0.257155 -0.281952
v -1.413292 -0.254435 -0.281648
v -1.410204 -0.251972 -0.281071
v -1.458241 -0.290341 -0.277404
v -1.454378 -0.291002 -0.278056
v -1.449777 -0.291854 -0.278405
v -1.444442 -0.292870 -0.278552
v -1.438666 -0.293107 -0.278600
v -1.434381 -0.288686 -0.278496
v -1.430502 -0.284287 -0.278360
v -1.427390 -0.279550 -0.278250
v -1.424706 -0.274909 -0.278226
v -1.422174 -0.270422 -0.278267
v -1.419667 -0.266232 -0.278322
v -1.417120 -0.262457 -0.278347
v -1.414499 -0.259113 -0.278278
v -1.411806 -0.256182 -0.277989
v -1.409100 -0.253648 -0.277372
v -1.457564 -0.288053 -0.274097
v -1.454103 -0.288517 -0.274375
v -1.449790 -0.289267 -0.274299
v -1.444732 -0.290315 -0.273996
v -1.438934 -0.291503 -0.273591
v -1.433280 -0.290699 -0.273320
v -1.429384 -0.286104 -0.273402
v -1.426065 -0.281525 -0.273534
v -1.423170 -0.276985 -0.273735
v -1.420439 -0.272517 -0.273974
v -1.417790 -0.268257 -0.274207
v -1.415208 -0.264325 -0.274400
v -1.412670 -0.260748 -0.274503
v -1.410197 -0.257554 -0.274404
v -1.407887 -0.254899 -0.273970
v -1.496210 -0.219777 -0.289276
v -1.497533 -0.216410 -0.290840
v -1.498716 -0.211764 -0.292475
v -1.499497 -0.206188 -0.294135
v -1.499638 -0.199915 -0.295824
v -1.497001 -0.195175 -0.296573
v -1.491959 -0.192900 -0.296197
v -1.487132 -0.190997 -0.295789
v -1.482428 -0.189319 -0.295396
v -1.477731 -0.187653 -0.295038
v -1.473111 -0.185947 -0.294707
v -1.468665 -0.184231 -0.294385
v -1.464429 -0.182557 -0.294017
v -1.460498 -0.180996 -0.293485
v -1.457134 -0.179664 -0.292674
v -1.494236 -0.221596 -0.290905
v -1.495921 -0.218236 -0.292962
v -1.497347 -0.213692 -0.295192
v -1.498226 -0.208198 -0.297477
v -1.498374 -0.201987 -0.299787
v -1.497431 -0.195538 -0.301894
v -1.492276 -0.192970 -0.301442
v -1.487275 -0.190771 -0.300937
v -1.482353 -0.188832 -0.300447
v -1.477429 -0.186978 -0.299982
v -1.472571 -0.185160 -0.299517
v -1.467876 -0.183396 -0.299018
v -1.463410 -0.181729 -0.298414
v -1.459261 -0.180211 -0.297574
v -1.455562 -0.178918 -0.296379
v -1.492840 -0.223708 -0.292921
v -1.494826 -0.220297 -0.295412
v -1.496385 -0.215807 -0.298170
v -1.497251 -0.210395 -0.301044
v -1.497289 -0.204264 -0.303947
v -1.496447 -0.197634 -0.306787
v -1.492297 -0.193598 -0.307267
v -1.487060 -0.191074 -0.306701
v -1.481867 -0.188837 -0.306125
v -1.476672 -0.186754 -0.305543
v -1.471539 -0.184776 -0.304917
v -1.466558 -0.182912 -0.304205
v -1.461803 -0.181195 -0.303346
v -1.457336 -0.179667 -0.302221
v -1.453221 -0.178373 -0.300717
v -1.492596 -0.225787 -0.295562
v -1.494494 -0.222430 -0.298426
v -1.495911 -0.218030 -0.301640
v -1.496572 -0.212731 -0.305027
v -1.496360 -0.206719 -0.308449
v -1.495232 -0.200204 -0.311787
v -1.491947 -0.194840 -0.313564
v -1.486437 -0.191980 -0.312968
v -1.480942 -0.189425 -0.312316
v -1.475452 -0.187081 -0.311612
v -1.470026 -0.184907 -0.310814
v -1.464738 -0.182899 -0.309877
v -1.459658 -0.181084 -0.308747
v -1.454840 -0.179494 -0.307332
v -1.450332 -0.178160 -0.305531
v -1.493507 -0.227861 -0.299111
v -1.494895 -0.224611 -0.302212
v -1.495875 -0.220349 -0.305760
v -1.496130 -0.215205 -0.309538
v -1.495522 -0.209356 -0.313371
v -1.492930 -0.203985 -0.315867
v -1.488299 -0.200079 -0.316289
v -1.483603 -0.196169 -0.316760
v -1.478739 -0.192271 -0.317269
v -1.473657 -0.188361 -0.317745
v -1.468062 -0.185628 -0.317079
v -1.462472 -0.183446 -0.315920
v -1.457073 -0.181500 -0.314522
v -1.451917 -0.179817 -0.312817
v -1.447052 -0.178427 -0.310727
v -1.495024 -0.230151 -0.303494
v -1.495730 -0.226955 -0.306746
v -1.496097 -0.222826 -0.310514
v -1.495800 -0.217859 -0.314568
v -1.493219 -0.213224 -0.316969
v -1.488637 -0.209635 -0.317243
v -1.484105 -0.205948 -0.317639
v -1.479555 -0.202161 -0.318198
v -1.474885 -0.198283 -0.318892
v -1.470024 -0.194315 -0.319623
v -1.464947 -0.190291 -0.320257
v -1.459647 -0.186277 -0.320651
v -1.454133 -0.182511 -0.320530
v -1.448668 -0.180720 -0.318552
v -1.443478 -0.179266 -0.316191
v -1.496630 -0.232751 -0.308426
v -1.496650 -0.229541 -0.311828
v -1.496340 -0.225521 -0.315769
v -1.493541 -0.221633 -0.317802
v -1.488876 -0.218427 -0.317765
v -1.484343 -0.215149 -0.317861
v -1.479928 -0.211716 -0.318220
v -1.475559 -0.208079 -0.318890
v -1.471117 -0.204235 -0.319814
v -1.466503 -0.200214 -0.320854
v -1.461654 -0.196090 -0.321836
v -1.456543 -0.191954 -0.322589
v -1.451163 -0.187908 -0.322953
v -1.445525 -0.184050 -0.322788
v -1.439725 -0.180731 -0.321760
v -1.497965 -0.235696 -0.313688
v -1.497340 -0.232424 -0.317273
v -1.494060 -0.229090 -0.318676
v -1.489260 -0.226143 -0.318297
v -1.484587 -0.223276 -0.317927
v -1.480114 -0.220351 -0.317800
v -1.475851 -0.217220 -0.318111
v -1.471714 -0.213775 -0.318924
v -1.467551 -0.209994 -0.320138
v -1.463215 -0.205945 -0.321542
v -1.458611 -0.201745 -0.322907
v -1.453695 -0.197525 -0.324032
v -1.448459 -0.193411 -0.324751
v -1.442913 -0.189518 -0.324928
v -1.437077 -0.185960 -0.324437
v -1.498689 -0.239145 -0.319215
v -1.494711 -0.235885 -0.319773
v -1.489885 -0.232914 -0.319198
v -1.485076 -0.230208 -0.318407
v -1.480418 -0.227658 -0.317645
v -1.476032 -0.225096 -0.317228
v -1.471967 -0.222301 -0.317467
v -1.468125 -0.219092 -0.318466
v -1.464289 -0.215424 -0.320041
v -1.460246 -0.211400 -0.321863
v -1.455879 -0.207189 -0.323632
v -1.451144 -0.202955 -0.325124
v -1.446040 -0.198845 -0.326178
v -1.440583 -0.194989 -0.326672
v -1.434795 -0.191513 -0.326496
v -1.495254 -0.242611 -0.321105
v -1.490634 -0.239322 -0.320582
v -1.485877 -0.236430 -0.319633
v -1.481119 -0.233869 -0.318429
v -1.476519 -0.231543 -0.317231
v -1.472252 -0.229282 -0.316456
v -1.468420 -0.226809 -0.316594
v -1.464906 -0.223863 -0.317827
v -1.461395 -0.220366 -0.319821
v -1.457606 -0.216453 -0.322079
v -1.453421 -0.212328 -0.324235
v -1.448817 -0.208180 -0.326059
v -1.443813 -0.204167 -0.327407
v -1.438437 -0.200429 -0.328172
v -1.432712 -0.197099 -0.328266
v -1.491259 -0.245856 -0.322194
v -1.486817 -0.242568 -0.321415
v -1.482214 -0.239692 -0.320193
v -1.477587 -0.237167 -0.318675
v -1.473110 -0.234925 -0.317124
v -1.468994 -0.232833 -0.316028
v -1.465390 -0.230608 -0.316079
v -1.462161 -0.227931 -0.317549
v -1.458892 -0.224680 -0.319906
v -1.455257 -0.220981 -0.322501
v -1.451165 -0.217052 -0.324934
v -1.446629 -0.213092 -0.326989
v -1.441700 -0.209264 -0.328540
v -1.436415 -0.205714 -0.329499
v -1.430791 -0.202585 -0.329799
v -1.487581 -0.248915 -0.323264
v -1.483400 -0.245636 -0.322365
v -1.479037 -0.242750 -0.321047
v -1.474630 -0.240187 -0.319448
v -1.470355 -0.237896 -0.317823
v -1.466425 -0.235803 -0.316680
v -1.462990 -0.233696 -0.316751
v -1.459903 -0.231274 -0.318301
v -1.456720 -0.228340 -0.320744
v -1.453111 -0.224949 -0.323415
v -1.449019 -0.221305 -0.325914
v -1.444503 -0.217609 -0.328030
v -1.439644 -0.214027 -0.329645
v -1.434481 -0.210716 -0.330690
v -1.429018 -0.207833 -0.331110
v -1.484279 -0.251829 -0.324339
v -1.480448 -0.248596 -0.323474
v -1.476389 -0.245696 -0.322280
v -1.472250 -0.243071 -0.320887
v -1.468210 -0.240674 -0.319540
v -1.464450 -0.238477 -0.318695
v -1.461076 -0.236373 -0.318899
v -1.457966 -0.234137 -0.320310
v -1.454724 -0.231512 -0.322501
v -1.451034 -0.228451 -0.324943
v -1.446879 -0.225122 -0.327263
v -1.442360 -0.221715 -0.329244
v -1.437579 -0.218401 -0.330762
v -1.432574 -0.215358 -0.331763
v -1.427350 -0.212757 -0.332212
v -1.481453 -0.254669 -0.325391
v -1.478019 -0.251566 -0.324718
v -1.474242 -0.248682 -0.323851
v -1.470323 -0.246010 -0.322877
v -1.466453 -0.243519 -0.322003
v -1.462766 -0.241203 -0.321578
v -1.459342 -0.239037 -0.321932
v -1.456107 -0.236883 -0.323138
v -1.452717 -0.234470 -0.324939
v -1.448880 -0.231674 -0.326977
v -1.444625 -0.228617 -0.328944
v -1.440090 -0.225465 -0.330630
v -1.435380 -0.222377 -0.331905
v -1.430558 -0.219561 -0.332726
v -1.425686 -0.217228 -0.333102
v -1.479308 -0.257434 -0.326351
v -1.476154 -0.254625 -0.326024
v -1.472509 -0.251859 -0.325621
v -1.468685 -0.249194 -0.325144
v -1.464868 -0.246636 -0.324759
v -1.461143 -0.244208 -0.324714
v -1.457582 -0.241942 -0.325194
v -1.454152 -0.239771 -0.326229
v -1.450549 -0.237451 -0.327662
v -1.446520 -0.234818 -0.329265
v -1.442134 -0.231945 -0.330807
v -1.437558 -0.228965 -0.332112
v -1.433210 -0.226120 -0.332339
v -1.428819 -0.223479 -0.332549
v -1.424557 -0.221324 -0.332652
v -1.551445 -0.208108 -0.324517
v -1.549488 -0.274670 -0.300355
v -1.562264 -0.192475 -0.257243
v -1.559300 -0.253183 -0.240743
v -1.620334 -0.218496 -0.323438
v -1.608847 -0.269506 -0.298465
v -1.627923 -0.198372 -0.261268
v -1.629742 -0.267367 -0.232850
v -1.609847 -0.270350 -0.297497
v -1.611576 -0.271832 -0.295868
v -1.614191 -0.274021 -0.293289
v -1.617317 -0.276573 -0.290056
v -1.620775 -0.279224 -0.286085
v -1.624401 -0.281756 -0.281353
v -1.628023 -0.283995 -0.275959
v -1.631487 -0.285776 -0.269976
v -1.633128 -0.285218 -0.263930
v -1.631943 -0.281518 -0.258893
v -1.631003 -0.278191 -0.253995
v -1.630358 -0.275276 -0.249187
v -1.629983 -0.272727 -0.244435
v -1.629801 -0.270484 -0.239825
v -1.629759 -0.268742 -0.235952
v -1.551518 -0.275798 -0.300977
v -1.554305 -0.277338 -0.301827
v -1.557944 -0.279385 -0.302957
v -1.561949 -0.281663 -0.304212
v -1.566276 -0.284117 -0.305565
v -1.570915 -0.286695 -0.306988
v -1.577001 -0.284479 -0.305906
v -1.582442 -0.281191 -0.304250
v -1.587111 -0.277502 -0.302373
v -1.591201 -0.273682 -0.300418
v -1.594708 -0.270097 -0.298579
v -1.597711 -0.267424 -0.297213
v -1.600681 -0.266505 -0.296771
v -1.603933 -0.267141 -0.297151
v -1.606688 -0.268334 -0.297818
v -1.551396 -0.211317 -0.323313
v -1.551364 -0.215300 -0.321792
v -1.551289 -0.220050 -0.320011
v -1.551151 -0.224847 -0.318267
v -1.550741 -0.229571 -0.316790
v -1.549837 -0.234244 -0.315766
v -1.550064 -0.238803 -0.313795
v -1.550596 -0.242951 -0.311715
v -1.550971 -0.246947 -0.309833
v -1.551078 -0.251121 -0.308116
v -1.550922 -0.255485 -0.306557
v -1.550588 -0.259933 -0.305120
v -1.550211 -0.264371 -0.303725
v -1.549898 -0.268631 -0.302343
v -1.549650 -0.272054 -0.301229
v -1.629749 -0.263688 -0.234274
v -1.629511 -0.259135 -0.236254
v -1.628909 -0.253737 -0.238880
v -1.627810 -0.248308 -0.241954
v -1.626224 -0.243123 -0.245359
v -1.624236 -0.238381 -0.248945
v -1.622004 -0.234331 -0.252476
v -1.619895 -0.231080 -0.255589
v -1.618619 -0.228126 -0.257855
v -1.618833 -0.224659 -0.259016
v -1.620292 -0.220431 -0.259381
v -1.622246 -0.215676 -0.259517
v -1.624169 -0.210664 -0.259780
v -1.625797 -0.205701 -0.260282
v -1.627033 -0.201603 -0.260792
v -1.561557 -0.194283 -0.255987
v -1.560581 -0.196763 -0.254257
v -1.559267 -0.199981 -0.251954
v -1.557800 -0.203483 -0.249402
v -1.556205 -0.207221 -0.246643
v -1.554507 -0.211186 -0.243707
v -1.552775 -0.215332 -0.240692
v -1.551098 -0.219667 -0.237705
v -1.549560 -0.224399 -0.234804
v -1.549294 -0.229836 -0.233325
v -1.551865 -0.235496 -0.235304
v -1.554250 -0.240455 -0.237199
v -1.556286 -0.244763 -0.238802
v -1.557854 -0.248492 -0.239949
v -1.558803 -0.251226 -0.240543
v -1.620411 -0.220878 -0.323029
v -1.620512 -0.224079 -0.322477
v -1.620676 -0.228181 -0.321812
v -1.620865 -0.232548 -0.321121
v -1.621116 -0.237091 -0.320470
v -1.621469 -0.241784 -0.319914
v -1.621920 -0.246534 -0.319466
v -1.622416 -0.251299 -0.319070
v -1.622853 -0.256279 -0.318556
v -1.623157 -0.261622 -0.317801
v -1.622900 -0.266840 -0.316380
v -1.619205 -0.268659 -0.311433
v -1.615721 -0.269710 -0.306910
v -1.612626 -0.270151 -0.302995
v -1.610360 -0.269983 -0.300232
v -1.563611 -0.190226 -0.256078
v -1.565928 -0.187353 -0.254597
v -1.569470 -0.183864 -0.252809
v -1.573860 -0.180254 -0.250969
v -1.579051 -0.176736 -0.249189
v -1.584977 -0.173465 -0.247549
v -1.591510 -0.170594 -0.246129
v -1.598540 -0.168285 -0.245011
v -1.605510 -0.168784 -0.245371
v -1.611139 -0.173598 -0.247985
v -1.615969 -0.178584 -0.250679
v -1.619968 -0.183545 -0.253348
v -1.623159 -0.188293 -0.255893
v -1.625602 -0.192607 -0.258199
v -1.627106 -0.195939 -0.259975
v -1.550113 -0.205841 -0.323190
v -1.548432 -0.202809 -0.321127
v -1.548909 -0.201188 -0.316024
v -1.549669 -0.199778 -0.310582
v -1.550688 -0.198642 -0.305018
v -1.551904 -0.197776 -0.299499
v -1.553242 -0.197178 -0.294241
v -1.554621 -0.196810 -0.289390
v -1.555987 -0.196531 -0.284782
v -1.557275 -0.196161 -0.280191
v -1.558430 -0.195637 -0.275634
v -1.559438 -0.194978 -0.271194
v -1.560343 -0.194249 -0.266896
v -1.561176 -0.193534 -0.262835
v -1.561799 -0.192930 -0.259640
v -1.627712 -0.268358 -0.230411
v -1.624850 -0.269654 -0.227163
v -1.620968 -0.271299 -0.222972
v -1.615742 -0.272238 -0.219762
v -1.609567 -0.272395 -0.217785
v -1.603193 -0.272622 -0.215620
v -1.596197 -0.270938 -0.216929
v -1.589676 -0.268336 -0.220116
v -1.583932 -0.265638 -0.223699
v -1.578823 -0.262951 -0.227430
v -1.574312 -0.260403 -0.231061
v -1.570374 -0.258123 -0.234336
v -1.566873 -0.256205 -0.237040
v -1.563684 -0.254700 -0.239043
v -1.561200 -0.253744 -0.240189
v -1.629512 -0.197415 -0.263172
v -1.631671 -0.196176 -0.266042
v -1.634449 -0.194667 -0.270125
v -1.637477 -0.193113 -0.274996
v -1.640330 -0.191876 -0.280621
v -1.639042 -0.194257 -0.286432
v -1.637430 -0.196840 -0.291886
v -1.635541 -0.199550 -0.296827
v -1.633418 -0.202369 -0.301338
v -1.631160 -0.205248 -0.305592
v -1.628882 -0.208087 -0.309583
v -1.626684 -0.210788 -0.313255
v -1.624622 -0.213301 -0.316605
v -1.622756 -0.215567 -0.319606
v -1.621355 -0.217269 -0.321853
v -1.619109 -0.217286 -0.325411
v -1.617029 -0.215645 -0.327974
v -1.613868 -0.213530 -0.331146
v -1.609972 -0.211229 -0.334472
v -1.605363 -0.208846 -0.337763
v -1.600082 -0.206461 -0.340873
v -1.594239 -0.204168 -0.343655
v -1.587934 -0.202747 -0.344651
v -1.581692 -0.202939 -0.342589
v -1.575687 -0.203315 -0.340240
v -1.569982 -0.203822 -0.337722
v -1.564672 -0.204422 -0.335137
v -1.559811 -0.205082 -0.332558
v -1.555486 -0.205759 -0.330091
v -1.552928 -0.206980 -0.327070
v -1.557612 -0.254750 -0.241241
v -1.555075 -0.257126 -0.242084
v -1.551547 -0.260480 -0.243486
v -1.547467 -0.264417 -0.245371
v -1.543031 -0.268803 -0.247906
v -1.538424 -0.273505 -0.251215
v -1.533846 -0.278360 -0.255338
v -1.529660 -0.283079 -0.260387
v -1.529140 -0.284993 -0.267100
v -1.531761 -0.284292 -0.274263
v -1.534765 -0.283132 -0.280846
v -1.538016 -0.281602 -0.286701
v -1.541370 -0.279802 -0.291734
v -1.544632 -0.277885 -0.295861
v -1.547344 -0.276150 -0.298648
v -1.551780 -0.203188 -0.326136
v -1.554438 -0.200457 -0.329735
v -1.558962 -0.199107 -0.332261
v -1.564092 -0.198005 -0.334875
v -1.569716 -0.197086 -0.337460
v -1.575761 -0.196350 -0.339928
v -1.582124 -0.195821 -0.342181
v -1.588733 -0.196253 -0.343060
v -1.595105 -0.198657 -0.340962
v -1.600989 -0.201282 -0.338390
v -1.606304 -0.204040 -0.335498
v -1.610939 -0.206839 -0.332428
v -1.614838 -0.209614 -0.329329
v -1.617949 -0.212339 -0.326412
v -1.620124 -0.214982 -0.323922
v -1.551055 -0.199602 -0.323461
v -1.554325 -0.196563 -0.326481
v -1.558384 -0.193709 -0.329987
v -1.563377 -0.191350 -0.333447
v -1.569391 -0.190090 -0.335991
v -1.575836 -0.189115 -0.338387
v -1.582613 -0.188438 -0.340538
v -1.589586 -0.190609 -0.339415
v -1.596082 -0.193290 -0.337529
v -1.602074 -0.196236 -0.335187
v -1.607481 -0.199364 -0.332531
v -1.612196 -0.202584 -0.329696
v -1.616142 -0.205832 -0.326822
v -1.619251 -0.209094 -0.324089
v -1.621447 -0.212340 -0.321658
v -1.551612 -0.197577 -0.318400
v -1.554948 -0.194104 -0.321297
v -1.559054 -0.190799 -0.324577
v -1.563964 -0.187723 -0.328070
v -1.569664 -0.184923 -0.331594
v -1.576080 -0.182476 -0.334997
v -1.583298 -0.182596 -0.336166
v -1.590471 -0.185137 -0.335047
v -1.597145 -0.188072 -0.333388
v -1.603293 -0.191317 -0.331295
v -1.608837 -0.194794 -0.328896
v -1.613674 -0.198418 -0.326314
v -1.617714 -0.202110 -0.323669
v -1.620895 -0.205838 -0.321098
v -1.623182 -0.209566 -0.318715
v -1.552270 -0.195895 -0.312919
v -1.555566 -0.192086 -0.315680
v -1.559673 -0.188404 -0.318746
v -1.564615 -0.184933 -0.321983
v -1.570364 -0.181755 -0.325247
v -1.576841 -0.178960 -0.328407
v -1.584080 -0.178669 -0.329788
v -1.591275 -0.181879 -0.328464
v -1.597935 -0.185045 -0.327004
v -1.604194 -0.188016 -0.325573
v -1.610171 -0.190697 -0.324345
v -1.615301 -0.194328 -0.322336
v -1.619476 -0.198422 -0.319941
v -1.622774 -0.202560 -0.317565
v -1.625167 -0.206688 -0.315306
v -1.553089 -0.194553 -0.307247
v -1.556267 -0.190465 -0.309828
v -1.560319 -0.186461 -0.312660
v -1.565253 -0.182650 -0.315629
v -1.571024 -0.179140 -0.318618
v -1.577552 -0.176030 -0.321514
v -1.584848 -0.175891 -0.322661
v -1.592022 -0.179446 -0.321453
v -1.598635 -0.182923 -0.320135
v -1.604816 -0.186138 -0.318861
v -1.610707 -0.188964 -0.317798
v -1.616464 -0.191357 -0.317072
v -1.621331 -0.194746 -0.315709
v -1.624767 -0.199233 -0.313573
v -1.627276 -0.203694 -0.311504
v -1.554055 -0.193524 -0.301565
v -1.557064 -0.189206 -0.303922
v -1.561019 -0.184931 -0.306483
v -1.565909 -0.180831 -0.309153
v -1.571678 -0.177031 -0.311834
v -1.578241 -0.173639 -0.314431
v -1.585562 -0.173105 -0.315665
v -1.592763 -0.176942 -0.314638
v -1.599386 -0.180685 -0.313523
v -1.605550 -0.184120 -0.312455
v -1.611408 -0.187088 -0.311581
v -1.617145 -0.189527 -0.311012
v -1.622945 -0.191510 -0.310796
v -1.626783 -0.195885 -0.309179
v -1.629429 -0.200615 -0.307341
v -1.555132 -0.192791 -0.296082
v -1.557957 -0.188282 -0.298149
v -1.561795 -0.183778 -0.300380
v -1.566620 -0.179430 -0.302693
v -1.572367 -0.175376 -0.305011
v -1.578940 -0.171737 -0.307262
v -1.586259 -0.170182 -0.308747
v -1.593519 -0.174204 -0.307961
v -1.600195 -0.178133 -0.307109
v -1.606394 -0.181739 -0.306304
v -1.612275 -0.184840 -0.305659
v -1.618036 -0.187357 -0.305257
v -1.623875 -0.189360 -0.305130
v -1.628727 -0.192591 -0.304451
v -1.631528 -0.197537 -0.302882
v -1.556293 -0.192305 -0.290942
v -1.558957 -0.187634 -0.292647
v -1.562684 -0.182938 -0.294468
v -1.567437 -0.178384 -0.296350
v -1.573139 -0.174120 -0.298241
v -1.579690 -0.170275 -0.300090
v -1.586977 -0.167069 -0.301818
v -1.594307 -0.171152 -0.301316
v -1.601056 -0.175164 -0.300776
v -1.607327 -0.178871 -0.300281
v -1.613278 -0.182083 -0.299905
v -1.619104 -0.184711 -0.299695
v -1.625003 -0.186811 -0.299655
v -1.630485 -0.189422 -0.299415
v -1.633458 -0.194545 -0.298148
v -1.557523 -0.191935 -0.286020
v -1.560081 -0.187146 -0.287331
v -1.563719 -0.182315 -0.288709
v -1.568397 -0.177616 -0.290126
v -1.574030 -0.173202 -0.291553
v -1.580514 -0.169209 -0.292965
v -1.587733 -0.165755 -0.294341
v -1.595132 -0.167803 -0.294569
v -1.601960 -0.171790 -0.294360
v -1.608325 -0.175519 -0.294189
v -1.614378 -0.178807 -0.294089
v -1.620300 -0.181564 -0.294068
v -1.626280 -0.183830 -0.294103
v -1.631976 -0.186427 -0.293964
v -1.635130 -0.191689 -0.292995
v -1.558766 -0.191535 -0.281127
v -1.561272 -0.186708 -0.282063
v -1.564848 -0.181829 -0.283016
v -1.569452 -0.177070 -0.283979
v -1.574999 -0.172586 -0.284947
v -1.581383 -0.168516 -0.285917
v -1.588489 -0.164986 -0.286892
v -1.595995 -0.164261 -0.287582
v -1.602913 -0.168138 -0.287694
v -1.609393 -0.171828 -0.287830
v -1.615574 -0.175163 -0.287983
v -1.621616 -0.178055 -0.288128
v -1.627684 -0.180528 -0.288222
v -1.633203 -0.183669 -0.288055
v -1.636526 -0.189009 -0.287354
v -1.559956 -0.191071 -0.276291
v -1.562454 -0.186302 -0.276870
v -1.565987 -0.181473 -0.277412
v -1.570523 -0.176746 -0.277934
v -1.575981 -0.172273 -0.278452
v -1.582251 -0.168198 -0.278983
v -1.589219 -0.164653 -0.279552
v -1.596777 -0.161759 -0.280185
v -1.603916 -0.164410 -0.280644
v -1.610535 -0.168028 -0.281062
v -1.616864 -0.171395 -0.281450
v -1.623034 -0.174426 -0.281758
v -1.629177 -0.177128 -0.281930
v -1.634177 -0.181256 -0.281810
v -1.637630 -0.186604 -0.281370
v -1.561051 -0.190569 -0.271597
v -1.563568 -0.185961 -0.271833
v -1.567071 -0.181278 -0.271966
v -1.571544 -0.176672 -0.272043
v -1.576913 -0.172289 -0.272111
v -1.583070 -0.168278 -0.272205
v -1.589895 -0.164777 -0.272368
v -1.597286 -0.161917 -0.272648
v -1.604966 -0.160842 -0.273111
v -1.611748 -0.164375 -0.273794
v -1.618234 -0.167767 -0.274417
v -1.624522 -0.170935 -0.274916
v -1.630122 -0.174824 -0.275271
v -1.633619 -0.181008 -0.275489
v -1.636073 -0.187132 -0.275415
v -1.562034 -0.190111 -0.267084
v -1.564565 -0.185760 -0.267007
v -1.568043 -0.181306 -0.266741
v -1.572458 -0.176898 -0.266364
v -1.577744 -0.172677 -0.265973
v -1.583795 -0.168792 -0.265629
v -1.590490 -0.165388 -0.265387
v -1.597725 -0.162608 -0.265313
v -1.605444 -0.160587 -0.265444
v -1.613021 -0.161127 -0.265970
v -1.619117 -0.165931 -0.267048
v -1.624120 -0.171706 -0.268158
v -1.628202 -0.177550 -0.269118
v -1.631313 -0.183372 -0.269819
v -1.633400 -0.189090 -0.270175
v -1.562832 -0.189831 -0.262833
v -1.565347 -0.185831 -0.262455
v -1.568821 -0.181668 -0.261780
v -1.573198 -0.177508 -0.260938
v -1.578417 -0.173499 -0.260083
v -1.584385 -0.169788 -0.259300
v -1.590975 -0.166527 -0.258658
v -1.598085 -0.163868 -0.258232
v -1.605671 -0.161958 -0.258074
v -1.612545 -0.164296 -0.259015
v -1.618010 -0.169690 -0.260687
v -1.622623 -0.175205 -0.262312
v -1.626346 -0.180695 -0.263794
v -1.629144 -0.186060 -0.264985
v -1.630941 -0.191216 -0.265753
v -1.563315 -0.189884 -0.259088
v -1.565823 -0.186310 -0.258299
v -1.569324 -0.182479 -0.257133
v -1.573693 -0.178593 -0.255801
v -1.578874 -0.174825 -0.254480
v -1.584794 -0.171323 -0.253264
v -1.591325 -0.168242 -0.252229
v -1.598360 -0.165742 -0.251454
v -1.605863 -0.163972 -0.251005
v -1.611824 -0.168731 -0.253040
v -1.616939 -0.173925 -0.255215
v -1.621214 -0.179158 -0.257361
v -1.624645 -0.184268 -0.259375
v -1.627233 -0.189107 -0.261090
v -1.628873 -0.193552 -0.262309
v -1.561317 -0.251246 -0.239849
v -1.560928 -0.248136 -0.238930
v -1.559803 -0.244408 -0.237515
v -1.558107 -0.240102 -0.235624
v -1.556052 -0.235129 -0.233397
v -1.553826 -0.229438 -0.231054
v -1.552331 -0.223367 -0.229911
v -1.553517 -0.218306 -0.232743
v -1.554984 -0.213669 -0.235854
v -1.556556 -0.209250 -0.239036
v -1.558143 -0.205057 -0.242199
v -1.559669 -0.201154 -0.245258
v -1.561076 -0.197580 -0.248194
v -1.562252 -0.194425 -0.251020
v -1.563053 -0.191930 -0.253704
v -1.564210 -0.251656 -0.238439
v -1.564046 -0.248347 -0.237372
v -1.563218 -0.244551 -0.235743
v -1.561858 -0.240157 -0.233600
v -1.560174 -0.235063 -0.231099
v -1.558349 -0.229237 -0.228480
v -1.557599 -0.223247 -0.228026
v -1.558453 -0.218043 -0.230594
v -1.559136 -0.212797 -0.232648
v -1.559673 -0.207255 -0.234362
v -1.561127 -0.202781 -0.237783
v -1.562538 -0.198652 -0.241182
v -1.563831 -0.194930 -0.244534
v -1.564890 -0.191712 -0.247867
v -1.565608 -0.189145 -0.251196
v -1.567430 -0.252707 -0.236291
v -1.567363 -0.249106 -0.235077
v -1.566757 -0.245110 -0.233271
v -1.565733 -0.240519 -0.230937
v -1.564458 -0.235210 -0.228253
v -1.563081 -0.229164 -0.225472
v -1.562789 -0.223093 -0.225541
v -1.563560 -0.217722 -0.228216
v -1.564226 -0.212305 -0.230346
v -1.564762 -0.206570 -0.232029
v -1.565162 -0.200484 -0.233476
v -1.566425 -0.196075 -0.237228
v -1.567578 -0.192128 -0.241008
v -1.568527 -0.188723 -0.244838
v -1.569184 -0.185946 -0.248749
v -1.570943 -0.254261 -0.233413
v -1.570989 -0.250319 -0.232030
v -1.570621 -0.246011 -0.230075
v -1.569952 -0.241117 -0.227623
v -1.569107 -0.235515 -0.224862
v -1.568202 -0.229184 -0.222040
v -1.568179 -0.222878 -0.222390
v -1.568873 -0.217203 -0.225153
v -1.569525 -0.211492 -0.227400
v -1.570109 -0.205515 -0.229213
v -1.570586 -0.199202 -0.230775
v -1.571279 -0.193531 -0.233472
v -1.572269 -0.189299 -0.237668
v -1.573080 -0.185633 -0.241969
v -1.573637 -0.182599 -0.246390
v -1.574898 -0.256171 -0.229917
v -1.575091 -0.251846 -0.228353
v -1.574989 -0.247154 -0.226282
v -1.574688 -0.241891 -0.223785
v -1.574280 -0.235942 -0.221047
v -1.574135 -0.229501 -0.219837
v -1.574155 -0.222802 -0.219481
v -1.574647 -0.216539 -0.221510
v -1.575287 -0.210450 -0.223900
v -1.575910 -0.204163 -0.225916
v -1.576469 -0.197602 -0.227722
v -1.577010 -0.191129 -0.229984
v -1.577821 -0.186587 -0.234553
v -1.578472 -0.182635 -0.239278
v -1.578903 -0.179335 -0.244152
v -1.579436 -0.258320 -0.226032
v -1.579792 -0.253576 -0.224289
v -1.579970 -0.248460 -0.222135
v -1.580043 -0.242790 -0.219653
v -1.580080 -0.236462 -0.217039
v -1.580374 -0.229817 -0.217103
v -1.580649 -0.222839 -0.216806
v -1.581064 -0.215817 -0.217507
v -1.581689 -0.209305 -0.220054
v -1.582326 -0.202668 -0.222318
v -1.582936 -0.195830 -0.224434
v -1.583499 -0.188973 -0.226847
v -1.584122 -0.184118 -0.231738
v -1.584604 -0.179877 -0.236828
v -1.584904 -0.176311 -0.242098
v -1.584589 -0.260585 -0.222030
v -1.585127 -0.255401 -0.220116
v -1.585604 -0.249845 -0.217906
v -1.586064 -0.243755 -0.215474
v -1.586555 -0.237080 -0.213929
v -1.587075 -0.230122 -0.214010
v -1.587617 -0.222842 -0.213821
v -1.588213 -0.215155 -0.213504
v -1.588819 -0.208190 -0.216110
v -1.589441 -0.201192 -0.218636
v -1.590060 -0.194067 -0.221096
v -1.590629 -0.187168 -0.224140
v -1.591046 -0.182014 -0.229299
v -1.591349 -0.177496 -0.234698
v -1.591512 -0.173675 -0.240309
v -1.590394 -0.262847 -0.218172
v -1.591135 -0.257215 -0.216096
v -1.591927 -0.251222 -0.213848
v -1.592780 -0.244723 -0.211491
v -1.593581 -0.237695 -0.210686
v -1.594344 -0.230421 -0.210798
v -1.595150 -0.222851 -0.210746
v -1.595869 -0.215298 -0.211918
v -1.596390 -0.208320 -0.215043
v -1.596886 -0.201500 -0.218281
v -1.597359 -0.194827 -0.221644
v -1.597804 -0.188301 -0.225178
v -1.598213 -0.181942 -0.228961
v -1.598577 -0.175787 -0.233097
v -1.598620 -0.171580 -0.238868
v -1.596984 -0.265019 -0.214714
v -1.597925 -0.258952 -0.212486
v -1.599013 -0.252546 -0.210208
v -1.600228 -0.245673 -0.207934
v -1.601039 -0.238346 -0.208858
v -1.601589 -0.231195 -0.211554
v -1.602090 -0.224293 -0.214458
v -1.602534 -0.217601 -0.217448
v -1.602922 -0.211065 -0.220448
v -1.603274 -0.204640 -0.223439
v -1.603616 -0.198303 -0.226454
v -1.603965 -0.192054 -0.229566
v -1.604328 -0.185918 -0.232881
v -1.604708 -0.179945 -0.236523
v -1.605104 -0.174205 -0.240633
v -1.604339 -0.267058 -0.211852
v -1.605463 -0.260615 -0.209491
v -1.606199 -0.253381 -0.209836
v -1.606673 -0.246114 -0.211946
v -1.607121 -0.239149 -0.214537
v -1.607534 -0.232489 -0.217429
v -1.607897 -0.226111 -0.220445
v -1.608198 -0.219961 -0.223429
v -1.608437 -0.213944 -0.226280
v -1.608657 -0.207974 -0.228991
v -1.608903 -0.202016 -0.231619
v -1.609204 -0.196074 -0.234268
v -1.609572 -0.190185 -0.237074
v -1.610013 -0.184416 -0.240189
v -1.610533 -0.178854 -0.243769
v -1.611287 -0.267661 -0.212667
v -1.611528 -0.260300 -0.213535
v -1.611800 -0.253185 -0.215254
v -1.612064 -0.246360 -0.217633
v -1.612299 -0.239857 -0.220471
v -1.612498 -0.233698 -0.223566
v -1.612654 -0.227874 -0.226705
v -1.612763 -0.222316 -0.229685
v -1.612840 -0.216871 -0.232377
v -1.612952 -0.211394 -0.234784
v -1.613158 -0.205832 -0.236994
v -1.613481 -0.200201 -0.239148
v -1.613922 -0.194562 -0.241412
v -1.614477 -0.189006 -0.243970
v -1.615153 -0.183641 -0.246998
v -1.616545 -0.266482 -0.217618
v -1.616546 -0.259598 -0.218738
v -1.616582 -0.252938 -0.220717
v -1.616590 -0.246553 -0.223353
v -1.616541 -0.240493 -0.226433
v -1.616438 -0.234814 -0.229737
v -1.616300 -0.229537 -0.233014
v -1.616151 -0.224592 -0.236004
v -1.616047 -0.219750 -0.238541
v -1.616085 -0.214776 -0.240635
v -1.616323 -0.209601 -0.242407
v -1.616757 -0.204260 -0.244042
v -1.617348 -0.198854 -0.245744
v -1.618072 -0.193509 -0.247732
v -1.618933 -0.188361 -0.250203
v -1.620997 -0.265299 -0.222472
v -1.620762 -0.258935 -0.223808
v -1.620546 -0.252725 -0.226005
v -1.620263 -0.246747 -0.228864
v -1.619864 -0.241081 -0.232163
v -1.619368 -0.235825 -0.235668
v -1.618829 -0.231050 -0.239097
v -1.618334 -0.226705 -0.242125
v -1.618017 -0.222466 -0.244530
v -1.618023 -0.217980 -0.246315
v -1.618386 -0.213155 -0.247640
v -1.619036 -0.208061 -0.248749
v -1.619869 -0.202851 -0.249902
v -1.620830 -0.197707 -0.251350
v -1.621913 -0.192806 -0.253283
v -1.624656 -0.264306 -0.227022
v -1.624229 -0.258499 -0.228540
v -1.623779 -0.252684 -0.230902
v -1.623187 -0.247024 -0.233922
v -1.622387 -0.241659 -0.237380
v -1.621409 -0.236727 -0.241045
v -1.620352 -0.232363 -0.244618
v -1.619395 -0.228555 -0.247713
v -1.618812 -0.224883 -0.250032
v -1.618835 -0.220842 -0.251533
v -1.619448 -0.216302 -0.252423
v -1.620445 -0.211387 -0.253041
v -1.621617 -0.206302 -0.253724
v -1.622870 -0.201310 -0.254725
v -1.624186 -0.196685 -0.256170
v -1.627531 -0.263769 -0.231027
v -1.627053 -0.258492 -0.232731
v -1.626463 -0.252962 -0.235219
v -1.625586 -0.247491 -0.238315
v -1.624367 -0.242295 -0.241823
v -1.622857 -0.237546 -0.245539
v -1.621191 -0.233444 -0.249183
v -1.619653 -0.230037 -0.252345
v -1.618731 -0.226833 -0.254634
v -1.618830 -0.223153 -0.255907
v -1.619839 -0.218813 -0.256430
v -1.621312 -0.214000 -0.256678
v -1.622881 -0.208967 -0.257037
v -1.624386 -0.204037 -0.257730
v -1.625832 -0.199634 -0.258772
v -1.631941 -0.265664 -0.236695
v -1.632042 -0.260674 -0.239286
v -1.631490 -0.255217 -0.242046
v -1.630283 -0.249682 -0.245025
v -1.628496 -0.244354 -0.248205
v -1.626248 -0.239450 -0.251486
v -1.623735 -0.235227 -0.254683
v -1.621385 -0.231810 -0.257511
v -1.619990 -0.228749 -0.259642
v -1.620253 -0.225264 -0.260864
v -1.621877 -0.221074 -0.261425
v -1.624021 -0.216362 -0.261786
v -1.626086 -0.211362 -0.262200
v -1.627737 -0.206324 -0.262662
v -1.628845 -0.201589 -0.262975
v -1.633212 -0.267643 -0.240590
v -1.634866 -0.263134 -0.242312
v -1.634431 -0.257435 -0.245105
v -1.633277 -0.251684 -0.247944
v -1.631521 -0.246114 -0.250851
v -1.629315 -0.240937 -0.253755
v -1.626903 -0.236380 -0.256517
v -1.624744 -0.232547 -0.258953
v -1.623524 -0.229068 -0.260906
v -1.623722 -0.225327 -0.262302
v -1.625105 -0.221061 -0.263267
v -1.627028 -0.216338 -0.264041
v -1.628937 -0.211321 -0.264767
v -1.630471 -0.206185 -0.265418
v -1.631435 -0.201114 -0.265883
v -1.633698 -0.269693 -0.245377
v -1.637853 -0.266345 -0.245710
v -1.637725 -0.260342 -0.248409
v -1.636786 -0.254294 -0.251093
v -1.635261 -0.248418 -0.253742
v -1.633331 -0.242900 -0.256304
v -1.631266 -0.237917 -0.258696
v -1.629489 -0.233539 -0.260837
v -1.628507 -0.229491 -0.262703
v -1.628594 -0.225328 -0.264288
v -1.629594 -0.220827 -0.265629
v -1.631080 -0.215970 -0.266813
v -1.632614 -0.210843 -0.267902
v -1.633846 -0.205539 -0.268871
v -1.634529 -0.200139 -0.269649
v -1.634264 -0.272138 -0.250250
v -1.638659 -0.268767 -0.250817
v -1.641246 -0.263820 -0.252195
v -1.640649 -0.257433 -0.254749
v -1.639487 -0.251215 -0.257197
v -1.637957 -0.245315 -0.259512
v -1.636325 -0.239859 -0.261667
v -1.634940 -0.234887 -0.263660
v -1.634154 -0.230213 -0.265529
v -1.634128 -0.225534 -0.267281
v -1.634759 -0.220667 -0.268909
v -1.635766 -0.215547 -0.270423
v -1.636824 -0.210194 -0.271834
v -1.637628 -0.204649 -0.273114
v -1.637922 -0.198948 -0.274200
v -1.635074 -0.274961 -0.255173
v -1.639672 -0.271550 -0.255985
v -1.644836 -0.267703 -0.256616
v -1.644653 -0.260979 -0.259076
v -1.643919 -0.254412 -0.261395
v -1.642835 -0.248113 -0.263573
v -1.641637 -0.242166 -0.265622
v -1.640599 -0.236597 -0.267578
v -1.639965 -0.231290 -0.269497
v -1.639836 -0.226049 -0.271384
v -1.640144 -0.220732 -0.273215
v -1.640704 -0.215258 -0.274972
v -1.641271 -0.209604 -0.276635
v -1.641595 -0.203774 -0.278170
v -1.641440 -0.197788 -0.279525
v -1.636187 -0.278170 -0.260196
v -1.640960 -0.274677 -0.261270
v -1.646307 -0.270776 -0.262272
v -1.647826 -0.264487 -0.264300
v -1.648299 -0.257892 -0.266397
v -1.647659 -0.251197 -0.268539
v -1.646867 -0.244773 -0.270584
v -1.646128 -0.238636 -0.272574
v -1.645614 -0.232721 -0.274559
v -1.645394 -0.226910 -0.276543
v -1.645427 -0.221100 -0.278505
v -1.644582 -0.215509 -0.280419
v -1.643572 -0.210055 -0.282208
v -1.642384 -0.204710 -0.283832
v -1.640920 -0.199457 -0.285253
v -1.637568 -0.281716 -0.265376
v -1.642497 -0.278091 -0.266742
v -1.645164 -0.272514 -0.268648
v -1.645957 -0.265975 -0.270767
v -1.646220 -0.259426 -0.272817
v -1.646064 -0.252945 -0.274803
v -1.645604 -0.246603 -0.276736
v -1.644950 -0.240448 -0.278637
v -1.644202 -0.234496 -0.280521
v -1.643441 -0.228734 -0.282382
v -1.642704 -0.223137 -0.284201
v -1.641975 -0.217679 -0.285957
v -1.641192 -0.212337 -0.287627
v -1.640259 -0.207095 -0.289190
v -1.639057 -0.201940 -0.290617
v -1.636841 -0.283419 -0.271246
v -1.641989 -0.280076 -0.272797
v -1.643202 -0.273654 -0.274890
v -1.643758 -0.267156 -0.276939
v -1.643772 -0.260672 -0.278929
v -1.643370 -0.254281 -0.280847
v -1.642685 -0.248049 -0.282688
v -1.641860 -0.242021 -0.284452
v -1.641024 -0.236208 -0.286148
v -1.640270 -0.230595 -0.287792
v -1.639635 -0.225150 -0.289397
v -1.639088 -0.219840 -0.290969
v -1.638538 -0.214637 -0.292508
v -1.637862 -0.209528 -0.294005
v -1.636920 -0.204507 -0.295448
v -1.633117 -0.282157 -0.277285
v -1.638500 -0.279673 -0.278950
v -1.640964 -0.274428 -0.280890
v -1.641320 -0.268011 -0.282836
v -1.641124 -0.261629 -0.284730
v -1.640509 -0.255367 -0.286543
v -1.639627 -0.249292 -0.288250
v -1.638646 -0.243448 -0.289837
v -1.637727 -0.237833 -0.291310
v -1.636981 -0.232418 -0.292714
v -1.636444 -0.227163 -0.294096
v -1.636067 -0.222030 -0.295489
v -1.635734 -0.216990 -0.296909
v -1.635292 -0.212034 -0.298358
v -1.634582 -0.207165 -0.299834
v -1.629229 -0.280453 -0.282751
v -1.634389 -0.278515 -0.284584
v -1.638533 -0.274943 -0.286679
v -1.638739 -0.268634 -0.288481
v -1.638389 -0.262376 -0.290232
v -1.637618 -0.256262 -0.291893
v -1.636590 -0.250370 -0.293423
v -1.635490 -0.244746 -0.294796
v -1.634506 -0.239367 -0.296027
v -1.633768 -0.234180 -0.297196
v -1.633314 -0.229139 -0.298384
v -1.633079 -0.224202 -0.299643
v -1.632924 -0.219344 -0.300992
v -1.632675 -0.214562 -0.302433
v -1.632151 -0.209865 -0.303963
v -1.625329 -0.278459 -0.287577
v -1.630229 -0.277063 -0.289585
v -1.635405 -0.274883 -0.292068
v -1.636100 -0.269132 -0.293836
v -1.635668 -0.263009 -0.295419
v -1.634821 -0.257045 -0.296898
v -1.633720 -0.251338 -0.298225
v -1.632562 -0.245942 -0.299368
v -1.631548 -0.240805 -0.300358
v -1.630822 -0.235841 -0.301313
v -1.630424 -0.231003 -0.302344
v -1.630285 -0.226255 -0.303511
v -1.630252 -0.221584 -0.304822
v -1.630137 -0.216993 -0.306268
v -1.629748 -0.212494 -0.307848
v -1.621581 -0.276331 -0.291671
v -1.626177 -0.275450 -0.293867
v -1.631054 -0.273785 -0.296595
v -1.633476 -0.269596 -0.298857
v -1.633038 -0.263619 -0.300278
v -1.632203 -0.257796 -0.301575
v -1.631122 -0.252255 -0.302702
v -1.629984 -0.247067 -0.303625
v -1.628989 -0.242146 -0.304395
v -1.628287 -0.237367 -0.305168
v -1.627918 -0.232690 -0.306073
v -1.627818 -0.228102 -0.307163
v -1.627840 -0.223608 -0.308430
v -1.627791 -0.219218 -0.309860
v -1.627475 -0.214944 -0.311456
v -1.618120 -0.274256 -0.295026
v -1.622355 -0.273827 -0.297388
v -1.626873 -0.272612 -0.300354
v -1.630912 -0.270097 -0.303516
v -1.630535 -0.264278 -0.304811
v -1.629798 -0.258582 -0.305959
v -1.628826 -0.253174 -0.306915
v -1.627788 -0.248152 -0.307653
v -1.626867 -0.243395 -0.308246
v -1.626207 -0.238740 -0.308876
v -1.625849 -0.234165 -0.309671
v -1.625739 -0.229691 -0.310672
v -1.625744 -0.225342 -0.311860
v -1.625679 -0.221147 -0.313237
v -1.625371 -0.217138 -0.314804
v -1.615019 -0.272466 -0.297641
v -1.618812 -0.272361 -0.300109
v -1.622917 -0.271486 -0.303313
v -1.627242 -0.269832 -0.307108
v -1.628142 -0.265049 -0.309043
v -1.627569 -0.259455 -0.310093
v -1.626779 -0.254136 -0.310928
v -1.625907 -0.249217 -0.311532
v -1.625106 -0.244552 -0.312002
v -1.624507 -0.239947 -0.312530
v -1.624149 -0.235406 -0.313227
v -1.623997 -0.230984 -0.314117
v -1.623932 -0.226711 -0.315185
v -1.623791 -0.222657 -0.316446
v -1.623442 -0.218941 -0.317909
v -1.612342 -0.271109 -0.299359
v -1.615585 -0.271151 -0.301969
v -1.619217 -0.270495 -0.305473
v -1.623122 -0.269163 -0.309617
v -1.625779 -0.265994 -0.313016
v -1.625417 -0.260456 -0.314021
v -1.624858 -0.255165 -0.314788
v -1.624194 -0.250266 -0.315317
v -1.623540 -0.245603 -0.315722
v -1.623012 -0.240970 -0.316191
v -1.622654 -0.236393 -0.316806
v -1.622450 -0.231951 -0.317574
v -1.622309 -0.227669 -0.318467
v -1.622099 -0.223645 -0.319493
v -1.621737 -0.220143 -0.320680
v -1.607086 -0.268881 -0.296423
v -1.603913 -0.267488 -0.295327
v -1.600646 -0.266623 -0.294732
v -1.597718 -0.267517 -0.295032
v -1.594785 -0.270459 -0.296187
v -1.591319 -0.274374 -0.297702
v -1.587237 -0.278508 -0.299259
v -1.582553 -0.282492 -0.300689
v -1.577086 -0.286063 -0.301876
v -1.570800 -0.289028 -0.302782
v -1.564949 -0.288996 -0.302557
v -1.560354 -0.286275 -0.301353
v -1.556160 -0.283613 -0.300256
v -1.552449 -0.281017 -0.299386
v -1.549455 -0.278494 -0.298896
v -1.608284 -0.270711 -0.294575
v -1.604940 -0.269555 -0.293631
v -1.601655 -0.268997 -0.293167
v -1.598566 -0.269955 -0.293346
v -1.595387 -0.272678 -0.294080
v -1.591722 -0.276429 -0.295077
v -1.587463 -0.280507 -0.296103
v -1.582597 -0.284503 -0.296999
v -1.576971 -0.288124 -0.297664
v -1.570558 -0.291152 -0.298105
v -1.564447 -0.291393 -0.297851
v -1.558643 -0.290536 -0.297391
v -1.554157 -0.287530 -0.296524
v -1.550245 -0.284423 -0.295899
v -1.547028 -0.281238 -0.295649
v -1.610468 -0.273378 -0.292126
v -1.606881 -0.272762 -0.291402
v -1.603411 -0.272732 -0.291071
v -1.599996 -0.273848 -0.291121
v -1.596401 -0.276281 -0.291460
v -1.592369 -0.279642 -0.291947
v -1.587785 -0.283408 -0.292437
v -1.582607 -0.287178 -0.292801
v -1.576714 -0.290640 -0.292963
v -1.570462 -0.292333 -0.292787
v -1.564757 -0.291191 -0.292226
v -1.558843 -0.290459 -0.291811
v -1.552727 -0.289916 -0.291589
v -1.547780 -0.287506 -0.291376
v -1.544210 -0.283765 -0.291335
v -1.613295 -0.276469 -0.288997
v -1.609418 -0.276442 -0.288354
v -1.605618 -0.276915 -0.288013
v -1.601776 -0.278232 -0.287889
v -1.597700 -0.280495 -0.287898
v -1.593212 -0.283490 -0.287958
v -1.588203 -0.286865 -0.287978
v -1.582622 -0.290281 -0.287871
v -1.576386 -0.293442 -0.287591
v -1.570516 -0.292612 -0.287059
v -1.564676 -0.291468 -0.286533
v -1.558597 -0.290756 -0.286117
v -1.552258 -0.290233 -0.285871
v -1.545669 -0.289617 -0.285892
v -1.541256 -0.286027 -0.286112
v -1.616469 -0.279668 -0.285072
v -1.612268 -0.280188 -0.284395
v -1.608074 -0.281098 -0.283933
v -1.603765 -0.282614 -0.283595
v -1.599185 -0.284792 -0.283303
v -1.594199 -0.287500 -0.282996
v -1.588714 -0.290498 -0.282616
v -1.582681 -0.293520 -0.282111
v -1.576254 -0.295281 -0.281523
v -1.570316 -0.293500 -0.281046
v -1.564265 -0.292281 -0.280556
v -1.557985 -0.291475 -0.280124
v -1.551427 -0.290836 -0.279827
v -1.544586 -0.290079 -0.279759
v -1.538390 -0.287953 -0.280069
v -1.619797 -0.282730 -0.280335
v -1.615247 -0.283738 -0.279562
v -1.610637 -0.285018 -0.278924
v -1.605854 -0.286710 -0.278340
v -1.600770 -0.288844 -0.277745
v -1.595278 -0.291328 -0.277096
v -1.589304 -0.293989 -0.276363
v -1.582812 -0.296619 -0.275529
v -1.576212 -0.296728 -0.274930
v -1.569950 -0.294886 -0.274560
v -1.563625 -0.293533 -0.274131
v -1.557113 -0.292536 -0.273708
v -1.550343 -0.291668 -0.273371
v -1.543294 -0.290657 -0.273215
v -1.535985 -0.289216 -0.273344
v -1.623112 -0.285469 -0.274900
v -1.618203 -0.286905 -0.273984
v -1.613180 -0.288495 -0.273123
v -1.607936 -0.290334 -0.272255
v -1.602369 -0.292436 -0.271340
v -1.596393 -0.294731 -0.270357
v -1.589955 -0.297091 -0.269305
v -1.583034 -0.299352 -0.268197
v -1.576158 -0.298441 -0.267737
v -1.569534 -0.296540 -0.267489
v -1.562897 -0.295021 -0.267161
v -1.556128 -0.293774 -0.266797
v -1.549148 -0.292601 -0.266466
v -1.541921 -0.291252 -0.266252
v -1.534454 -0.289452 -0.266251
v -1.626264 -0.287719 -0.268845
v -1.621000 -0.289535 -0.267750
v -1.615579 -0.291384 -0.266629
v -1.609908 -0.293338 -0.265450
v -1.603902 -0.295405 -0.264202
v -1.597494 -0.297532 -0.262894
v -1.590650 -0.299618 -0.261555
v -1.583359 -0.301536 -0.260221
v -1.576165 -0.300138 -0.259914
v -1.569183 -0.298188 -0.259798
v -1.562228 -0.296497 -0.259605
v -1.555196 -0.294976 -0.259351
v -1.548010 -0.293458 -0.259082
v -1.540627 -0.291720 -0.258860
v -1.534262 -0.288275 -0.259265
v -1.628876 -0.288913 -0.262254
v -1.623545 -0.291446 -0.260835
v -1.617761 -0.293520 -0.259455
v -1.611712 -0.295571 -0.257977
v -1.605326 -0.297605 -0.256421
v -1.598557 -0.299581 -0.254823
v -1.591380 -0.301420 -0.253236
v -1.583795 -0.303023 -0.251722
v -1.576288 -0.301545 -0.251487
v -1.568981 -0.299555 -0.251499
v -1.561732 -0.297697 -0.251454
v -1.554455 -0.295900 -0.251340
v -1.548220 -0.292226 -0.252055
v -1.543004 -0.287593 -0.253213
v -1.538246 -0.282996 -0.254313
v -1.627922 -0.285033 -0.257194
v -1.623718 -0.288923 -0.255037
v -1.619023 -0.293178 -0.252470
v -1.612765 -0.295054 -0.250855
v -1.605960 -0.295689 -0.249707
v -1.599102 -0.296606 -0.248339
v -1.592046 -0.297821 -0.246784
v -1.584656 -0.299255 -0.245113
v -1.576820 -0.300749 -0.243413
v -1.569240 -0.299289 -0.243263
v -1.562755 -0.294895 -0.244734
v -1.556876 -0.290486 -0.246242
v -1.551571 -0.286135 -0.247707
v -1.546784 -0.281877 -0.249057
v -1.542437 -0.277699 -0.250236
v -1.627165 -0.281532 -0.252272
v -1.623166 -0.285193 -0.249965
v -1.618703 -0.289183 -0.247144
v -1.612524 -0.290491 -0.245669
v -1.605977 -0.291005 -0.244491
v -1.599399 -0.291811 -0.243022
v -1.592647 -0.292937 -0.241307
v -1.585575 -0.294313 -0.239442
v -1.578041 -0.295781 -0.237538
v -1.571265 -0.292416 -0.238795
v -1.565236 -0.288240 -0.240656
v -1.559809 -0.284117 -0.242502
v -1.554947 -0.280122 -0.244227
v -1.550590 -0.276275 -0.245743
v -1.546653 -0.272542 -0.246983
v -1.626667 -0.278438 -0.247445
v -1.622829 -0.281831 -0.245006
v -1.618547 -0.285488 -0.241961
v -1.612461 -0.286386 -0.240603
v -1.606125 -0.286812 -0.239376
v -1.599763 -0.287514 -0.237810
v -1.593250 -0.288520 -0.235955
v -1.586441 -0.289773 -0.233923
v -1.579414 -0.289621 -0.233027
v -1.573213 -0.285678 -0.235204
v -1.567626 -0.281758 -0.237449
v -1.562632 -0.277960 -0.239616
v -1.558195 -0.274360 -0.241579
v -1.554249 -0.270961 -0.243234
v -1.550707 -0.267697 -0.244512
v -1.626449 -0.275681 -0.242691
v -1.622755 -0.278764 -0.240146
v -1.618616 -0.282027 -0.236903
v -1.612661 -0.282703 -0.235542
v -1.606486 -0.283069 -0.234219
v -1.600262 -0.283666 -0.232544
v -1.593901 -0.284523 -0.230566
v -1.587270 -0.285593 -0.228399
v -1.580805 -0.282948 -0.229828
v -1.575012 -0.279245 -0.232423
v -1.569823 -0.275621 -0.235044
v -1.565220 -0.272186 -0.237517
v -1.561160 -0.269015 -0.239690
v -1.557579 -0.266080 -0.241443
v -1.554407 -0.263295 -0.242712
v -1.626537 -0.273133 -0.238112
v -1.623015 -0.275833 -0.235455
v -1.618988 -0.278643 -0.232000
v -1.613215 -0.279294 -0.230397
v -1.607133 -0.279607 -0.228918
v -1.600962 -0.280096 -0.227111
v -1.594647 -0.280781 -0.225020
v -1.588124 -0.280094 -0.224514
v -1.582042 -0.276679 -0.227330
v -1.576587 -0.273265 -0.230334
v -1.571727 -0.269974 -0.233319
v -1.567445 -0.266926 -0.236081
v -1.563675 -0.264188 -0.238440
v -1.560361 -0.261713 -0.240248
v -1.557505 -0.259414 -0.241442
v -1.626991 -0.270694 -0.233968
v -1.623677 -0.272872 -0.231079
v -1.619740 -0.275141 -0.227324
v -1.614210 -0.275911 -0.225129
v -1.608136 -0.276163 -0.223432
v -1.601919 -0.276532 -0.221463
v -1.595533 -0.276990 -0.219309
v -1.588934 -0.274006 -0.222141
v -1.583091 -0.270914 -0.225364
v -1.577874 -0.267841 -0.228755
v -1.573249 -0.264911 -0.232081
v -1.569195 -0.262255 -0.235112
v -1.565608 -0.259941 -0.237646
v -1.562414 -0.257932 -0.239520
v -1.559736 -0.256152 -0.240653
v -1.546582 -0.273023 -0.299447
v -1.546066 -0.269175 -0.300543
v -1.545877 -0.264854 -0.301993
v -1.545892 -0.260330 -0.303614
v -1.545956 -0.255732 -0.305323
v -1.545944 -0.251139 -0.307119
v -1.545781 -0.246647 -0.308981
v -1.545449 -0.242255 -0.310876
v -1.546041 -0.237685 -0.312141
v -1.547616 -0.233027 -0.312725
v -1.548526 -0.228331 -0.313775
v -1.548908 -0.223566 -0.315250
v -1.549031 -0.218729 -0.317032
v -1.549186 -0.213970 -0.319010
v -1.549551 -0.209619 -0.321122
v -1.543013 -0.274170 -0.296597
v -1.541964 -0.270002 -0.297791
v -1.541327 -0.265473 -0.299340
v -1.540974 -0.260726 -0.301115
v -1.540755 -0.255855 -0.303012
v -1.540561 -0.250933 -0.304982
v -1.540330 -0.246042 -0.306971
v -1.540497 -0.241150 -0.308692
v -1.542789 -0.236232 -0.309209
v -1.544449 -0.231408 -0.309955
v -1.545460 -0.226545 -0.311060
v -1.545961 -0.221613 -0.312528
v -1.546220 -0.216624 -0.314303
v -1.546539 -0.211694 -0.316349
v -1.547156 -0.207008 -0.318645
v -1.539258 -0.275540 -0.292647
v -1.537744 -0.270957 -0.293990
v -1.536693 -0.266091 -0.295658
v -1.535982 -0.261009 -0.297551
v -1.535482 -0.255772 -0.299576
v -1.535108 -0.250451 -0.301670
v -1.534806 -0.245106 -0.303765
v -1.536296 -0.239675 -0.305131
v -1.538608 -0.234448 -0.305991
v -1.540362 -0.229323 -0.306959
v -1.541550 -0.224184 -0.308166
v -1.542299 -0.218990 -0.309657
v -1.542837 -0.213753 -0.311419
v -1.544378 -0.209063 -0.312868
v -1.546581 -0.204993 -0.314226
v -1.535491 -0.276888 -0.287759
v -1.533565 -0.271874 -0.289216
v -1.532129 -0.266596 -0.290977
v -1.531081 -0.261103 -0.292952
v -1.530320 -0.255443 -0.295063
v -1.529780 -0.249677 -0.297245
v -1.529799 -0.243810 -0.299333
v -1.531981 -0.237940 -0.300773
v -1.534341 -0.232349 -0.301959
v -1.536761 -0.226980 -0.302981
v -1.539136 -0.221843 -0.303941
v -1.541394 -0.216956 -0.304922
v -1.543509 -0.212330 -0.305988
v -1.545515 -0.207946 -0.307223
v -1.547510 -0.203775 -0.308718
v -1.531859 -0.278012 -0.282029
v -1.529558 -0.272578 -0.283569
v -1.527773 -0.266872 -0.285387
v -1.526424 -0.260944 -0.287412
v -1.527245 -0.254426 -0.289382
v -1.529089 -0.247993 -0.291251
v -1.531309 -0.241879 -0.292987
v -1.533774 -0.236118 -0.294515
v -1.536351 -0.230674 -0.295810
v -1.538894 -0.225497 -0.296943
v -1.541277 -0.220566 -0.298011
v -1.543427 -0.215858 -0.299100
v -1.545337 -0.211344 -0.300280
v -1.547079 -0.206990 -0.301614
v -1.548793 -0.202766 -0.303167
v -1.528497 -0.278797 -0.275559
v -1.525859 -0.272968 -0.277163
v -1.525866 -0.266015 -0.279072
v -1.526854 -0.259117 -0.281069
v -1.528492 -0.252448 -0.283077
v -1.530651 -0.246074 -0.285030
v -1.533189 -0.240050 -0.286863
v -1.535949 -0.234407 -0.288509
v -1.538761 -0.229125 -0.289943
v -1.541442 -0.224155 -0.291214
v -1.543833 -0.219448 -0.292398
v -1.545850 -0.214935 -0.293578
v -1.547513 -0.210550 -0.294823
v -1.548941 -0.206243 -0.296192
v -1.550322 -0.201992 -0.297731
v -1.527042 -0.278214 -0.268769
v -1.526506 -0.271058 -0.270715
v -1.526906 -0.264004 -0.272771
v -1.528115 -0.257132 -0.274881
v -1.530007 -0.250514 -0.276993
v -1.532445 -0.244219 -0.279052
v -1.535275 -0.238305 -0.281004
v -1.538317 -0.232806 -0.282798
v -1.541366 -0.227716 -0.284408
v -1.544192 -0.222984 -0.285854
v -1.546593 -0.218526 -0.287188
v -1.548465 -0.214225 -0.288472
v -1.549857 -0.209979 -0.289773
v -1.550949 -0.205730 -0.291142
v -1.551982 -0.201466 -0.292617
v -1.528137 -0.275981 -0.262408
v -1.527712 -0.268895 -0.264537
v -1.528247 -0.261908 -0.266734
v -1.529616 -0.255107 -0.268959
v -1.531693 -0.248575 -0.271174
v -1.534339 -0.242388 -0.273342
v -1.537395 -0.236613 -0.275425
v -1.540666 -0.231298 -0.277389
v -1.543917 -0.226444 -0.279210
v -1.546873 -0.221988 -0.280878
v -1.549280 -0.217806 -0.282407
v -1.551008 -0.213731 -0.283833
v -1.552137 -0.209628 -0.285206
v -1.552913 -0.205437 -0.286571
v -1.553635 -0.201163 -0.287955
v -1.529649 -0.273490 -0.256318
v -1.529257 -0.266547 -0.258608
v -1.529860 -0.259678 -0.260939
v -1.531307 -0.252993 -0.263275
v -1.533474 -0.246584 -0.265594
v -1.536224 -0.240540 -0.267874
v -1.539394 -0.234944 -0.270095
v -1.542785 -0.229854 -0.272241
v -1.546145 -0.225269 -0.274290
v -1.549175 -0.221106 -0.276203
v -1.551577 -0.217202 -0.277945
v -1.553191 -0.213343 -0.279517
v -1.554118 -0.209369 -0.280952
v -1.554665 -0.205226 -0.282290
v -1.555175 -0.200940 -0.283560
v -1.534581 -0.269074 -0.252014
v -1.531080 -0.264064 -0.252862
v -1.531685 -0.257358 -0.255306
v -1.533124 -0.250826 -0.257747
v -1.535276 -0.244569 -0.260175
v -1.538005 -0.238691 -0.262576
v -1.541151 -0.233288 -0.264942
v -1.544513 -0.228431 -0.267267
v -1.547842 -0.224105 -0.269536
v -1.550843 -0.220194 -0.271683
v -1.553209 -0.216509 -0.273622
v -1.554765 -0.212815 -0.275311
v -1.555613 -0.208945 -0.276770
v -1.556076 -0.204854 -0.278049
v -1.556515 -0.200583 -0.279182
v -1.539557 -0.264815 -0.248527
v -1.536051 -0.260377 -0.248936
v -1.533668 -0.255045 -0.249836
v -1.535021 -0.248693 -0.252351
v -1.537161 -0.242589 -0.254918
v -1.539641 -0.236878 -0.257389
v -1.542623 -0.231650 -0.259888
v -1.545804 -0.226996 -0.262369
v -1.548952 -0.222872 -0.264826
v -1.551803 -0.219122 -0.267173
v -1.554088 -0.215555 -0.269285
v -1.555648 -0.211956 -0.271083
v -1.556556 -0.208178 -0.272571
v -1.557096 -0.204181 -0.273802
v -1.557608 -0.199993 -0.274817
v -1.544376 -0.260864 -0.245822
v -1.541239 -0.256846 -0.245961
v -1.537969 -0.252260 -0.245894
v -1.537534 -0.246585 -0.247403
v -1.539644 -0.240681 -0.250102
v -1.541761 -0.235161 -0.252563
v -1.543864 -0.230043 -0.254868
v -1.546749 -0.225531 -0.257471
v -1.549610 -0.221529 -0.260071
v -1.552230 -0.217838 -0.262577
v -1.554400 -0.214290 -0.264843
v -1.555994 -0.210728 -0.266769
v -1.557051 -0.207043 -0.268337
v -1.557782 -0.203191 -0.269577
v -1.558472 -0.199170 -0.270527
v -1.548859 -0.257361 -0.243788
v -1.546125 -0.253750 -0.243704
v -1.543224 -0.249538 -0.243321
v -1.540126 -0.244673 -0.242741
v -1.541531 -0.238979 -0.245145
v -1.543395 -0.233558 -0.247644
v -1.545002 -0.228484 -0.249849
v -1.547536 -0.224043 -0.252540
v -1.550069 -0.220080 -0.255247
v -1.552432 -0.216365 -0.257884
v -1.554475 -0.212771 -0.260300
v -1.556101 -0.209210 -0.262385
v -1.557329 -0.205615 -0.264095
v -1.558300 -0.201938 -0.265410
v -1.559215 -0.198166 -0.266339
v -1.552865 -0.254499 -0.242270
v -1.550580 -0.251258 -0.242041
v -1.548081 -0.247338 -0.241402
v -1.545328 -0.242753 -0.240449
v -1.543007 -0.237487 -0.239893
v -1.544530 -0.232055 -0.242363
v -1.546206 -0.227002 -0.244826
v -1.548381 -0.222553 -0.247585
v -1.550594 -0.218548 -0.250380
v -1.552716 -0.214748 -0.253135
v -1.554635 -0.211068 -0.255710
v -1.556273 -0.207482 -0.257989
v -1.557646 -0.203951 -0.259912
v -1.558848 -0.200446 -0.261394
v -1.559977 -0.196997 -0.262370
v -1.556259 -0.252507 -0.241205
v -1.554492 -0.249503 -0.240852
v -1.552436 -0.245737 -0.239979
v -1.550044 -0.241335 -0.238686
v -1.547348 -0.236274 -0.237168
v -1.545987 -0.230722 -0.237057
v -1.547655 -0.225629 -0.239810
v -1.549494 -0.221086 -0.242635
v -1.551419 -0.216960 -0.245518
v -1.553330 -0.213018 -0.248395
v -1.555133 -0.209219 -0.251140
v -1.556760 -0.205580 -0.253645
v -1.558217 -0.202082 -0.255856
v -1.559561 -0.198731 -0.257669
v -1.560805 -0.195644 -0.258892
v -1.607847 -0.268903 -0.299988
v -1.609666 -0.269323 -0.303459
v -1.612266 -0.269212 -0.307805
v -1.615341 -0.268428 -0.312744
v -1.618639 -0.266830 -0.318109
v -1.620453 -0.262981 -0.321556
v -1.620393 -0.257498 -0.322368
v -1.620179 -0.252328 -0.322930
v -1.619844 -0.247348 -0.323367
v -1.619483 -0.242386 -0.323823
v -1.619160 -0.237486 -0.324331
v -1.618903 -0.232747 -0.324867
v -1.618723 -0.228207 -0.325355
v -1.618680 -0.223956 -0.325669
v -1.618865 -0.220252 -0.325667
v -1.604850 -0.267972 -0.299888
v -1.606488 -0.268823 -0.303755
v -1.608735 -0.269081 -0.308503
v -1.611397 -0.268532 -0.313868
v -1.614268 -0.267076 -0.319663
v -1.617027 -0.264495 -0.325376
v -1.617174 -0.258797 -0.326313
v -1.617159 -0.253351 -0.326981
v -1.616985 -0.248067 -0.327497
v -1.616735 -0.242813 -0.327978
v -1.616486 -0.237630 -0.328440
v -1.616281 -0.232612 -0.328852
v -1.616159 -0.227817 -0.329141
v -1.616200 -0.223320 -0.329178
v -1.616475 -0.219247 -0.328835
v -1.601622 -0.267744 -0.299934
v -1.603134 -0.268938 -0.304185
v -1.605061 -0.269437 -0.309308
v -1.607293 -0.269012 -0.315063
v -1.609696 -0.267593 -0.321247
v -1.612158 -0.265183 -0.327639
v -1.613099 -0.260112 -0.330310
v -1.613258 -0.254331 -0.331127
v -1.613242 -0.248681 -0.331751
v -1.613124 -0.243079 -0.332271
v -1.612984 -0.237561 -0.332695
v -1.612876 -0.232205 -0.332990
v -1.612842 -0.227077 -0.333095
v -1.612950 -0.222230 -0.332900
v -1.613267 -0.217712 -0.332292
v -1.598449 -0.268691 -0.300561
v -1.599657 -0.269891 -0.305053
v -1.601184 -0.270372 -0.310450
v -1.602942 -0.269891 -0.316505
v -1.604846 -0.268375 -0.322985
v -1.606810 -0.265832 -0.329658
v -1.608169 -0.261372 -0.334238
v -1.608477 -0.255222 -0.335229
v -1.608616 -0.249175 -0.335981
v -1.608645 -0.243192 -0.336555
v -1.608640 -0.237306 -0.336954
v -1.608658 -0.231577 -0.337150
v -1.608742 -0.226066 -0.337089
v -1.608946 -0.220818 -0.336688
v -1.609331 -0.215868 -0.335851
v -1.595136 -0.270875 -0.301966
v -1.595934 -0.271682 -0.306529
v -1.596996 -0.271866 -0.312056
v -1.598253 -0.271134 -0.318276
v -1.599641 -0.269381 -0.324929
v -1.600809 -0.265696 -0.330112
v -1.601521 -0.260210 -0.332618
v -1.602180 -0.254672 -0.335160
v -1.602746 -0.248990 -0.337710
v -1.603260 -0.243096 -0.340225
v -1.603493 -0.236895 -0.341074
v -1.603659 -0.230787 -0.341192
v -1.603883 -0.224887 -0.340991
v -1.604208 -0.219242 -0.340404
v -1.604682 -0.213889 -0.339358
v -1.591374 -0.273849 -0.303907
v -1.591790 -0.274070 -0.308497
v -1.592397 -0.273770 -0.314058
v -1.593156 -0.272635 -0.320329
v -1.593882 -0.269182 -0.324962
v -1.594486 -0.263818 -0.327154
v -1.595100 -0.258490 -0.329506
v -1.595674 -0.253144 -0.332046
v -1.596181 -0.247682 -0.334737
v -1.596657 -0.242022 -0.337501
v -1.597152 -0.236124 -0.340210
v -1.597710 -0.229978 -0.342715
v -1.598340 -0.223618 -0.344653
v -1.598797 -0.217600 -0.343908
v -1.599364 -0.211875 -0.342674
v -1.587089 -0.277108 -0.306068
v -1.587167 -0.276718 -0.310729
v -1.587342 -0.275858 -0.316299
v -1.587705 -0.272378 -0.320150
v -1.588212 -0.267002 -0.321853
v -1.588732 -0.261751 -0.323712
v -1.589238 -0.256609 -0.325880
v -1.589706 -0.251500 -0.328419
v -1.590130 -0.246304 -0.331280
v -1.590539 -0.240912 -0.334330
v -1.590969 -0.235259 -0.337386
v -1.591454 -0.229315 -0.340255
v -1.592022 -0.223080 -0.342753
v -1.592697 -0.216567 -0.344708
v -1.593485 -0.209917 -0.345648
v -1.582259 -0.280291 -0.308235
v -1.582028 -0.279317 -0.313025
v -1.582230 -0.275453 -0.316005
v -1.582722 -0.269974 -0.317269
v -1.583202 -0.264639 -0.318499
v -1.583642 -0.259518 -0.319965
v -1.584027 -0.254605 -0.321911
v -1.584358 -0.249800 -0.324452
v -1.584660 -0.244938 -0.327511
v -1.584963 -0.239863 -0.330877
v -1.585295 -0.234483 -0.334290
v -1.585676 -0.228763 -0.337510
v -1.586121 -0.222704 -0.340331
v -1.586640 -0.216329 -0.342574
v -1.587241 -0.209670 -0.344073
v -1.576693 -0.283122 -0.310228
v -1.577116 -0.278477 -0.312467
v -1.577740 -0.272929 -0.313597
v -1.578322 -0.267443 -0.314393
v -1.578835 -0.262152 -0.315121
v -1.579240 -0.257175 -0.316139
v -1.579512 -0.252542 -0.317828
v -1.579673 -0.248123 -0.320378
v -1.579792 -0.243667 -0.323662
v -1.579923 -0.238951 -0.327349
v -1.580097 -0.233862 -0.331092
v -1.580324 -0.228374 -0.334613
v -1.580605 -0.222502 -0.337696
v -1.580933 -0.216281 -0.340161
v -1.581298 -0.209751 -0.341849
v -1.571864 -0.281422 -0.309144
v -1.572748 -0.275971 -0.310535
v -1.573576 -0.270443 -0.311337
v -1.574338 -0.264973 -0.311731
v -1.574992 -0.259728 -0.311988
v -1.575458 -0.254892 -0.312548
v -1.575658 -0.250561 -0.313969
v -1.575613 -0.246576 -0.316550
v -1.575471 -0.242555 -0.320064
v -1.575346 -0.238192 -0.324028
v -1.575285 -0.233373 -0.328022
v -1.575293 -0.228097 -0.331748
v -1.575361 -0.222404 -0.334996
v -1.575467 -0.216347 -0.337597
v -1.575586 -0.209974 -0.339399
v -1.567483 -0.278983 -0.307556
v -1.568592 -0.273649 -0.308767
v -1.569637 -0.268217 -0.309363
v -1.570619 -0.262822 -0.309505
v -1.571482 -0.257652 -0.309450
v -1.572089 -0.252950 -0.309670
v -1.572257 -0.248895 -0.310881
v -1.571984 -0.245306 -0.313488
v -1.571534 -0.241658 -0.317135
v -1.571109 -0.237571 -0.321226
v -1.570773 -0.232954 -0.325309
v -1.570533 -0.227845 -0.329094
v -1.570374 -0.222320 -0.332381
v -1.570263 -0.216444 -0.335013
v -1.570152 -0.210269 -0.336846
v -1.563357 -0.276772 -0.306098
v -1.564632 -0.271661 -0.307232
v -1.565832 -0.266430 -0.307781
v -1.566972 -0.261211 -0.307903
v -1.567989 -0.256198 -0.307839
v -1.568695 -0.251661 -0.308038
v -1.568832 -0.247804 -0.309200
v -1.568386 -0.244444 -0.311712
v -1.567696 -0.240996 -0.315225
v -1.567021 -0.237046 -0.319175
v -1.566448 -0.232535 -0.323123
v -1.565996 -0.227542 -0.326783
v -1.565653 -0.222174 -0.329965
v -1.565370 -0.216506 -0.332515
v -1.565074 -0.210583 -0.334292
v -1.559466 -0.274864 -0.304767
v -1.560817 -0.270098 -0.305923
v -1.562062 -0.265168 -0.306597
v -1.563214 -0.260216 -0.306936
v -1.564215 -0.255438 -0.307170
v -1.564869 -0.251080 -0.307674
v -1.564943 -0.247306 -0.308939
v -1.564448 -0.243960 -0.311224
v -1.563683 -0.240510 -0.314341
v -1.562893 -0.236550 -0.317897
v -1.562194 -0.232049 -0.321501
v -1.561627 -0.227123 -0.324870
v -1.561189 -0.221896 -0.327810
v -1.560808 -0.216453 -0.330165
v -1.560388 -0.210849 -0.331800
v -1.555816 -0.273368 -0.303502
v -1.557104 -0.269049 -0.304749
v -1.558237 -0.264446 -0.305682
v -1.559238 -0.259761 -0.306385
v -1.560071 -0.255199 -0.307050
v -1.560569 -0.250948 -0.307954
v -1.560574 -0.247136 -0.309370
v -1.560105 -0.243662 -0.311437
v -1.559384 -0.240071 -0.314110
v -1.558612 -0.235986 -0.317178
v -1.557911 -0.231415 -0.320329
v -1.557348 -0.226500 -0.323309
v -1.556934 -0.221368 -0.325923
v -1.556576 -0.216136 -0.328009
v -1.556148 -0.210931 -0.329440
v -1.552526 -0.272462 -0.302269
v -1.553498 -0.268562 -0.303607
v -1.554307 -0.264207 -0.304824
v -1.555028 -0.259706 -0.305906
v -1.555619 -0.255263 -0.306988
v -1.555942 -0.251011 -0.308249
v -1.555886 -0.247062 -0.309815
v -1.555464 -0.243371 -0.311749
v -1.554832 -0.239544 -0.314067
v -1.554151 -0.235252 -0.316685
v -1.553541 -0.230541 -0.319386
v -1.553083 -0.225573 -0.321964
v -1.553293 -0.220659 -0.323655
v -1.553357 -0.215769 -0.325197
v -1.553202 -0.211136 -0.326353
v -1.484785 -0.208108 -0.224023
v -1.482827 -0.274670 -0.199861
v -1.495604 -0.192475 -0.156749
v -1.492640 -0.253183 -0.140249
v -1.553674 -0.218496 -0.222944
v -1.542186 -0.269506 -0.197971
v -1.561262 -0.198372 -0.160774
v -1.563081 -0.267367 -0.132356
v -1.543186 -0.270350 -0.197003
v -1.544916 -0.271832 -0.195374
v -1.547530 -0.274021 -0.192795
v -1.550656 -0.276573 -0.189562
v -1.554114 -0.279224 -0.185591
v -1.557740 -0.281756 -0.180859
v -1.561362 -0.283995 -0.175466
v -1.564827 -0.285776 -0.169482
v -1.566468 -0.285218 -0.163436
v -1.565282 -0.281518 -0.158399
v -1.564343 -0.278191 -0.153501
v -1.563698 -0.275276 -0.148694
v -1.563322 -0.272727 -0.143941
v -1.563140 -0.270485 -0.139331
v -1.563098 -0.268742 -0.135458
v -1.484858 -0.275798 -0.200484
v -1.487645 -0.277338 -0.201334
v -1.491283 -0.279385 -0.202463
v -1.495289 -0.281663 -0.203718
v -1.499616 -0.284117 -0.205071
v -1.504255 -0.286695 -0.206494
v -1.510340 -0.284479 -0.205412
v -1.515782 -0.281191 -0.203756
v -1.520450 -0.277502 -0.201879
v -1.524541 -0.273682 -0.199924
v -1.528047 -0.270097 -0.198085
v -1.531050 -0.267424 -0.196719
v -1.534021 -0.266505 -0.196277
v -1.537272 -0.267141 -0.196657
v -1.540027 -0.268334 -0.197324
v -1.484735 -0.211317 -0.222819
v -1.484704 -0.215300 -0.221298
v -1.484629 -0.220050 -0.219517
v -1.484491 -0.224847 -0.217773
v -1.484080 -0.229571 -0.216296
v -1.483177 -0.234244 -0.215272
v -1.483403 -0.238803 -0.213301
v -1.483935 -0.242951 -0.211221
v -1.484310 -0.246947 -0.209339
v -1.484418 -0.251121 -0.207622
v -1.484261 -0.255485 -0.206063
v -1.483927 -0.259933 -0.204626
v -1.483550 -0.264371 -0.203231
v -1.483238 -0.268631 -0.201849
v -1.482990 -0.272054 -0.200735
v -1.563089 -0.263688 -0.133780
v -1.562850 -0.259135 -0.135760
v -1.562248 -0.253737 -0.138386
v -1.561149 -0.248308 -0.141460
v -1.559563 -0.243123 -0.144865
v -1.557575 -0.238381 -0.148451
v -1.555343 -0.234331 -0.151982
v -1.553235 -0.231080 -0.155095
v -1.551959 -0.228126 -0.157361
v -1.552173 -0.224659 -0.158522
v -1.553631 -0.220431 -0.158887
v -1.555586 -0.215677 -0.159023
v -1.557508 -0.210664 -0.159286
v -1.559137 -0.205701 -0.159788
v -1.560373 -0.201603 -0.160298
v -1.494896 -0.194283 -0.155493
v -1.493920 -0.196763 -0.153763
v -1.492606 -0.199981 -0.151460
v -1.491139 -0.203483 -0.148908
v -1.489545 -0.207221 -0.146149
v -1.487846 -0.211186 -0.143213
v -1.486114 -0.215332 -0.140198
v -1.484438 -0.219667 -0.137211
v -1.482900 -0.224399 -0.134311
v -1.482633 -0.229836 -0.132831
v -1.485205 -0.235496 -0.134810
v -1.487589 -0.240455 -0.136705
v -1.489626 -0.244763 -0.138308
v -1.491193 -0.248492 -0.139455
v -1.492142 -0.251226 -0.140049
v -1.553751 -0.220878 -0.222535
v -1.553851 -0.224079 -0.221983
v -1.554016 -0.228181 -0.221318
v -1.554204 -0.232548 -0.220627
v -1.554455 -0.237091 -0.219976
v -1.554809 -0.241784 -0.219420
v -1.555260 -0.246534 -0.218972
v -1.555755 -0.251299 -0.218576
v -1.556192 -0.256279 -0.218062
v -1.556496 -0.261622 -0.217307
v -1.556239 -0.266840 -0.215886
v -1.552544 -0.268659 -0.210939
v -1.549061 -0.269710 -0.206416
v -1.545966 -0.270151 -0.202501
v -1.543699 -0.269983 -0.199738
v -1.496951 -0.190226 -0.155584
v -1.499268 -0.187353 -0.154103
v -1.502810 -0.183864 -0.152315
v -1.507199 -0.180254 -0.150475
v -1.512391 -0.176736 -0.148695
v -1.518317 -0.173465 -0.147055
v -1.524849 -0.170594 -0.145635
v -1.531880 -0.168285 -0.144517
v -1.538850 -0.168784 -0.144877
v -1.544478 -0.173598 -0.147491
v -1.549309 -0.178584 -0.150185
v -1.553308 -0.183545 -0.152854
v -1.556499 -0.188293 -0.155399
v -1.558942 -0.192607 -0.157705
v -1.560445 -0.195939 -0.159481
v -1.483452 -0.205841 -0.222696
v -1.481771 -0.202809 -0.220633
v -1.482249 -0.201188 -0.215530
v -1.483009 -0.199778 -0.210088
v -1.484028 -0.198642 -0.204524
v -1.485244 -0.197776 -0.199005
v -1.486582 -0.197178 -0.193747
v -1.487961 -0.196810 -0.188896
v -1.489327 -0.196531 -0.184288
v -1.490615 -0.196161 -0.179697
v -1.491770 -0.195637 -0.175141
v -1.492778 -0.194978 -0.170700
v -1.493682 -0.194249 -0.166402
v -1.494516 -0.193534 -0.162341
v -1.495139 -0.192930 -0.159146
v -1.561052 -0.268358 -0.129917
v -1.558190 -0.269654 -0.126669
v -1.554308 -0.271299 -0.122478
v -1.549081 -0.272238 -0.119268
v -1.542907 -0.272395 -0.117291
v -1.536533 -0.272622 -0.115126
v -1.529536 -0.270938 -0.116435
v -1.523016 -0.268336 -0.119622
v -1.517271 -0.265638 -0.123205
v -1.512162 -0.262951 -0.126936
v -1.507652 -0.260403 -0.130567
v -1.503714 -0.258123 -0.133842
v -1.500212 -0.256205 -0.136546
v -1.497024 -0.254700 -0.138549
v -1.494540 -0.253744 -0.139695
v -1.562851 -0.197415 -0.162678
v -1.565011 -0.196176 -0.165548
v -1.567788 -0.194667 -0.169631
v -1.570817 -0.193113 -0.174502
v -1.573669 -0.191876 -0.180127
v -1.572382 -0.194257 -0.185938
v -1.570770 -0.196840 -0.191392
v -1.568881 -0.199550 -0.196333
v -1.566758 -0.202369 -0.200844
v -1.564500 -0.205248 -0.205099
v -1.562222 -0.208087 -0.209089
v -1.560024 -0.210788 -0.212761
v -1.557961 -0.213301 -0.216111
v -1.556096 -0.215567 -0.219112
v -1.554694 -0.217269 -0.221359
v -1.552449 -0.217286 -0.224917
v -1.550369 -0.215645 -0.227480
v -1.547208 -0.213530 -0.230652
v -1.543312 -0.211229 -0.233978
v -1.538702 -0.208846 -0.237269
v -1.533421 -0.206461 -0.240379
v -1.527578 -0.204168 -0.243161
v -1.521274 -0.202747 -0.244157
v -1.515032 -0.202939 -0.242095
v -1.509027 -0.203315 -0.239746
v -1.503321 -0.203822 -0.237228
v -1.498011 -0.204422 -0.234643
v -1.493151 -0.205082 -0.232064
v -1.488825 -0.205759 -0.229597
v -1.486267 -0.206980 -0.226576
v -1.490952 -0.254750 -0.140747
v -1.488414 -0.257126 -0.141590
v -1.484887 -0.260480 -0.142992
v -1.480806 -0.264417 -0.144877
v -1.476370 -0.268803 -0.147412
v -1.471764 -0.273505 -0.150721
v -1.467185 -0.278360 -0.154844
v -1.462999 -0.283079 -0.159893
v -1.462480 -0.284993 -0.166606
v -1.465101 -0.284292 -0.173769
v -1.468105 -0.283132 -0.180352
v -1.471356 -0.281602 -0.186207
v -1.474710 -0.279802 -0.191240
v -1.477972 -0.277885 -0.195367
v -1.480684 -0.276150 -0.198154
v -1.485120 -0.203188 -0.225642
v -1.487777 -0.200457 -0.229241
v -1.492302 -0.199107 -0.231767
v -1.497431 -0.198005 -0.234381
v -1.503055 -0.197086 -0.236966
v -1.509100 -0.196350 -0.239434
v -1.515464 -0.195821 -0.241687
v -1.522073 -0.196253 -0.242567
v -1.528444 -0.198657 -0.240468
v -1.534329 -0.201282 -0.237896
v -1.539643 -0.204040 -0.235004
v -1.544279 -0.206839 -0.231934
v -1.548178 -0.209614 -0.228835
v -1.551288 -0.212339 -0.225919
v -1.553463 -0.214982 -0.223428
v -1.484395 -0.199602 -0.222967
v -1.487665 -0.196563 -0.225987
v -1.491724 -0.193709 -0.229493
v -1.496717 -0.191350 -0.232953
v -1.502730 -0.190090 -0.235497
v -1.509176 -0.189115 -0.237893
v -1.515953 -0.188438 -0.240044
v -1.522925 -0.190609 -0.238921
v -1.529421 -0.193290 -0.237036
v -1.535413 -0.196236 -0.234693
v -1.540820 -0.199364 -0.232037
v -1.545536 -0.202584 -0.229202
v -1.549481 -0.205832 -0.226328
v -1.552590 -0.209094 -0.223595
v -1.554786 -0.212340 -0.221164
v -1.484952 -0.197577 -0.217906
v -1.488287 -0.194104 -0.220803
v -1.492393 -0.190799 -0.224083
v -1.497304 -0.187723 -0.227576
v -1.503003 -0.184923 -0.231100
v -1.509420 -0.182476 -0.234503
v -1.516637 -0.182596 -0.235672
v -1.523810 -0.185137 -0.234553
v -1.530484 -0.188072 -0.232894
v -1.536633 -0.191317 -0.230801
v -1.542176 -0.194794 -0.228402
v -1.547013 -0.198418 -0.225820
v -1.551054 -0.202110 -0.223175
v -1.554235 -0.205838 -0.220604
v -1.556522 -0.209566 -0.218221
v -1.485610 -0.195895 -0.212425
v -1.488906 -0.192086 -0.215186
v -1.493012 -0.188404 -0.218252
v -1.497955 -0.184933 -0.221489
v -1.503703 -0.181755 -0.224753
v -1.510181 -0.178960 -0.227913
v -1.517419 -0.178669 -0.229294
v -1.524615 -0.181879 -0.227970
v -1.531274 -0.185045 -0.226510
v -1.537533 -0.188016 -0.225079
v -1.543510 -0.190697 -0.223851
v -1.548641 -0.194328 -0.221842
v -1.552816 -0.198422 -0.219447
v -1.556114 -0.202560 -0.217071
v -1.558507 -0.206688 -0.214812
v -1.486429 -0.194553 -0.206753
v -1.489606 -0.190465 -0.209334
v -1.493658 -0.186461 -0.212166
v -1.498593 -0.182650 -0.215135
v -1.504364 -0.179140 -0.218124
v -1.510891 -0.176030 -0.221020
v -1.518188 -0.175891 -0.222167
v -1.525362 -0.179446 -0.220959
v -1.531975 -0.182923 -0.219641
v -1.538156 -0.186138 -0.218367
v -1.544047 -0.188964 -0.217304
v -1.549804 -0.191357 -0.216578
v -1.554671 -0.194746 -0.215215
v -1.558106 -0.199233 -0.213080
v -1.560615 -0.203694 -0.211010
v -1.487394 -0.193524 -0.201072
v -1.490403 -0.189206 -0.203428
v -1.494358 -0.184931 -0.205989
v -1.499249 -0.180831 -0.208659
v -1.505018 -0.177031 -0.211340
v -1.511580 -0.173639 -0.213937
v -1.518901 -0.173105 -0.215171
v -1.526103 -0.176942 -0.214144
v -1.532726 -0.180685 -0.213029
v -1.538889 -0.184120 -0.211961
v -1.544747 -0.187088 -0.211087
v -1.550485 -0.189527 -0.210518
v -1.556285 -0.191510 -0.210302
v -1.560123 -0.195885 -0.208685
v -1.562769 -0.200615 -0.206847
v -1.488472 -0.192791 -0.195588
v -1.491297 -0.188282 -0.197655
v -1.495134 -0.183778 -0.199886
v -1.499960 -0.179430 -0.202199
v -1.505706 -0.175376 -0.204517
v -1.512280 -0.171737 -0.206768
v -1.519599 -0.170182 -0.208253
v -1.526859 -0.174204 -0.207467
v -1.533534 -0.178133 -0.206616
v -1.539733 -0.181739 -0.205810
v -1.545614 -0.184840 -0.205165
v -1.551375 -0.187357 -0.204764
v -1.557215 -0.189360 -0.204636
v -1.562066 -0.192591 -0.203958
v -1.564867 -0.197537 -0.202388
v -1.489632 -0.192305 -0.190448
v -1.492297 -0.187634 -0.192153
v -1.496023 -0.182938 -0.193974
v -1.500776 -0.178384 -0.195856
v -1.506479 -0.174120 -0.197747
v -1.513029 -0.170275 -0.199596
v -1.520316 -0.167069 -0.201324
v -1.527646 -0.171152 -0.200822
v -1.534395 -0.175164 -0.200282
v -1.540667 -0.178871 -0.199787
v -1.546618 -0.182083 -0.199411
v -1.552443 -0.184711 -0.199201
v -1.558343 -0.186811 -0.199161
v -1.563825 -0.189422 -0.198921
v -1.566798 -0.194545 -0.197654
v -1.490862 -0.191935 -0.185526
v -1.493420 -0.187146 -0.186837
v -1.497059 -0.182315 -0.188215
v -1.501736 -0.177616 -0.189632
v -1.507369 -0.173202 -0.191059
v -1.513853 -0.169209 -0.192471
v -1.521072 -0.165755 -0.193847
v -1.528472 -0.167803 -0.194076
v -1.535300 -0.171790 -0.193866
v -1.541665 -0.175519 -0.193695
v -1.547717 -0.178807 -0.193595
v -1.553640 -0.181564 -0.193574
v -1.559619 -0.183830 -0.193609
v -1.565316 -0.186427 -0.193470
v -1.568469 -0.191689 -0.192501
v -1.492106 -0.191535 -0.180633
v -1.494612 -0.186708 -0.181569
v -1.498187 -0.181829 -0.182522
v -1.502791 -0.177070 -0.183485
v -1.508339 -0.172586 -0.184453
v -1.514723 -0.168516 -0.185423
v -1.521829 -0.164986 -0.186398
v -1.529335 -0.164261 -0.187088
v -1.536252 -0.168138 -0.187200
v -1.542732 -0.171828 -0.187336
v -1.548913 -0.175163 -0.187489
v -1.554956 -0.178055 -0.187634
v -1.561023 -0.180528 -0.187728
v -1.566543 -0.183669 -0.187561
v -1.569865 -0.189009 -0.186860
v -1.493295 -0.191071 -0.175797
v -1.495794 -0.186302 -0.176376
v -1.499327 -0.181473 -0.176918
v -1.503863 -0.176746 -0.177440
v -1.509320 -0.172273 -0.177958
v -1.515591 -0.168198 -0.178489
v -1.522559 -0.164653 -0.179058
v -1.530116 -0.161759 -0.179691
v -1.537256 -0.164410 -0.180150
v -1.543875 -0.168028 -0.180568
v -1.550204 -0.171395 -0.180956
v -1.556374 -0.174426 -0.181264
v -1.562517 -0.177128 -0.181436
v -1.567517 -0.181256 -0.181316
v -1.570970 -0.186604 -0.180876
v -1.494390 -0.190569 -0.171103
v -1.496908 -0.185961 -0.171339
v -1.500411 -0.181278 -0.171472
v -1.504883 -0.176672 -0.171549
v -1.510253 -0.172289 -0.171617
v -1.516409 -0.168278 -0.171711
v -1.523235 -0.164777 -0.171874
v -1.530626 -0.161917 -0.172154
v -1.538305 -0.160842 -0.172617
v -1.545087 -0.164375 -0.173300
v -1.551574 -0.167767 -0.173923
v -1.557861 -0.170935 -0.174423
v -1.563461 -0.174824 -0.174777
v -1.566958 -0.181008 -0.174995
v -1.569413 -0.187132 -0.174921
v -1.495374 -0.190111 -0.166590
v -1.497904 -0.185760 -0.166513
v -1.501383 -0.181306 -0.166247
v -1.505797 -0.176898 -0.165870
v -1.511083 -0.172677 -0.165479
v -1.517135 -0.168792 -0.165135
v -1.523829 -0.165388 -0.164893
v -1.531064 -0.162608 -0.164819
v -1.538784 -0.160587 -0.164951
v -1.546360 -0.161127 -0.165476
v -1.552457 -0.165931 -0.166554
v -1.557460 -0.171706 -0.167664
v -1.561542 -0.177550 -0.168624
v -1.564652 -0.183372 -0.169325
v -1.566739 -0.189090 -0.169681
v -1.496171 -0.189831 -0.162339
v -1.498687 -0.185831 -0.161961
v -1.502160 -0.181668 -0.161286
v -1.506538 -0.177508 -0.160444
v -1.511756 -0.173499 -0.159589
v -1.517724 -0.169788 -0.158806
v -1.524315 -0.166527 -0.158164
v -1.531425 -0.163868 -0.157738
v -1.539010 -0.161958 -0.157580
v -1.545884 -0.164296 -0.158521
v -1.551350 -0.169690 -0.160193
v -1.555962 -0.175205 -0.161818
v -1.559686 -0.180695 -0.163300
v -1.562484 -0.186060 -0.164491
v -1.564280 -0.191216 -0.165259
v -1.496654 -0.189884 -0.158594
v -1.499162 -0.186310 -0.157805
v -1.502664 -0.182479 -0.156639
v -1.507033 -0.178593 -0.155307
v -1.512214 -0.174825 -0.153986
v -1.518134 -0.171323 -0.152770
v -1.524664 -0.168242 -0.151735
v -1.531700 -0.165742 -0.150960
v -1.539202 -0.163972 -0.150511
v -1.545163 -0.168731 -0.152546
v -1.550278 -0.173925 -0.154721
v -1.554554 -0.179158 -0.156867
v -1.557984 -0.184268 -0.158881
v -1.560572 -0.189107 -0.160596
v -1.562213 -0.193552 -0.161815
v -1.494656 -0.251246 -0.139355
v -1.494267 -0.248136 -0.138436
v -1.493142 -0.244408 -0.137021
v -1.491446 -0.240102 -0.135130
v -1.489392 -0.235129 -0.132903
v -1.487166 -0.229438 -0.130560
v -1.485670 -0.223367 -0.129417
v -1.486857 -0.218306 -0.132249
v -1.488323 -0.213669 -0.135360
v -1.489895 -0.209250 -0.138542
v -1.491482 -0.205057 -0.141705
v -1.493008 -0.201154 -0.144764
v -1.494415 -0.197580 -0.147700
v -1.495592 -0.194425 -0.150526
v -1.496392 -0.191930 -0.153210
v -1.497549 -0.251656 -0.137945
v -1.497385 -0.248347 -0.136878
v -1.496558 -0.244551 -0.135249
v -1.495197 -0.240157 -0.133106
v -1.493514 -0.235063 -0.130605
v -1.491689 -0.229237 -0.127986
v -1.490939 -0.223247 -0.127532
v -1.491793 -0.218043 -0.130100
v -1.492475 -0.212797 -0.132154
v -1.493013 -0.207255 -0.133868
v -1.494466 -0.202781 -0.137289
v -1.495877 -0.198652 -0.140688
v -1.497171 -0.194930 -0.144040
v -1.498229 -0.191712 -0.147373
v -1.498947 -0.189145 -0.150702
v -1.500770 -0.252707 -0.135797
v -1.500702 -0.249106 -0.134583
v -1.500097 -0.245110 -0.132777
v -1.499073 -0.240519 -0.130443
v -1.497797 -0.235210 -0.127759
v -1.496420 -0.229164 -0.124978
v -1.496129 -0.223093 -0.125047
v -1.496900 -0.217722 -0.127722
v -1.497565 -0.212305 -0.129853
v -1.498102 -0.206570 -0.131535
v -1.498501 -0.200484 -0.132982
v -1.499764 -0.196075 -0.136735
v -1.500918 -0.192128 -0.140514
v -1.501866 -0.188723 -0.144344
v -1.502523 -0.185946 -0.148255
v -1.504283 -0.254261 -0.132919
v -1.504329 -0.250319 -0.131536
v -1.503960 -0.246011 -0.129581
v -1.503291 -0.241117 -0.127129
v -1.502446 -0.235515 -0.124368
v -1.501541 -0.229184 -0.121546
v -1.501519 -0.222878 -0.121896
v -1.502212 -0.217203 -0.124659
v -1.502865 -0.211492 -0.126906
v -1.503449 -0.205515 -0.128719
v -1.503925 -0.199202 -0.130281
v -1.504618 -0.193531 -0.132978
v -1.505608 -0.189299 -0.137174
v -1.506419 -0.185633 -0.141475
v -1.506976 -0.182599 -0.145896
v -1.508237 -0.256171 -0.129423
v -1.508430 -0.251846 -0.127859
v -1.508329 -0.247154 -0.125788
v -1.508028 -0.241891 -0.123291
v -1.507620 -0.235942 -0.120553
v -1.507475 -0.229501 -0.119343
v -1.507494 -0.222802 -0.118987
v -1.507987 -0.216539 -0.121016
v -1.508627 -0.210450 -0.123406
v -1.509249 -0.204163 -0.125422
v -1.509809 -0.197602 -0.127228
v -1.510349 -0.191129 -0.129490
v -1.511161 -0.186587 -0.134060
v -1.511811 -0.182635 -0.138785
v -1.512242 -0.179335 -0.143658
v -1.512775 -0.258320 -0.125538
v -1.513131 -0.253576 -0.123795
v -1.513309 -0.248460 -0.121641
v -1.513382 -0.242790 -0.119159
v -1.513419 -0.236462 -0.116545
v -1.513713 -0.229817 -0.116609
v -1.513989 -0.222839 -0.116312
v -1.514404 -0.215817 -0.117014
v -1.515028 -0.209305 -0.119560
v -1.515665 -0.202668 -0.121824
v -1.516276 -0.195830 -0.123940
v -1.516839 -0.188973 -0.126354
v -1.517461 -0.184118 -0.131244
v -1.517944 -0.179877 -0.136335
v -1.518244 -0.176311 -0.141604
v -1.517928 -0.260585 -0.121536
v -1.518467 -0.255401 -0.119622
v -1.518944 -0.249845 -0.117412
v -1.519404 -0.243755 -0.114980
v -1.519894 -0.237080 -0.113435
v -1.520414 -0.230122 -0.113516
v -1.520957 -0.222842 -0.113327
v -1.521553 -0.215155 -0.113010
v -1.522158 -0.208190 -0.115616
v -1.522780 -0.201192 -0.118142
v -1.523399 -0.194067 -0.120602
v -1.523968 -0.187168 -0.123646
v -1.524386 -0.182014 -0.128805
v -1.524689 -0.177496 -0.134204
v -1.524852 -0.173675 -0.139815
v -1.523733 -0.262847 -0.117678
v -1.524475 -0.257215 -0.115602
v -1.525267 -0.251222 -0.113354
v -1.526120 -0.244723 -0.110997
v -1.526921 -0.237695 -0.110192
v -1.527684 -0.230421 -0.110304
v -1.528490 -0.222851 -0.110252
v -1.529208 -0.215298 -0.111424
v -1.529729 -0.208320 -0.114549
v -1.530226 -0.201500 -0.117787
v -1.530698 -0.194827 -0.121150
v -1.531143 -0.188301 -0.124684
v -1.531553 -0.181942 -0.128467
v -1.531916 -0.175787 -0.132603
v -1.531959 -0.171580 -0.138374
v -1.530324 -0.265019 -0.114220
v -1.531264 -0.258952 -0.111992
v -1.532352 -0.252546 -0.109714
v -1.533567 -0.245673 -0.107440
v -1.534379 -0.238346 -0.108364
v -1.534929 -0.231195 -0.111060
v -1.535430 -0.224293 -0.113964
v -1.535874 -0.217601 -0.116954
v -1.536261 -0.211065 -0.119954
v -1.536614 -0.204640 -0.122945
v -1.536956 -0.198303 -0.125960
v -1.537304 -0.192054 -0.129072
v -1.537667 -0.185918 -0.132387
v -1.538048 -0.179945 -0.136029
v -1.538444 -0.174205 -0.140139
v -1.537678 -0.267058 -0.111358
v -1.538803 -0.260615 -0.108998
v -1.539538 -0.253381 -0.109342
v -1.540013 -0.246114 -0.111452
v -1.540461 -0.239149 -0.114043
v -1.540873 -0.232489 -0.116935
v -1.541237 -0.226111 -0.119951
v -1.541538 -0.219961 -0.122935
v -1.541777 -0.213944 -0.125786
v -1.541997 -0.207974 -0.128497
v -1.542243 -0.202016 -0.131125
v -1.542543 -0.196074 -0.133774
v -1.542911 -0.190185 -0.136580
v -1.543353 -0.184416 -0.139695
v -1.543873 -0.178854 -0.143275
v -1.544626 -0.267661 -0.112173
v -1.544868 -0.260300 -0.113041
v -1.545140 -0.253185 -0.114760
v -1.545404 -0.246360 -0.117139
v -1.545639 -0.239857 -0.119978
v -1.545837 -0.233698 -0.123072
v -1.545994 -0.227874 -0.126211
v -1.546103 -0.222316 -0.129191
v -1.546180 -0.216871 -0.131883
v -1.546292 -0.211394 -0.134290
v -1.546497 -0.205832 -0.136500
v -1.546821 -0.200201 -0.138654
v -1.547262 -0.194562 -0.140918
v -1.547817 -0.189006 -0.143476
v -1.548492 -0.183641 -0.146504
v -1.549884 -0.266482 -0.117124
v -1.549886 -0.259598 -0.118244
v -1.549921 -0.252938 -0.120223
v -1.549930 -0.246553 -0.122859
v -1.549880 -0.240493 -0.125939
v -1.549778 -0.234814 -0.129243
v -1.549639 -0.229537 -0.132520
v -1.549491 -0.224592 -0.135510
v -1.549387 -0.219750 -0.138047
v -1.549425 -0.214776 -0.140141
v -1.549663 -0.209601 -0.141913
v -1.550097 -0.204260 -0.143548
v -1.550688 -0.198854 -0.145250
v -1.551412 -0.193509 -0.147238
v -1.552273 -0.188361 -0.149709
v -1.554336 -0.265299 -0.121978
v -1.554102 -0.258935 -0.123314
v -1.553886 -0.252725 -0.125511
v -1.553602 -0.246747 -0.128370
v -1.553204 -0.241081 -0.131669
v -1.552707 -0.235825 -0.135174
v -1.552168 -0.231050 -0.138603
v -1.551673 -0.226705 -0.141631
v -1.551357 -0.222466 -0.144036
v -1.551362 -0.217980 -0.145821
v -1.551726 -0.213155 -0.147146
v -1.552376 -0.208061 -0.148255
v -1.553208 -0.202851 -0.149408
v -1.554170 -0.197707 -0.150856
v -1.555252 -0.192806 -0.152789
v -1.557995 -0.264306 -0.126528
v -1.557569 -0.258499 -0.128046
v -1.557119 -0.252684 -0.130408
v -1.556526 -0.247024 -0.133428
v -1.555726 -0.241659 -0.136886
v -1.554749 -0.236727 -0.140551
v -1.553691 -0.232363 -0.144124
v -1.552734 -0.228555 -0.147219
v -1.552152 -0.224883 -0.149538
v -1.552175 -0.220842 -0.151039
v -1.552787 -0.216302 -0.151929
v -1.553784 -0.211387 -0.152547
v -1.554957 -0.206302 -0.153230
v -1.556209 -0.201310 -0.154231
v -1.557526 -0.196685 -0.155676
v -1.560871 -0.263769 -0.130533
v -1.560393 -0.258492 -0.132237
v -1.559802 -0.252962 -0.134725
v -1.558926 -0.247491 -0.137821
v -1.557706 -0.242295 -0.141329
v -1.556197 -0.237546 -0.145045
v -1.554530 -0.233444 -0.148689
v -1.552992 -0.230037 -0.151851
v -1.552070 -0.226833 -0.154141
v -1.552170 -0.223153 -0.155413
v -1.553178 -0.218813 -0.155936
v -1.554652 -0.214000 -0.156184
v -1.556221 -0.208967 -0.156543
v -1.557725 -0.204037 -0.157236
v -1.559172 -0.199634 -0.158278
v -1.565280 -0.265664 -0.136201
v -1.565382 -0.260674 -0.138792
v -1.564830 -0.255217 -0.141552
v -1.563623 -0.249682 -0.144531
v -1.561836 -0.244354 -0.147711
v -1.559588 -0.239450 -0.150992
v -1.557074 -0.235227 -0.154189
v -1.554724 -0.231810 -0.157017
v -1.553330 -0.228749 -0.159148
v -1.553593 -0.225264 -0.160370
v -1.555216 -0.221074 -0.160931
v -1.557360 -0.216362 -0.161292
v -1.559426 -0.211362 -0.161706
v -1.561077 -0.206324 -0.162168
v -1.562185 -0.201589 -0.162481
v -1.566552 -0.267643 -0.140096
v -1.568205 -0.263134 -0.141818
v -1.567770 -0.257435 -0.144611
v -1.566617 -0.251684 -0.147450
v -1.564860 -0.246114 -0.150357
v -1.562654 -0.240937 -0.153262
v -1.560242 -0.236380 -0.156024
v -1.558083 -0.232547 -0.158460
v -1.556864 -0.229068 -0.160412
v -1.557061 -0.225327 -0.161808
v -1.558445 -0.221061 -0.162773
v -1.560368 -0.216338 -0.163547
v -1.562277 -0.211321 -0.164273
v -1.563811 -0.206185 -0.164924
v -1.564775 -0.201114 -0.165389
v -1.567037 -0.269693 -0.144883
v -1.571192 -0.266345 -0.145216
v -1.571065 -0.260342 -0.147915
v -1.570126 -0.254294 -0.150599
v -1.568601 -0.248418 -0.153248
v -1.566670 -0.242900 -0.155810
v -1.564605 -0.237917 -0.158202
v -1.562829 -0.233539 -0.160343
v -1.561846 -0.229491 -0.162209
v -1.561934 -0.225328 -0.163794
v -1.562934 -0.220827 -0.165135
v -1.564419 -0.215970 -0.166319
v -1.565954 -0.210843 -0.167408
v -1.567185 -0.205539 -0.168377
v -1.567869 -0.200139 -0.169155
v -1.567604 -0.272138 -0.149756
v -1.571999 -0.268767 -0.150323
v -1.574585 -0.263820 -0.151701
v -1.573988 -0.257433 -0.154255
v -1.572827 -0.251215 -0.156703
v -1.571297 -0.245315 -0.159019
v -1.569665 -0.239859 -0.161174
v -1.568279 -0.234887 -0.163166
v -1.567493 -0.230213 -0.165035
v -1.567468 -0.225534 -0.166787
v -1.568098 -0.220667 -0.168415
v -1.569106 -0.215547 -0.169929
v -1.570164 -0.210194 -0.171340
v -1.570967 -0.204649 -0.172620
v -1.571261 -0.198948 -0.173706
v -1.568414 -0.274961 -0.154679
v -1.573012 -0.271550 -0.155491
v -1.578176 -0.267703 -0.156122
v -1.577992 -0.260979 -0.158582
v -1.577259 -0.254412 -0.160901
v -1.576174 -0.248113 -0.163079
v -1.574977 -0.242166 -0.165128
v -1.573939 -0.236597 -0.167084
v -1.573305 -0.231290 -0.169003
v -1.573175 -0.226049 -0.170890
v -1.573484 -0.220732 -0.172721
v -1.574043 -0.215258 -0.174478
v -1.574611 -0.209604 -0.176141
v -1.574934 -0.203774 -0.177676
v -1.574780 -0.197788 -0.179031
v -1.569527 -0.278170 -0.159702
v -1.574300 -0.274677 -0.160776
v -1.579646 -0.270776 -0.161778
v -1.581165 -0.264487 -0.163807
v -1.581638 -0.257892 -0.165903
v -1.580999 -0.251197 -0.168045
v -1.580206 -0.244773 -0.170090
v -1.579468 -0.238636 -0.172080
v -1.578954 -0.232721 -0.174065
v -1.578733 -0.226910 -0.176049
v -1.578766 -0.221100 -0.178011
v -1.577921 -0.215509 -0.179925
v -1.576911 -0.210055 -0.181714
v -1.575723 -0.204710 -0.183338
v -1.574260 -0.199457 -0.184759
v -1.570907 -0.281716 -0.164882
v -1.575837 -0.278091 -0.166248
v -1.578503 -0.272514 -0.168155
v -1.579296 -0.265975 -0.170273
v -1.579559 -0.259426 -0.172323
v -1.579404 -0.252945 -0.174309
v -1.578943 -0.246603 -0.176243
v -1.578290 -0.240448 -0.178143
v -1.577542 -0.234496 -0.180027
v -1.576781 -0.228734 -0.181889
v -1.576044 -0.223137 -0.183707
v -1.575314 -0.217679 -0.185463
v -1.574531 -0.212337 -0.187134
v -1.573598 -0.207095 -0.188696
v -1.572397 -0.201940 -0.190123
v -1.570181 -0.283419 -0.170752
v -1.575328 -0.280076 -0.172303
v -1.576542 -0.273654 -0.174396
v -1.577098 -0.267156 -0.176445
v -1.577112 -0.260672 -0.178435
v -1.576709 -0.254281 -0.180353
v -1.576025 -0.248049 -0.182194
v -1.575200 -0.242021 -0.183958
v -1.574363 -0.236208 -0.185654
v -1.573609 -0.230595 -0.187298
v -1.572975 -0.225150 -0.188903
v -1.572427 -0.219840 -0.190475
v -1.571877 -0.214637 -0.192014
v -1.571201 -0.209528 -0.193511
v -1.570260 -0.204507 -0.194954
v -1.566457 -0.282157 -0.176791
v -1.571840 -0.279673 -0.178456
v -1.574303 -0.274428 -0.180396
v -1.574660 -0.268011 -0.182342
v -1.574463 -0.261629 -0.184236
v -1.573848 -0.255367 -0.186049
v -1.572966 -0.249292 -0.187756
v -1.571986 -0.243448 -0.189343
v -1.571066 -0.237833 -0.190816
v -1.570320 -0.232418 -0.192220
v -1.569784 -0.227163 -0.193602
v -1.569407 -0.222030 -0.194995
v -1.569073 -0.216990 -0.196415
v -1.568632 -0.212034 -0.197864
v -1.567921 -0.207165 -0.199340
v -1.562569 -0.280453 -0.182257
v -1.567728 -0.278515 -0.184090
v -1.571872 -0.274943 -0.186185
v -1.572078 -0.268634 -0.187987
v -1.571728 -0.262376 -0.189738
v -1.570958 -0.256262 -0.191399
v -1.569929 -0.250370 -0.192929
v -1.568830 -0.244746 -0.194302
v -1.567845 -0.239367 -0.195533
v -1.567107 -0.234180 -0.196702
v -1.566653 -0.229139 -0.197890
v -1.566419 -0.224202 -0.199149
v -1.566264 -0.219344 -0.200498
v -1.566014 -0.214562 -0.201939
v -1.565491 -0.209865 -0.203469
v -1.558668 -0.278459 -0.187083
v -1.563569 -0.277063 -0.189091
v -1.568744 -0.274883 -0.191575
v -1.569440 -0.269132 -0.193342
v -1.569008 -0.263009 -0.194925
v -1.568160 -0.257045 -0.196404
v -1.567060 -0.251338 -0.197731
v -1.565902 -0.245942 -0.198874
v -1.564887 -0.240805 -0.199864
v -1.564161 -0.235841 -0.200819
v -1.563764 -0.231003 -0.201850
v -1.563624 -0.226255 -0.203017
v -1.563592 -0.221584 -0.204328
v -1.563477 -0.216993 -0.205775
v -1.563088 -0.212494 -0.207354
v -1.554920 -0.276331 -0.191177
v -1.559516 -0.275450 -0.193373
v -1.564394 -0.273785 -0.196101
v -1.566816 -0.269596 -0.198363
v -1.566377 -0.263619 -0.199784
v -1.565543 -0.257796 -0.201081
v -1.564462 -0.252255 -0.202208
v -1.563323 -0.247067 -0.203131
v -1.562328 -0.242146 -0.203901
v -1.561626 -0.237367 -0.204674
v -1.561257 -0.232690 -0.205579
v -1.561157 -0.228102 -0.206669
v -1.561179 -0.223608 -0.207936
v -1.561130 -0.219218 -0.209366
v -1.560815 -0.214944 -0.210962
v -1.551459 -0.274256 -0.194532
v -1.555694 -0.273827 -0.196894
v -1.560213 -0.272612 -0.199860
v -1.564251 -0.270097 -0.203022
v -1.563875 -0.264278 -0.204317
v -1.563137 -0.258582 -0.205465
v -1.562165 -0.253174 -0.206421
v -1.561127 -0.248152 -0.207159
v -1.560207 -0.243395 -0.207752
v -1.559547 -0.238740 -0.208382
v -1.559188 -0.234165 -0.209177
v -1.559078 -0.229691 -0.210178
v -1.559083 -0.225342 -0.211366
v -1.559019 -0.221147 -0.212743
v -1.558711 -0.217138 -0.214310
v -1.548359 -0.272466 -0.197147
v -1.552152 -0.272361 -0.199615
v -1.556257 -0.271486 -0.202819
v -1.560582 -0.269832 -0.206614
v -1.561482 -0.265049 -0.208550
v -1.560909 -0.259455 -0.209599
v -1.560119 -0.254136 -0.210434
v -1.559246 -0.249217 -0.211038
v -1.558446 -0.244552 -0.211508
v -1.557846 -0.239947 -0.212036
v -1.557489 -0.235406 -0.212733
v -1.557337 -0.230984 -0.213623
v -1.557272 -0.226711 -0.214691
v -1.557130 -0.222657 -0.215952
v -1.556781 -0.218941 -0.217415
v -1.545682 -0.271109 -0.198865
v -1.548925 -0.271151 -0.201475
v -1.552556 -0.270495 -0.204980
v -1.556462 -0.269163 -0.209123
v -1.559118 -0.265994 -0.212522
v -1.558757 -0.260456 -0.213528
v -1.558197 -0.255165 -0.214294
v -1.557533 -0.250266 -0.214823
v -1.556880 -0.245603 -0.215228
v -1.556352 -0.240970 -0.215697
v -1.555994 -0.236393 -0.216312
v -1.555789 -0.231951 -0.217080
v -1.555648 -0.227669 -0.217973
v -1.555438 -0.223645 -0.218999
v -1.555077 -0.220143 -0.220186
v -1.540426 -0.268881 -0.195929
v -1.537253 -0.267488 -0.194833
v -1.533985 -0.266623 -0.194238
v -1.531057 -0.267517 -0.194538
v -1.528125 -0.270459 -0.195693
v -1.524659 -0.274374 -0.197208
v -1.520577 -0.278508 -0.198765
v -1.515892 -0.282492 -0.200195
v -1.510426 -0.286063 -0.201382
v -1.504139 -0.289028 -0.202288
v -1.498289 -0.288996 -0.202063
v -1.493693 -0.286275 -0.200859
v -1.489500 -0.283613 -0.199762
v -1.485789 -0.281017 -0.198892
v -1.482795 -0.278494 -0.198402
v -1.541623 -0.270711 -0.194081
v -1.538279 -0.269555 -0.193137
v -1.534995 -0.268997 -0.192673
v -1.531906 -0.269955 -0.192852
v -1.528727 -0.272678 -0.193586
v -1.525061 -0.276429 -0.194583
v -1.520803 -0.280507 -0.195609
v -1.515937 -0.284503 -0.196505
v -1.510310 -0.288124 -0.197170
v -1.503897 -0.291152 -0.197611
v -1.497786 -0.291393 -0.197357
v -1.491982 -0.290536 -0.196897
v -1.487496 -0.287530 -0.196030
v -1.483585 -0.284423 -0.195406
v -1.480368 -0.281238 -0.195155
v -1.543808 -0.273378 -0.191632
v -1.540220 -0.272762 -0.190908
v -1.536750 -0.272732 -0.190577
v -1.533336 -0.273848 -0.190627
v -1.529741 -0.276281 -0.190966
v -1.525708 -0.279642 -0.191453
v -1.521125 -0.283408 -0.191943
v -1.515946 -0.287178 -0.192307
v -1.510053 -0.290640 -0.192469
v -1.503801 -0.292333 -0.192293
v -1.498097 -0.291191 -0.191732
v -1.492183 -0.290459 -0.191317
v -1.486066 -0.289916 -0.191095
v -1.481120 -0.287506 -0.190882
v -1.477549 -0.283765 -0.190841
v -1.546635 -0.276469 -0.188504
v -1.542757 -0.276442 -0.187860
v -1.538958 -0.276915 -0.187519
v -1.535116 -0.278232 -0.187395
v -1.531040 -0.280495 -0.187404
v -1.526551 -0.283490 -0.187464
v -1.521543 -0.286865 -0.187485
v -1.515962 -0.290281 -0.187377
v -1.509725 -0.293442 -0.187097
v -1.503856 -0.292612 -0.186565
v -1.498016 -0.291468 -0.186039
v -1.491936 -0.290756 -0.185623
v -1.485597 -0.290233 -0.185377
v -1.479009 -0.289617 -0.185398
v -1.474596 -0.286027 -0.185618
v -1.549809 -0.279668 -0.184578
v -1.545607 -0.280188 -0.183901
v -1.541414 -0.281098 -0.183439
v -1.537104 -0.282614 -0.183101
v -1.532525 -0.284792 -0.182809
v -1.527539 -0.287500 -0.182502
v -1.522053 -0.290498 -0.182122
v -1.516021 -0.293520 -0.181618
v -1.509593 -0.295281 -0.181029
v -1.503655 -0.293500 -0.180552
v -1.497604 -0.292281 -0.180062
v -1.491324 -0.291475 -0.179630
v -1.484766 -0.290836 -0.179333
v -1.477926 -0.290079 -0.179265
v -1.471730 -0.287953 -0.179575
v -1.553137 -0.282730 -0.179842
v -1.548586 -0.283738 -0.179068
v -1.543977 -0.285018 -0.178430
v -1.539193 -0.286710 -0.177846
v -1.534110 -0.288844 -0.177251
v -1.528618 -0.291328 -0.176603
v -1.522643 -0.293989 -0.175869
v -1.516152 -0.296619 -0.175035
v -1.509551 -0.296728 -0.174436
v -1.503289 -0.294886 -0.174066
v -1.496965 -0.293533 -0.173637
v -1.490453 -0.292536 -0.173214
v -1.483683 -0.291668 -0.172877
v -1.476633 -0.290657 -0.172721
v -1.469325 -0.289216 -0.172850
v -1.556451 -0.285469 -0.174406
v -1.551543 -0.286905 -0.173490
v -1.546519 -0.288495 -0.172629
v -1.541276 -0.290334 -0.171762
v -1.535709 -0.292436 -0.170846
v -1.529733 -0.294731 -0.169863
v -1.523295 -0.297091 -0.168811
v -1.516374 -0.299352 -0.167703
v -1.509497 -0.298441 -0.167243
v -1.502873 -0.296540 -0.166995
v -1.496236 -0.295021 -0.166667
v -1.489467 -0.293774 -0.166303
v -1.482487 -0.292601 -0.165972
v -1.475260 -0.291252 -0.165758
v -1.467794 -0.289452 -0.165757
v -1.559604 -0.287719 -0.168352
v -1.554339 -0.289535 -0.167256
v -1.548919 -0.291384 -0.166135
v -1.543247 -0.293338 -0.164956
v -1.537241 -0.295405 -0.163708
v -1.530834 -0.297532 -0.162401
v -1.523989 -0.299618 -0.161061
v -1.516699 -0.301536 -0.159727
v -1.509504 -0.300138 -0.159420
v -1.502522 -0.298188 -0.159304
v -1.495567 -0.296497 -0.159111
v -1.488535 -0.294976 -0.158858
v -1.481349 -0.293458 -0.158588
v -1.473966 -0.291720 -0.158366
v -1.467601 -0.288275 -0.158771
v -1.562216 -0.288913 -0.161761
v -1.556884 -0.291446 -0.160341
v -1.551101 -0.293520 -0.158961
v -1.545051 -0.295571 -0.157483
v -1.538666 -0.297605 -0.155927
v -1.531896 -0.299581 -0.154329
v -1.524719 -0.301420 -0.152742
v -1.517135 -0.303023 -0.151228
v -1.509627 -0.301545 -0.150993
v -1.502321 -0.299555 -0.151005
v -1.495072 -0.297697 -0.150960
v -1.487795 -0.295900 -0.150846
v -1.481559 -0.292226 -0.151561
v -1.476344 -0.287593 -0.152720
v -1.471586 -0.282996 -0.153819
v -1.561262 -0.285033 -0.156700
v -1.557057 -0.288923 -0.154543
v -1.552362 -0.293178 -0.151976
v -1.546105 -0.295054 -0.150361
v -1.539299 -0.295689 -0.149213
v -1.532441 -0.296606 -0.147845
v -1.525385 -0.297821 -0.146290
v -1.517995 -0.299255 -0.144619
v -1.510159 -0.300749 -0.142920
v -1.502580 -0.299289 -0.142769
v -1.496095 -0.294895 -0.144240
v -1.490216 -0.290486 -0.145748
v -1.484911 -0.286135 -0.147213
v -1.480124 -0.281877 -0.148563
v -1.475776 -0.277699 -0.149742
v -1.560504 -0.281532 -0.151778
v -1.556506 -0.285193 -0.149471
v -1.552042 -0.289183 -0.146650
v -1.545864 -0.290491 -0.145175
v -1.539316 -0.291005 -0.143997
v -1.532738 -0.291811 -0.142528
v -1.525987 -0.292937 -0.140813
v -1.518915 -0.294313 -0.138948
v -1.511381 -0.295781 -0.137044
v -1.504604 -0.292416 -0.138301
v -1.498575 -0.288240 -0.140162
v -1.493148 -0.284117 -0.142008
v -1.488286 -0.280122 -0.143733
v -1.483929 -0.276275 -0.145249
v -1.479993 -0.272542 -0.146489
v -1.560007 -0.278438 -0.146951
v -1.556168 -0.281831 -0.144512
v -1.551887 -0.285488 -0.141467
v -1.545800 -0.286386 -0.140109
v -1.539465 -0.286812 -0.138882
v -1.533102 -0.287514 -0.137316
v -1.526590 -0.288520 -0.135461
v -1.519781 -0.289773 -0.133429
v -1.512754 -0.289621 -0.132533
v -1.506553 -0.285678 -0.134710
v -1.500965 -0.281758 -0.136955
v -1.495972 -0.277960 -0.139122
v -1.491534 -0.274360 -0.141085
v -1.487588 -0.270961 -0.142741
v -1.484047 -0.267697 -0.144018
v -1.559788 -0.275681 -0.142197
v -1.556094 -0.278764 -0.139652
v -1.551956 -0.282027 -0.136409
v -1.546000 -0.282703 -0.135048
v -1.539825 -0.283069 -0.133725
v -1.533602 -0.283666 -0.132050
v -1.527240 -0.284523 -0.130072
v -1.520609 -0.285593 -0.127905
v -1.514144 -0.282948 -0.129334
v -1.508351 -0.279245 -0.131929
v -1.503162 -0.275621 -0.134550
v -1.498560 -0.272186 -0.137023
v -1.494500 -0.269015 -0.139196
v -1.490918 -0.266080 -0.140949
v -1.487746 -0.263295 -0.142218
v -1.559876 -0.273133 -0.137618
v -1.556354 -0.275833 -0.134961
v -1.552328 -0.278643 -0.131506
v -1.546554 -0.279294 -0.129903
v -1.540472 -0.279607 -0.128424
v -1.534301 -0.280096 -0.126617
v -1.527987 -0.280781 -0.124526
v -1.521463 -0.280094 -0.124020
v -1.515382 -0.276679 -0.126836
v -1.509926 -0.273265 -0.129840
v -1.505066 -0.269974 -0.132825
v -1.500785 -0.266926 -0.135587
v -1.497015 -0.264188 -0.137946
v -1.493701 -0.261713 -0.139754
v -1.490844 -0.259414 -0.140948
v -1.560330 -0.270694 -0.133474
v -1.557016 -0.272872 -0.130585
v -1.553079 -0.275141 -0.126830
v -1.547549 -0.275911 -0.124635
v -1.541476 -0.276163 -0.122938
v -1.535259 -0.276532 -0.120969
v -1.528873 -0.276990 -0.118815
v -1.522274 -0.274006 -0.121647
v -1.516430 -0.270914 -0.124871
v -1.511213 -0.267841 -0.128261
v -1.506588 -0.264911 -0.131587
v -1.502534 -0.262255 -0.134618
v -1.498948 -0.259941 -0.137152
v -1.495754 -0.257932 -0.139026
v -1.493076 -0.256152 -0.140159
v -1.479921 -0.273023 -0.198953
v -1.479406 -0.269175 -0.200049
v -1.479216 -0.264854 -0.201499
v -1.479231 -0.260330 -0.203120
v -1.479296 -0.255732 -0.204829
v -1.479283 -0.251139 -0.206625
v -1.479120 -0.246647 -0.208487
v -1.478788 -0.242255 -0.210382
v -1.479380 -0.237685 -0.211647
v -1.480956 -0.233027 -0.212231
v -1.481866 -0.228331 -0.213281
v -1.482247 -0.223566 -0.214756
v -1.482370 -0.218729 -0.216538
v -1.482526 -0.213970 -0.218516
v -1.482890 -0.209619 -0.220628
v -1.476353 -0.274170 -0.196103
v -1.475303 -0.270002 -0.197297
v -1.474667 -0.265473 -0.198846
v -1.474314 -0.260726 -0.200622
v -1.474094 -0.255855 -0.202518
v -1.473901 -0.250933 -0.204488
v -1.473670 -0.246042 -0.206477
v -1.473836 -0.241150 -0.208198
v -1.476128 -0.236232 -0.208715
v -1.477788 -0.231408 -0.209461
v -1.478799 -0.226545 -0.210566
v -1.479301 -0.221613 -0.212034
v -1.479559 -0.216624 -0.213809
v -1.479878 -0.211694 -0.215855
v -1.480496 -0.207008 -0.218151
v -1.472598 -0.275540 -0.192153
v -1.471084 -0.270957 -0.193496
v -1.470032 -0.266091 -0.195164
v -1.469322 -0.261009 -0.197057
v -1.468821 -0.255772 -0.199082
v -1.468448 -0.250451 -0.201176
v -1.468146 -0.245106 -0.203271
v -1.469635 -0.239675 -0.204637
v -1.471948 -0.234448 -0.205497
v -1.473702 -0.229323 -0.206465
v -1.474890 -0.224184 -0.207672
v -1.475638 -0.218990 -0.209163
v -1.476176 -0.213753 -0.210925
v -1.477718 -0.209063 -0.212374
v -1.479920 -0.204993 -0.213732
v -1.468831 -0.276888 -0.187265
v -1.466904 -0.271874 -0.188722
v -1.465469 -0.266596 -0.190483
v -1.464420 -0.261103 -0.192458
v -1.463660 -0.255443 -0.194569
v -1.463119 -0.249677 -0.196751
v -1.463138 -0.243810 -0.198839
v -1.465320 -0.237940 -0.200279
v -1.467681 -0.232349 -0.201465
v -1.470100 -0.226980 -0.202487
v -1.472475 -0.221843 -0.203447
v -1.474733 -0.216956 -0.204428
v -1.476848 -0.212330 -0.205494
v -1.478855 -0.207946 -0.206729
v -1.480850 -0.203775 -0.208224
v -1.465198 -0.278012 -0.181535
v -1.462897 -0.272578 -0.183075
v -1.461112 -0.266872 -0.184893
v -1.459763 -0.260944 -0.186918
v -1.460584 -0.254426 -0.188888
v -1.462429 -0.247993 -0.190757
v -1.464649 -0.241879 -0.192493
v -1.467113 -0.236118 -0.194021
v -1.469691 -0.230674 -0.195316
v -1.472233 -0.225497 -0.196449
v -1.474617 -0.220566 -0.197517
v -1.476766 -0.215858 -0.198606
v -1.478677 -0.211344 -0.199786
v -1.480419 -0.206990 -0.201120
v -1.482132 -0.202766 -0.202673
v -1.461837 -0.278797 -0.175065
v -1.459199 -0.272968 -0.176669
v -1.459205 -0.266015 -0.178578
v -1.460193 -0.259117 -0.180575
v -1.461831 -0.252448 -0.182583
v -1.463991 -0.246074 -0.184537
v -1.466529 -0.240050 -0.186369
v -1.469288 -0.234407 -0.188015
v -1.472101 -0.229125 -0.189450
v -1.474782 -0.224155 -0.190720
v -1.477172 -0.219448 -0.191904
v -1.479189 -0.214935 -0.193084
v -1.480852 -0.210550 -0.194329
v -1.482281 -0.206243 -0.195698
v -1.483662 -0.201992 -0.197238
v -1.460381 -0.278214 -0.168275
v -1.459846 -0.271058 -0.170221
v -1.460246 -0.264004 -0.172277
v -1.461455 -0.257132 -0.174387
v -1.463346 -0.250514 -0.176499
v -1.465784 -0.244219 -0.178558
v -1.468614 -0.238305 -0.180510
v -1.471657 -0.232806 -0.182304
v -1.474706 -0.227716 -0.183914
v -1.477532 -0.222984 -0.185361
v -1.479932 -0.218526 -0.186694
v -1.481804 -0.214225 -0.187979
v -1.483197 -0.209979 -0.189279
v -1.484289 -0.205730 -0.190648
v -1.485322 -0.201466 -0.192123
v -1.461477 -0.275981 -0.161914
v -1.461052 -0.268895 -0.164043
v -1.461587 -0.261908 -0.166240
v -1.462956 -0.255107 -0.168465
v -1.465033 -0.248575 -0.170680
v -1.467679 -0.242388 -0.172848
v -1.470735 -0.236613 -0.174931
v -1.474006 -0.231299 -0.176895
v -1.477256 -0.226444 -0.178716
v -1.480212 -0.221988 -0.180384
v -1.482619 -0.217806 -0.181913
v -1.484348 -0.213731 -0.183339
v -1.485476 -0.209628 -0.184712
v -1.486252 -0.205437 -0.186077
v -1.486975 -0.201163 -0.187461
v -1.462989 -0.273490 -0.155824
v -1.462596 -0.266547 -0.158114
v -1.463199 -0.259678 -0.160445
v -1.464647 -0.252993 -0.162781
v -1.466814 -0.246584 -0.165100
v -1.469563 -0.240540 -0.167380
v -1.472734 -0.234944 -0.169601
v -1.476125 -0.229854 -0.171747
v -1.479485 -0.225269 -0.173796
v -1.482515 -0.221106 -0.175709
v -1.484917 -0.217202 -0.177452
v -1.486530 -0.213343 -0.179023
v -1.487458 -0.209369 -0.180458
v -1.488004 -0.205226 -0.181796
v -1.488515 -0.200940 -0.183066
v -1.467920 -0.269074 -0.151520
v -1.464419 -0.264064 -0.152368
v -1.465024 -0.257358 -0.154812
v -1.466464 -0.250826 -0.157253
v -1.468615 -0.244569 -0.159681
v -1.471344 -0.238691 -0.162083
v -1.474490 -0.233288 -0.164448
v -1.477852 -0.228431 -0.166773
v -1.481182 -0.224105 -0.169042
v -1.484182 -0.220194 -0.171189
v -1.486548 -0.216509 -0.173128
v -1.488105 -0.212815 -0.174817
v -1.488953 -0.208945 -0.176276
v -1.489415 -0.204854 -0.177555
v -1.489855 -0.200583 -0.178688
v -1.472897 -0.264815 -0.148033
v -1.469390 -0.260377 -0.148442
v -1.467008 -0.255045 -0.149342
v -1.468360 -0.248693 -0.151857
v -1.470500 -0.242589 -0.154424
v -1.472980 -0.236878 -0.156895
v -1.475962 -0.231650 -0.159394
v -1.479143 -0.226996 -0.161875
v -1.482292 -0.222872 -0.164332
v -1.485143 -0.219122 -0.166679
v -1.487428 -0.215555 -0.168791
v -1.488987 -0.211956 -0.170589
v -1.489896 -0.208178 -0.172077
v -1.490435 -0.204181 -0.173308
v -1.490948 -0.199993 -0.174323
v -1.477715 -0.260864 -0.145328
v -1.474579 -0.256846 -0.145467
v -1.471308 -0.252260 -0.145400
v -1.470873 -0.246585 -0.146909
v -1.472983 -0.240681 -0.149608
v -1.475100 -0.235161 -0.152069
v -1.477203 -0.230043 -0.154374
v -1.480089 -0.225531 -0.156977
v -1.482950 -0.221529 -0.159577
v -1.485569 -0.217838 -0.162083
v -1.487739 -0.214290 -0.164350
v -1.489334 -0.210728 -0.166275
v -1.490391 -0.207043 -0.167843
v -1.491121 -0.203191 -0.169083
v -1.491811 -0.199170 -0.170033
v -1.482198 -0.257361 -0.143294
v -1.479464 -0.253750 -0.143210
v -1.476563 -0.249538 -0.142827
v -1.473465 -0.244673 -0.142247
v -1.474870 -0.238979 -0.144651
v -1.476735 -0.233558 -0.147150
v -1.478341 -0.228484 -0.149355
v -1.480876 -0.224043 -0.152046
v -1.483408 -0.220080 -0.154753
v -1.485771 -0.216365 -0.157390
v -1.487815 -0.212771 -0.159806
v -1.489441 -0.209210 -0.161891
v -1.490668 -0.205615 -0.163601
v -1.491640 -0.201938 -0.164916
v -1.492555 -0.198166 -0.165845
v -1.486204 -0.254499 -0.141776
v -1.483919 -0.251258 -0.141547
v -1.481421 -0.247338 -0.140908
v -1.478667 -0.242753 -0.139955
v -1.476346 -0.237487 -0.139399
v -1.477869 -0.232055 -0.141869
v -1.479545 -0.227002 -0.144332
v -1.481721 -0.222553 -0.147091
v -1.483933 -0.218548 -0.149886
v -1.486055 -0.214748 -0.152641
v -1.487974 -0.211068 -0.155216
v -1.489612 -0.207482 -0.157495
v -1.490986 -0.203951 -0.159418
v -1.492187 -0.200446 -0.160900
v -1.493317 -0.196997 -0.161876
v -1.489599 -0.252507 -0.140711
v -1.487831 -0.249503 -0.140358
v -1.485776 -0.245737 -0.139485
v -1.483384 -0.241335 -0.138192
v -1.480687 -0.236274 -0.136674
v -1.479326 -0.230722 -0.136563
v -1.480995 -0.225629 -0.139316
v -1.482833 -0.221086 -0.142141
v -1.484758 -0.216960 -0.145024
v -1.486669 -0.213018 -0.147901
v -1.488473 -0.209219 -0.150646
v -1.490100 -0.205580 -0.153151
v -1.491556 -0.202082 -0.155362
v -1.492900 -0.198731 -0.157175
v -1.494144 -0.195644 -0.158398
v -1.541187 -0.268903 -0.199495
v -1.543005 -0.269323 -0.202965
v -1.545605 -0.269212 -0.207311
v -1.548680 -0.268428 -0.212250
v -1.551979 -0.266830 -0.217615
v -1.553793 -0.262981 -0.221062
v -1.553733 -0.257498 -0.221874
v -1.553518 -0.252328 -0.222436
v -1.553184 -0.247348 -0.222873
v -1.552822 -0.242386 -0.223329
v -1.552500 -0.237486 -0.223837
v -1.552242 -0.232747 -0.224373
v -1.552062 -0.228207 -0.224861
v -1.552020 -0.223956 -0.225175
v -1.552204 -0.220252 -0.225173
v -1.538190 -0.267972 -0.199394
v -1.539827 -0.268823 -0.203261
v -1.542074 -0.269081 -0.208009
v -1.544737 -0.268532 -0.213374
v -1.547607 -0.267076 -0.219169
v -1.550366 -0.264495 -0.224882
v -1.550513 -0.258797 -0.225819
v -1.550499 -0.253351 -0.226487
v -1.550324 -0.248067 -0.227003
v -1.550075 -0.242813 -0.227484
v -1.549825 -0.237630 -0.227946
v -1.549621 -0.232612 -0.228359
v -1.549499 -0.227817 -0.228647
v -1.549540 -0.223320 -0.228684
v -1.549814 -0.219247 -0.228341
v -1.534962 -0.267744 -0.199440
v -1.536473 -0.268938 -0.203691
v -1.538401 -0.269437 -0.208814
v -1.540633 -0.269012 -0.214569
v -1.543036 -0.267593 -0.220753
v -1.545497 -0.265183 -0.227145
v -1.546438 -0.260112 -0.229817
v -1.546597 -0.254331 -0.230633
v -1.546582 -0.248681 -0.231257
v -1.546463 -0.243079 -0.231778
v -1.546323 -0.237561 -0.232201
v -1.546216 -0.232205 -0.232496
v -1.546181 -0.227077 -0.232601
v -1.546290 -0.222230 -0.232406
v -1.546607 -0.217712 -0.231798
v -1.531789 -0.268691 -0.200067
v -1.532997 -0.269891 -0.204559
v -1.534524 -0.270372 -0.209956
v -1.536282 -0.269891 -0.216011
v -1.538185 -0.268375 -0.222491
v -1.540150 -0.265832 -0.229164
v -1.541509 -0.261372 -0.233745
v -1.541817 -0.255222 -0.234735
v -1.541956 -0.249175 -0.235487
v -1.541984 -0.243192 -0.236061
v -1.541979 -0.237306 -0.236460
v -1.541998 -0.231577 -0.236656
v -1.542082 -0.226066 -0.236595
v -1.542286 -0.220818 -0.236194
v -1.542670 -0.215868 -0.235357
v -1.528476 -0.270875 -0.201472
v -1.529274 -0.271682 -0.206035
v -1.530336 -0.271866 -0.211562
v -1.531592 -0.271134 -0.217782
v -1.532980 -0.269381 -0.224435
v -1.534149 -0.265696 -0.229618
v -1.534861 -0.260210 -0.232124
v -1.535520 -0.254672 -0.234666
v -1.536085 -0.248990 -0.237216
v -1.536600 -0.243096 -0.239731
v -1.536833 -0.236895 -0.240580
v -1.536999 -0.230787 -0.240698
v -1.537223 -0.224887 -0.240497
v -1.537548 -0.219242 -0.239910
v -1.538022 -0.213889 -0.238864
v -1.524714 -0.273849 -0.203413
v -1.525129 -0.274070 -0.208003
v -1.525737 -0.273770 -0.213564
v -1.526495 -0.272635 -0.219835
v -1.527221 -0.269182 -0.224468
v -1.527826 -0.263818 -0.226660
v -1.528440 -0.258490 -0.229012
v -1.529013 -0.253144 -0.231552
v -1.529521 -0.247682 -0.234243
v -1.529997 -0.242022 -0.237007
v -1.530492 -0.236124 -0.239716
v -1.531049 -0.229978 -0.242221
v -1.531679 -0.223618 -0.244159
v -1.532137 -0.217600 -0.243414
v -1.532704 -0.211875 -0.242180
v -1.520428 -0.277108 -0.205574
v -1.520506 -0.276718 -0.210235
v -1.520681 -0.275858 -0.215805
v -1.521045 -0.272378 -0.219656
v -1.521551 -0.267002 -0.221359
v -1.522072 -0.261751 -0.223218
v -1.522578 -0.256609 -0.225387
v -1.523045 -0.251500 -0.227926
v -1.523469 -0.246304 -0.230786
v -1.523878 -0.240912 -0.233836
v -1.524308 -0.235259 -0.236892
v -1.524793 -0.229315 -0.239761
v -1.525361 -0.223080 -0.242259
v -1.526037 -0.216567 -0.244214
v -1.526824 -0.209917 -0.245154
v -1.515599 -0.280291 -0.207741
v -1.515368 -0.279317 -0.212531
v -1.515569 -0.275453 -0.215511
v -1.516062 -0.269974 -0.216775
v -1.516541 -0.264640 -0.218005
v -1.516981 -0.259518 -0.219471
v -1.517366 -0.254605 -0.221417
v -1.517698 -0.249800 -0.223958
v -1.518000 -0.244938 -0.227017
v -1.518302 -0.239863 -0.230383
v -1.518634 -0.234483 -0.233796
v -1.519016 -0.228763 -0.237016
v -1.519461 -0.222704 -0.239837
v -1.519980 -0.216329 -0.242081
v -1.520581 -0.209670 -0.243579
v -1.510033 -0.283122 -0.209734
v -1.510456 -0.278477 -0.211973
v -1.511079 -0.272929 -0.213103
v -1.511662 -0.267443 -0.213899
v -1.512174 -0.262152 -0.214627
v -1.512579 -0.257175 -0.215645
v -1.512852 -0.252542 -0.217334
v -1.513013 -0.248123 -0.219884
v -1.513131 -0.243667 -0.223168
v -1.513262 -0.238951 -0.226855
v -1.513436 -0.233862 -0.230598
v -1.513664 -0.228374 -0.234120
v -1.513945 -0.222502 -0.237202
v -1.514272 -0.216281 -0.239667
v -1.514637 -0.209751 -0.241355
v -1.505203 -0.281422 -0.208650
v -1.506088 -0.275971 -0.210042
v -1.506916 -0.270443 -0.210843
v -1.507678 -0.264973 -0.211237
v -1.508331 -0.259728 -0.211494
v -1.508798 -0.254892 -0.212054
v -1.508998 -0.250561 -0.213475
v -1.508953 -0.246576 -0.216056
v -1.508810 -0.242555 -0.219570
v -1.508686 -0.238192 -0.223534
v -1.508625 -0.233373 -0.227528
v -1.508633 -0.228097 -0.231254
v -1.508700 -0.222404 -0.234502
v -1.508807 -0.216347 -0.237103
v -1.508926 -0.209974 -0.238905
v -1.500822 -0.278983 -0.207062
v -1.501932 -0.273649 -0.208273
v -1.502977 -0.268217 -0.208869
v -1.503958 -0.262822 -0.209011
v -1.504821 -0.257652 -0.208956
v -1.505428 -0.252950 -0.209176
v -1.505596 -0.248895 -0.210387
v -1.505324 -0.245306 -0.212994
v -1.504874 -0.241658 -0.216641
v -1.504448 -0.237571 -0.220732
v -1.504112 -0.232954 -0.224816
v -1.503872 -0.227845 -0.228600
v -1.503713 -0.222320 -0.231887
v -1.503602 -0.216444 -0.234519
v -1.503491 -0.210269 -0.236352
v -1.496697 -0.276772 -0.205604
v -1.497971 -0.271661 -0.206738
v -1.499172 -0.266430 -0.207287
v -1.500311 -0.261211 -0.207409
v -1.501328 -0.256198 -0.207345
v -1.502035 -0.251661 -0.207544
v -1.502171 -0.247804 -0.208706
v -1.501726 -0.244444 -0.211219
v -1.501036 -0.240996 -0.214731
v -1.500360 -0.237047 -0.218681
v -1.499788 -0.232535 -0.222629
v -1.499336 -0.227542 -0.226289
v -1.498993 -0.222174 -0.229471
v -1.498710 -0.216506 -0.232021
v -1.498413 -0.210583 -0.233798
v -1.492806 -0.274864 -0.204273
v -1.494156 -0.270098 -0.205429
v -1.495402 -0.265168 -0.206103
v -1.496553 -0.260216 -0.206443
v -1.497555 -0.255439 -0.206676
v -1.498208 -0.251080 -0.207180
v -1.498283 -0.247306 -0.208445
v -1.497788 -0.243960 -0.210730
v -1.497022 -0.240510 -0.213847
v -1.496233 -0.236550 -0.217403
v -1.495533 -0.232049 -0.221007
v -1.494967 -0.227123 -0.224376
v -1.494529 -0.221896 -0.227316
v -1.494148 -0.216453 -0.229671
v -1.493728 -0.210849 -0.231306
v -1.489156 -0.273368 -0.203008
v -1.490443 -0.269049 -0.204255
v -1.491576 -0.264446 -0.205188
v -1.492578 -0.259761 -0.205891
v -1.493411 -0.255199 -0.206556
v -1.493909 -0.250948 -0.207460
v -1.493913 -0.247136 -0.208876
v -1.493444 -0.243662 -0.210943
v -1.492724 -0.240071 -0.213616
v -1.491952 -0.235986 -0.216684
v -1.491251 -0.231415 -0.219835
v -1.490687 -0.226500 -0.222815
v -1.490273 -0.221368 -0.225429
v -1.489916 -0.216136 -0.227515
v -1.489487 -0.210931 -0.228946
v -1.485866 -0.272462 -0.201775
v -1.486837 -0.268562 -0.203113
v -1.487647 -0.264207 -0.204331
v -1.488367 -0.259706 -0.205412
v -1.488959 -0.255263 -0.206494
v -1.489282 -0.251011 -0.207755
v -1.489226 -0.247062 -0.209321
v -1.488804 -0.243371 -0.211255
v -1.488172 -0.239544 -0.213573
v -1.487491 -0.235252 -0.216191
v -1.486880 -0.230541 -0.218892
v -1.486423 -0.225573 -0.221470
v -1.486632 -0.220659 -0.223161
v -1.486696 -0.215769 -0.224703
v -1.486542 -0.211136 -0.225859
vn 0.3058 -0.1714 -0.9365
vn 0.3443 0.0278 -0.9384
vn 0.7151 -0.0910 -0.6930
vn 0.6728 -0.2172 -0.7072
vn 0.2577 0.2048 -0.9443
vn 0.6693 0.0671 -0.7400
vn 0.1867 0.2788 -0.9420
vn 0.5754 0.2166 -0.7887
vn 0.1710 0.3430 -0.9236
vn 0.4697 0.3303 -0.8187
vn 0.1791 0.3908 -0.9029
vn 0.4034 0.4373 -0.8038
vn 0.1959 0.5494 -0.8123
vn 0.3534 0.7025 -0.6177
vn 0.1756 0.8176 -0.5483
vn 0.2643 0.9033 -0.3379
vn 0.1096 0.9518 -0.2866
vn 0.1935 0.9603 -0.2011
vn 0.0473 0.9805 -0.1908
vn 0.1185 0.9820 -0.1471
vn -0.0211 0.9905 -0.1356
vn 0.0434 0.9943 -0.0977
vn -0.0899 0.9925 -0.0823
vn -0.0337 0.9982 -0.0497
vn -0.1567 0.9872 -0.0303
vn -0.1120 0.9937 -0.0010
vn -0.2245 0.9741 0.0265
vn -0.1939 0.9796 0.0528
vn -0.3105 0.9458 0.0952
vn -0.2889 0.9510 0.1100
vn 0.8567 -0.1807 -0.4831
vn 0.8314 -0.2816 -0.4791
vn 0.8699 -0.0712 -0.4880
vn 0.8564 0.0607 -0.5128
vn 0.7982 0.1896 -0.5718
vn 0.7277 0.4149 -0.5461
vn 0.5838 0.7470 -0.3180
vn 0.4272 0.8993 -0.0939
vn 0.3692 0.9286 -0.0367
vn 0.2880 0.9571 -0.0308
vn 0.1641 0.9857 -0.0391
vn 0.0309 0.9994 -0.0155
vn -0.0718 0.9971 0.0258
vn -0.1687 0.9831 0.0707
vn -0.2731 0.9552 0.1136
vn 0.8681 -0.2286 -0.4406
vn 0.8349 -0.3341 -0.4374
vn 0.8911 -0.1225 -0.4370
vn 0.9036 -0.0202 -0.4279
vn 0.9072 0.0774 -0.4136
vn 0.8911 0.3254 -0.3162
vn 0.7220 0.6890 -0.0627
vn 0.5490 0.8258 0.1290
vn 0.5294 0.8323 0.1641
vn 0.5028 0.8516 0.1480
vn 0.4076 0.9068 0.1077
vn 0.2145 0.9742 0.0708
vn 0.0071 0.9982 0.0593
vn -0.1375 0.9867 0.0864
vn -0.2498 0.9609 0.1198
vn 0.8713 -0.2784 -0.4041
vn 0.8287 -0.3900 -0.4016
vn 0.9023 -0.1676 -0.3972
vn 0.9214 -0.0618 -0.3836
vn 0.9305 0.0385 -0.3644
vn 0.9230 0.2858 -0.2579
vn 0.7451 0.6669 0.0117
vn 0.5521 0.8116 0.1909
vn 0.5512 0.8054 0.2182
vn 0.5738 0.7874 0.2253
vn 0.5746 0.7931 0.2022
vn 0.4614 0.8768 0.1354
vn 0.1785 0.9795 0.0931
vn -0.0861 0.9904 0.1082
vn -0.2175 0.9673 0.1305
vn 0.8675 -0.3288 -0.3732
vn 0.8135 -0.4468 -0.3723
vn 0.9071 -0.2130 -0.3630
vn 0.9329 -0.1034 -0.3450
vn 0.9470 -0.0005 -0.3213
vn 0.9421 0.2371 -0.2370
vn 0.7559 0.6547 0.0070
vn 0.5286 0.8295 0.1803
vn 0.5228 0.8295 0.1962
vn 0.5442 0.8166 0.1923
vn 0.5903 0.7896 0.1674
vn 0.6036 0.7890 0.1145
vn 0.3857 0.9162 0.1087
vn 0.0201 0.9905 0.1360
vn -0.1771 0.9733 0.1462
vn 0.8586 -0.3791 -0.3452
vn 0.7919 -0.5025 -0.3470
vn 0.9074 -0.2585 -0.3315
vn 0.9396 -0.1452 -0.3098
vn 0.9584 -0.0396 -0.2826
vn 0.9579 0.1550 -0.2416
vn 0.7879 0.6149 -0.0331
vn 0.5125 0.8450 0.1525
vn 0.5005 0.8518 0.1550
vn 0.5165 0.8450 0.1386
vn 0.5605 0.8216 0.1041
vn 0.6193 0.7829 0.0594
vn 0.5160 0.8543 0.0630
vn 0.1584 0.9789 0.1293
vn -0.1284 0.9767 0.1720
vn 0.8458 -0.4260 -0.3212
vn 0.7665 -0.5515 -0.3291
vn 0.9037 -0.3026 -0.3028
vn 0.9424 -0.1867 -0.2774
vn 0.9658 -0.0790 -0.2471
vn 0.9734 0.0561 -0.2220
vn 0.8557 0.5160 -0.0398
vn 0.5392 0.8322 0.1289
vn 0.4912 0.8643 0.1084
vn 0.4999 0.8623 0.0814
vn 0.5358 0.8434 0.0410
vn 0.5888 0.8082 -0.0023
vn 0.5598 0.8286 -0.0063
vn 0.2574 0.9594 0.1155
vn -0.0720 0.9738 0.2159
vn 0.8315 -0.4619 -0.3086
vn 0.7422 -0.5845 -0.3280
vn 0.8972 -0.3399 -0.2820
vn 0.9417 -0.2244 -0.2507
vn 0.9694 -0.1167 -0.2160
vn 0.9838 -0.0137 -0.1789
vn 0.9279 0.3699 -0.0456
vn 0.6339 0.7692 0.0809
vn 0.4987 0.8639 0.0712
vn 0.5001 0.8651 0.0391
vn 0.5256 0.8507 -0.0008
vn 0.5679 0.8223 -0.0371
vn 0.5625 0.8266 -0.0204
vn 0.3033 0.9416 0.1465
vn -0.0139 0.9618 0.2733
vn 0.8203 -0.4821 -0.3077
vn 0.7260 -0.5971 -0.3412
vn 0.8906 -0.3659 -0.2701
vn 0.9391 -0.2550 -0.2303
vn 0.9704 -0.1505 -0.1890
vn 0.9879 -0.0519 -0.1459
vn 0.9749 0.2045 -0.0877
vn 0.7713 0.6363 0.0144
vn 0.5363 0.8421 0.0575
vn 0.5167 0.8559 0.0217
vn 0.5318 0.8468 -0.0121
vn 0.5617 0.8265 -0.0382
vn 0.5372 0.8433 0.0165
vn 0.3055 0.9291 0.2086
vn 0.0392 0.9427 0.3313
vn 0.8156 -0.4889 -0.3095
vn 0.7221 -0.5931 -0.3560
vn 0.8867 -0.3818 -0.2608
vn 0.9368 -0.2786 -0.2117
vn 0.9700 -0.1806 -0.1627
vn 0.9898 -0.0868 -0.1132
vn 0.9962 0.0505 -0.0715
vn 0.9064 0.4222 0.0119
vn 0.6449 0.7619 0.0609
vn 0.5456 0.8375 0.0312
vn 0.5508 0.8346 0.0056
vn 0.5608 0.8278 0.0134
vn 0.4787 0.8595 0.1790
vn 0.2626 0.8550 0.4471
vn 0.0769 0.7835 0.6166
vn 0.8178 -0.4865 -0.3075
vn 0.7298 -0.5782 -0.3648
vn 0.8863 -0.3907 -0.2485
vn 0.9355 -0.2978 -0.1903
vn 0.9688 -0.2086 -0.1336
vn 0.9895 -0.1217 -0.0775
vn 0.9992 -0.0352 -0.0194
vn 0.9825 0.1808 0.0456
vn 0.8293 0.5506 0.0958
vn 0.6097 0.7850 0.1099
vn 0.5523 0.8132 0.1838
vn 0.5288 0.7650 0.3676
vn 0.3777 0.6981 0.6083
vn 0.1471 0.5796 0.8015
vn 0.0271 0.4418 0.8967
vn 0.8257 -0.4780 -0.2994
vn 0.7446 -0.5581 -0.3661
vn 0.8890 -0.3961 -0.2298
vn 0.9346 -0.3161 -0.1630
vn 0.9664 -0.2373 -0.0992
vn 0.9866 -0.1589 -0.0366
vn 0.9965 -0.0784 0.0277
vn 0.9951 0.0275 0.0947
vn 0.9263 0.2826 0.2493
vn 0.6790 0.5615 0.4729
vn 0.4527 0.6257 0.6353
vn 0.3315 0.5102 0.7936
vn 0.1746 0.3920 0.9032
vn 0.0386 0.3356 0.9412
vn -0.0598 0.2907 0.9550
vn 0.8379 -0.4666 -0.2833
vn 0.7625 -0.5351 -0.3637
vn 0.8929 -0.4023 -0.2025
vn 0.9326 -0.3374 -0.1284
vn 0.9611 -0.2700 -0.0582
vn 0.9796 -0.2006 0.0104
vn 0.9886 -0.1272 0.0810
vn 0.9864 -0.0473 0.1574
vn 0.8789 0.1566 0.4506
vn 0.5214 0.3396 0.7828
vn 0.2623 0.3508 0.8990
vn 0.1593 0.3338 0.9291
vn 0.0700 0.3123 0.9474
vn -0.0195 0.2846 0.9584
vn -0.1180 0.2470 0.9618
vn 0.8495 -0.4628 -0.2531
vn 0.7808 -0.5182 -0.3490
vn 0.8943 -0.4157 -0.1658
vn 0.9267 -0.3655 -0.0873
vn 0.9509 -0.3092 -0.0113
vn 0.9664 -0.2491 0.0636
vn 0.9730 -0.1832 0.1405
vn 0.9545 -0.1120 0.2766
vn 0.7415 0.1276 0.6587
vn 0.3223 0.3046 0.8963
vn 0.1750 0.2940 0.9396
vn 0.0835 0.2815 0.9559
vn -0.0026 0.2583 0.9660
vn -0.0849 0.2285 0.9698
vn -0.1817 0.1928 0.9643
vn 0.1161 -0.2671 -0.9567
vn 0.1104 -0.1758 -0.9782
vn 0.1860 -0.2288 -0.9555
vn 0.0609 0.0536 -0.9967
vn 0.0218 0.2202 -0.9752
vn 0.0262 0.2521 -0.9673
vn 0.0333 0.2879 -0.9571
vn 0.0429 0.3288 -0.9434
vn 0.0612 0.4005 -0.9143
vn 0.0734 0.6438 -0.7617
vn 0.0324 0.8944 -0.4460
vn -0.0291 0.9719 -0.2334
vn -0.0893 0.9811 -0.1714
vn -0.1490 0.9825 -0.1113
vn -0.2075 0.9767 -0.0550
vn -0.2694 0.9630 0.0034
vn -0.3379 0.9383 0.0737
vn -0.3952 0.9082 0.1377
vn -0.3930 0.9076 0.1479
vn -0.3833 0.9117 0.1481
vn -0.3709 0.9173 0.1451
vn -0.3543 0.9238 0.1451
vn -0.3287 0.9326 0.1492
vn -0.2932 0.9428 0.1587
vn -0.2480 0.9520 0.1793
vn -0.1934 0.9560 0.2207
vn -0.1341 0.9510 0.2787
vn -0.0951 0.9258 0.3659
vn -0.0500 0.7011 0.7113
vn -0.0706 0.3124 0.9473
vn -0.1498 0.2265 0.9624
vn -0.2145 0.1822 0.9596
vn -0.2732 0.1388 0.9519
vn -0.3176 0.1141 0.9413
vn -0.2552 0.1457 0.9559
vn -0.1700 0.1801 0.9688
vn -0.0855 0.2156 0.9727
vn 0.0017 0.2401 0.9707
vn 0.0947 0.2506 0.9635
vn 0.1934 0.2492 0.9489
vn 0.5385 0.1083 0.8356
vn 0.8783 -0.1318 0.4595
vn 0.9472 -0.2470 0.2043
vn 0.9446 -0.3050 0.1211
vn 0.9337 -0.3559 0.0396
vn 0.9147 -0.4019 -0.0429
vn 0.8883 -0.4419 -0.1250
vn 0.8512 -0.4794 -0.2135
vn 0.7961 -0.5178 -0.3132
vn 0.7108 -0.5634 -0.4212
vn 0.7349 -0.5477 -0.4000
vn 0.6892 -0.5883 -0.4230
vn 0.6635 -0.6171 -0.4230
vn 0.6373 -0.6480 -0.4171
vn 0.6214 -0.6758 -0.3964
vn 0.6233 -0.6916 -0.3649
vn 0.6446 -0.6880 -0.3333
vn 0.6797 -0.6603 -0.3194
vn 0.7187 -0.6119 -0.3302
vn 0.7541 -0.5528 -0.3547
vn 0.7813 -0.4907 -0.3857
vn 0.7976 -0.4286 -0.4244
vn 0.7697 -0.3869 -0.5079
vn 0.5412 -0.3021 -0.7847
vn 0.0064 -0.9099 0.4148
vn -0.1386 -0.9224 0.3606
vn -0.0835 -0.9763 0.1996
vn 0.0774 -0.9602 0.2683
vn -0.2266 -0.9209 0.3171
vn -0.1897 -0.9678 0.1655
vn -0.2612 -0.9217 0.2869
vn -0.2334 -0.9585 0.1634
vn -0.2490 -0.9289 0.2741
vn -0.2279 -0.9560 0.1846
vn -0.0447 -0.9623 0.2684
vn -0.0531 -0.9560 0.2886
vn 0.4649 -0.8564 0.2247
vn 0.3903 -0.8097 0.4382
vn 0.7446 -0.6592 0.1050
vn 0.6313 -0.6476 0.4266
vn 0.7557 -0.6532 -0.0484
vn 0.6242 -0.7171 0.3102
vn 0.7677 -0.6089 -0.1997
vn 0.6828 -0.7191 0.1292
vn 0.7832 -0.5610 -0.2680
vn 0.7791 -0.6234 -0.0661
vn 0.7826 -0.5520 -0.2878
vn 0.8113 -0.5653 -0.1493
vn 0.7811 -0.5487 -0.2980
vn 0.8182 -0.5506 -0.1656
vn 0.7794 -0.5497 -0.3006
vn 0.8263 -0.5355 -0.1744
vn 0.7848 -0.5400 -0.3042
vn 0.8396 -0.5106 -0.1857
vn -0.0198 -0.9964 0.0820
vn 0.1316 -0.9790 0.1560
vn -0.1282 -0.9899 0.0598
vn -0.1781 -0.9806 0.0817
vn -0.1813 -0.9750 0.1288
vn 0.0291 -0.9683 0.2482
vn 0.4447 -0.8132 0.3755
vn 0.6046 -0.6884 0.4006
vn 0.5406 -0.7400 0.4002
vn 0.5418 -0.7677 0.3421
vn 0.6821 -0.7071 0.1863
vn 0.8099 -0.5863 0.0199
vn 0.8409 -0.5395 -0.0429
vn 0.8572 -0.5109 -0.0648
vn 0.8743 -0.4770 -0.0904
vn 0.0299 -0.9991 0.0295
vn 0.1573 -0.9833 0.0917
vn -0.0664 -0.9976 0.0214
vn -0.1157 -0.9916 0.0571
vn -0.1130 -0.9828 0.1460
vn 0.0812 -0.9485 0.3061
vn 0.4350 -0.8144 0.3842
vn 0.5969 -0.7199 0.3542
vn 0.5545 -0.7591 0.3410
vn 0.4997 -0.7905 0.3541
vn 0.5801 -0.7544 0.3072
vn 0.7590 -0.6284 0.1707
vn 0.8509 -0.5208 0.0687
vn 0.8742 -0.4841 0.0364
vn 0.8963 -0.4435 -0.0005
vn 0.0599 -0.9976 0.0345
vn 0.1569 -0.9845 0.0786
vn -0.0168 -0.9991 0.0378
vn -0.0591 -0.9951 0.0797
vn -0.0002 -0.9776 0.2106
vn 0.1344 -0.9157 0.3787
vn 0.3540 -0.8327 0.4257
vn 0.5449 -0.7585 0.3574
vn 0.5612 -0.7619 0.3233
vn 0.5184 -0.7853 0.3384
vn 0.5369 -0.7736 0.3366
vn 0.7146 -0.6477 0.2644
vn 0.8512 -0.4960 0.1718
vn 0.8813 -0.4533 0.1333
vn 0.9095 -0.4060 0.0892
vn 0.0722 -0.9944 0.0768
vn 0.1383 -0.9851 0.1025
vn 0.0172 -0.9959 0.0893
vn -0.0077 -0.9888 0.1488
vn 0.1098 -0.9491 0.2953
vn 0.2080 -0.8880 0.4102
vn 0.2773 -0.8618 0.4247
vn 0.4664 -0.7996 0.3784
vn 0.5592 -0.7541 0.3444
vn 0.5316 -0.7684 0.3563
vn 0.5356 -0.7562 0.3759
vn 0.7021 -0.6229 0.3451
vn 0.8438 -0.4645 0.2690
vn 0.8804 -0.4168 0.2263
vn 0.9148 -0.3631 0.1770
vn 0.0686 -0.9873 0.1430
vn 0.1066 -0.9827 0.1518
vn 0.0346 -0.9860 0.1633
vn 0.0519 -0.9686 0.2430
vn 0.1754 -0.9116 0.3718
vn 0.2416 -0.8652 0.4394
vn 0.2458 -0.8523 0.4616
vn 0.4055 -0.7570 0.5124
vn 0.5237 -0.6602 0.5384
vn 0.5010 -0.6404 0.5822
vn 0.4969 -0.5875 0.6387
vn 0.6257 -0.4645 0.6267
vn 0.7690 -0.3922 0.5048
vn 0.8494 -0.3767 0.3695
vn 0.9107 -0.3130 0.2695
vn 0.0471 -0.9724 0.2285
vn 0.0601 -0.9727 0.2243
vn 0.0328 -0.9668 0.2534
vn 0.1090 -0.9287 0.3544
vn 0.2353 -0.8199 0.5219
vn 0.2281 -0.6998 0.6769
vn 0.1635 -0.5589 0.8129
vn 0.2277 -0.3739 0.8991
vn 0.2887 -0.2410 0.9266
vn 0.2683 -0.1969 0.9430
vn 0.2570 -0.1406 0.9561
vn 0.3179 -0.0888 0.9439
vn 0.4411 -0.1006 0.8918
vn 0.6110 -0.1086 0.7842
vn 0.7682 -0.0973 0.6328
vn 0.0262 -0.9292 0.3687
vn -0.0298 -0.9493 0.3130
vn 0.0168 -0.8449 0.5347
vn 0.0468 -0.6384 0.7683
vn 0.1340 -0.3933 0.9096
vn 0.1034 -0.1855 0.9772
vn 0.0307 -0.0115 0.9995
vn 0.0164 0.1115 0.9936
vn 0.0226 0.1589 0.9870
vn 0.0243 0.1659 0.9859
vn 0.0348 0.1659 0.9855
vn 0.0577 0.1635 0.9849
vn 0.0951 0.1639 0.9819
vn 0.1819 0.1769 0.9673
vn 0.3433 0.1634 0.9249
vn -0.0702 -0.6210 0.7807
vn -0.2694 -0.7717 0.5761
vn -0.0393 -0.3559 0.9337
vn -0.0385 -0.0608 0.9974
vn -0.0126 0.1112 0.9937
vn -0.0023 0.1823 0.9832
vn -0.0104 0.2225 0.9749
vn -0.0250 0.2498 0.9680
vn -0.0409 0.2616 0.9643
vn -0.0518 0.2585 0.9646
vn -0.0513 0.2444 0.9683
vn -0.0350 0.2261 0.9735
vn -0.0012 0.2111 0.9775
vn 0.0492 0.2063 0.9772
vn 0.1142 0.2174 0.9694
vn -0.1208 -0.0778 0.9896
vn -0.4264 -0.3544 0.8322
vn -0.0562 0.0833 0.9949
vn -0.0195 0.1680 0.9856
vn -0.0098 0.2323 0.9726
vn -0.0176 0.2893 0.9571
vn -0.0395 0.3347 0.9415
vn -0.0708 0.3631 0.9290
vn -0.1048 0.3689 0.9236
vn -0.1319 0.3517 0.9268
vn -0.1428 0.3184 0.9371
vn -0.1327 0.2795 0.9509
vn -0.1007 0.2459 0.9640
vn -0.0493 0.2262 0.9728
vn 0.0173 0.2265 0.9738
vn -0.0780 0.1112 0.9907
vn -0.3287 -0.0663 0.9421
vn -0.0310 0.1845 0.9823
vn -0.0054 0.2584 0.9660
vn -0.0017 0.3303 0.9439
vn -0.0192 0.3963 0.9179
vn -0.0562 0.4503 0.8911
vn -0.1089 0.4820 0.8694
vn -0.1684 0.4799 0.8610
vn -0.2178 0.4434 0.8695
vn -0.2425 0.3849 0.8905
vn -0.2373 0.3213 0.9168
vn -0.2045 0.2670 0.9417
vn -0.1495 0.2318 0.9612
vn -0.0787 0.2218 0.9719
vn -0.0511 0.1864 0.9811
vn -0.1991 0.0759 0.9770
vn -0.0060 0.2620 0.9650
vn 0.0193 0.3401 0.9402
vn 0.0218 0.4198 0.9074
vn -0.0015 0.4973 0.8676
vn -0.0523 0.5640 0.8241
vn -0.1316 0.6022 0.7874
vn -0.2282 0.5905 0.7741
vn -0.3093 0.5275 0.7913
vn -0.3494 0.4368 0.8289
vn -0.3462 0.3455 0.8722
vn -0.3093 0.2715 0.9114
vn -0.2490 0.2219 0.9427
vn -0.1718 0.2014 0.9643
vn -0.0238 0.2534 0.9671
vn -0.1336 0.1674 0.9768
vn 0.0222 0.3257 0.9452
vn 0.0545 0.4039 0.9132
vn 0.0642 0.4891 0.8699
vn 0.0440 0.5785 0.8145
vn -0.0142 0.6615 0.7498
vn -0.1234 0.7113 0.6920
vn -0.2741 0.6887 0.6712
vn -0.4012 0.5882 0.7021
vn -0.4566 0.4567 0.7635
vn -0.4486 0.3394 0.8268
vn -0.4034 0.2558 0.8785
vn -0.3409 0.2015 0.9182
vn -0.2636 0.1718 0.9492
vn -0.0004 0.3011 0.9536
vn -0.0774 0.2198 0.9725
vn 0.0516 0.3639 0.9300
vn 0.0999 0.4362 0.8943
vn 0.1290 0.5192 0.8449
vn 0.1290 0.6129 0.7796
vn 0.0829 0.7091 0.7003
vn -0.0463 0.7735 0.6321
vn -0.2703 0.7392 0.6169
vn -0.4704 0.5822 0.6632
vn -0.5405 0.4041 0.7379
vn -0.5200 0.2742 0.8090
vn -0.4622 0.2033 0.8632
vn -0.4008 0.1656 0.9011
vn -0.3375 0.1394 0.9310
vn 0.0773 -0.8277 0.5558
vn -0.0422 -0.8406 0.5401
vn 0.1556 -0.8706 0.4667
vn -0.1463 -0.8531 0.5009
vn -0.2190 -0.8661 0.4493
vn -0.2485 -0.8821 0.4002
vn -0.2014 -0.9229 0.3283
vn 0.1825 -0.9752 0.1255
vn 0.6217 -0.7701 -0.1431
vn 0.7531 -0.5936 -0.2837
vn 0.7646 -0.5516 -0.3334
vn 0.7599 -0.5319 -0.3737
vn 0.7500 -0.5250 -0.4024
vn 0.7408 -0.5263 -0.4174
vn 0.7344 -0.5324 -0.4209
vn 0.7290 -0.5410 -0.4193
vn 0.7260 -0.5493 -0.4139
vn -0.3606 0.0975 0.9276
vn -0.3987 0.0915 0.9125
vn -0.4525 0.0883 0.8874
vn -0.5074 0.1084 0.8549
vn -0.5169 0.1910 0.8345
vn -0.3869 0.3629 0.8477
vn -0.0817 0.5686 0.8186
vn 0.1788 0.6612 0.7286
vn 0.2681 0.6254 0.7328
vn 0.2547 0.5556 0.7915
vn 0.2084 0.4884 0.8474
vn 0.1480 0.4266 0.8922
vn 0.0796 0.3682 0.9263
vn 0.0161 0.3175 0.9481
vn -0.1162 0.2725 0.9551
vn -0.5425 0.1176 0.8318
vn -0.4947 0.1787 0.8505
vn -0.5656 0.0814 0.8207
vn -0.6175 -0.0946 0.7808
vn -0.7014 -0.3171 0.6384
vn -0.7367 -0.4687 0.4874
vn -0.5482 -0.7102 0.4417
vn -0.1656 -0.9223 0.3493
vn 0.0581 -0.9697 0.2372
vn 0.1283 -0.9746 0.1834
vn 0.1870 -0.9700 0.1556
vn 0.2338 -0.9601 0.1533
vn 0.2612 -0.9477 0.1836
vn 0.2579 -0.9321 0.2545
vn 0.2209 -0.9074 0.3574
vn -0.3872 0.2419 0.8897
vn -0.0308 0.3177 0.9477
vn -0.1950 0.2555 0.9469
vn -0.6342 0.0926 0.7676
vn 0.0906 0.3499 0.9324
vn 0.0684 0.3314 0.9410
vn 0.1750 0.3850 0.9062
vn 0.1618 0.3425 0.9255
vn 0.2626 0.4069 0.8749
vn 0.2566 0.3306 0.9082
vn 0.3524 0.4101 0.8412
vn 0.3519 0.2860 0.8913
vn 0.4328 0.3817 0.8167
vn 0.4341 0.1957 0.8794
vn 0.4296 0.2936 0.8539
vn 0.4535 0.0458 0.8901
vn 0.2147 0.1300 0.9680
vn 0.3315 -0.1404 0.9330
vn -0.1036 -0.0600 0.9928
vn 0.0919 -0.2531 0.9631
vn -0.3053 -0.1263 0.9438
vn -0.1147 -0.2395 0.9641
vn -0.3745 -0.0918 0.9227
vn -0.2340 -0.1630 0.9585
vn -0.3716 -0.0356 0.9277
vn -0.2818 -0.0751 0.9565
vn -0.3472 0.0161 0.9377
vn -0.2891 0.0081 0.9573
vn -0.3247 0.0704 0.9432
vn -0.2717 0.0933 0.9579
vn -0.4835 0.1429 0.8636
vn -0.7798 -0.0361 0.6250
vn -0.0377 0.3218 0.9460
vn 0.1120 0.3170 0.9418
vn 0.2011 0.2891 0.9359
vn 0.2830 0.2301 0.9311
vn 0.3449 0.1359 0.9288
vn 0.3553 0.0084 0.9347
vn 0.2759 -0.1224 0.9534
vn 0.1222 -0.1940 0.9734
vn -0.0347 -0.1831 0.9825
vn -0.1486 -0.1196 0.9816
vn -0.2112 -0.0351 0.9768
vn -0.2301 0.0547 0.9716
vn -0.2101 0.1444 0.9670
vn -0.6693 -0.0090 0.7430
vn -0.8024 -0.0844 0.5908
vn -0.2425 0.2276 0.9431
vn 0.0397 0.3082 0.9505
vn 0.1196 0.2785 0.9530
vn 0.1868 0.2237 0.9566
vn 0.2323 0.1456 0.9617
vn 0.2388 0.0528 0.9696
vn 0.1894 -0.0325 0.9814
vn 0.0938 -0.0789 0.9925
vn -0.0135 -0.0738 0.9972
vn -0.1017 -0.0278 0.9944
vn -0.1554 0.0421 0.9869
vn -0.1711 0.1223 0.9776
vn -0.1456 0.2078 0.9673
vn -0.7367 -0.1359 0.6625
vn -0.7660 -0.1149 0.6324
vn -0.4729 0.1284 0.8717
vn -0.0948 0.3337 0.9379
vn 0.0171 0.2906 0.9567
vn 0.0855 0.2465 0.9654
vn 0.1217 0.1889 0.9744
vn 0.1296 0.1255 0.9836
vn 0.1026 0.0708 0.9922
vn 0.0464 0.0410 0.9981
vn -0.0134 0.0593 0.9981
vn -0.0747 0.1406 0.9872
vn -0.1462 0.2698 0.9518
vn -0.1886 0.4215 0.8870
vn -0.1674 0.5717 0.8032
vn -0.7706 -0.0768 0.6327
vn -0.7319 -0.1326 0.6684
vn -0.6652 0.3050 0.6816
vn -0.3987 0.5926 0.6999
vn -0.2814 0.6149 0.7366
vn -0.1932 0.6100 0.7685
vn -0.1549 0.5823 0.7980
vn -0.1475 0.5576 0.8169
vn -0.1744 0.5473 0.8186
vn -0.2279 0.5581 0.7979
vn -0.2487 0.6097 0.7526
vn -0.2513 0.6752 0.6935
vn -0.2686 0.7415 0.6148
vn -0.2594 0.8121 0.5226
vn -0.2067 0.8770 0.4337
vn -0.8217 0.1762 0.5419
vn -0.8637 -0.0498 0.5015
vn -0.6697 0.5745 0.4706
vn -0.5261 0.7669 0.3675
vn -0.4550 0.8218 0.3429
vn -0.4006 0.8497 0.3429
vn -0.3729 0.8614 0.3450
vn -0.3664 0.8687 0.3333
vn -0.3793 0.8740 0.3038
vn -0.4022 0.8783 0.2583
vn -0.4018 0.8891 0.2193
vn -0.3806 0.8999 0.2127
vn -0.3537 0.9066 0.2303
vn -0.3069 0.9178 0.2520
vn -0.2351 0.9335 0.2706
vn -0.8862 0.4048 0.2252
vn -0.9935 0.1084 0.0335
vn -0.6171 0.7231 0.3105
vn -0.5038 0.8084 0.3043
vn -0.4497 0.8497 0.2753
vn -0.4095 0.8795 0.2426
vn -0.3847 0.8991 0.2088
vn -0.3758 0.9096 0.1773
vn -0.3810 0.9120 0.1522
vn -0.3944 0.9085 0.1377
vn -0.4073 0.9030 0.1365
vn -0.4100 0.9000 0.1480
vn -0.3949 0.9032 0.1682
vn -0.3569 0.9143 0.1916
vn -0.2915 0.9329 0.2117
vn -0.9108 0.4036 -0.0873
vn -0.9442 0.1434 -0.2966
vn -0.6751 0.7174 0.1722
vn -0.4844 0.8350 0.2608
vn -0.4270 0.8729 0.2359
vn -0.3842 0.9001 0.2056
vn -0.3585 0.9176 0.1718
vn -0.3519 0.9258 0.1382
vn -0.3643 0.9247 0.1102
vn -0.3897 0.9161 0.0941
vn -0.4166 0.9043 0.0934
vn -0.4328 0.8952 0.1068
vn -0.4287 0.8942 0.1291
vn -0.3995 0.9038 0.1533
vn -0.3411 0.9241 0.1725
vn -0.9417 0.2299 -0.2457
vn -0.9126 0.0918 -0.3984
vn -0.7756 0.6294 0.0466
vn -0.4796 0.8514 0.2126
vn -0.4047 0.8900 0.2101
vn -0.3581 0.9153 0.1847
vn -0.3293 0.9316 0.1541
vn -0.3229 0.9386 0.1216
vn -0.3414 0.9352 0.0935
vn -0.3791 0.9221 0.0780
vn -0.4208 0.9037 0.0791
vn -0.4501 0.8879 0.0945
vn -0.4561 0.8821 0.1176
vn -0.4340 0.8899 0.1406
vn -0.3814 0.9111 0.1565
vn -0.9223 0.0858 -0.3769
vn -0.8774 0.0261 -0.4791
vn -0.8534 0.5065 -0.1232
vn -0.5340 0.8360 0.1259
vn -0.3865 0.9015 0.1947
vn -0.3355 0.9250 0.1783
vn -0.3018 0.9405 0.1562
vn -0.2933 0.9471 0.1304
vn -0.3166 0.9425 0.1073
vn -0.3655 0.9259 0.0950
vn -0.4206 0.9021 0.0967
vn -0.4615 0.8803 0.1098
vn -0.4759 0.8702 0.1280
vn -0.4596 0.8763 0.1447
vn -0.4118 0.8982 0.1537
vn -0.8877 -0.0057 -0.4603
vn -0.8383 -0.0558 -0.5423
vn -0.9122 0.3000 -0.2789
vn -0.6592 0.7511 0.0358
vn -0.3765 0.9076 0.1858
vn -0.3218 0.9290 0.1825
vn -0.2826 0.9432 0.1744
vn -0.2700 0.9491 0.1620
vn -0.2952 0.9436 0.1499
vn -0.3511 0.9252 0.1437
vn -0.4145 0.8986 0.1442
vn -0.4629 0.8738 0.1489
vn -0.4835 0.8616 0.1546
vn -0.4731 0.8666 0.1587
vn -0.4310 0.8885 0.1574
vn -0.8617 -0.0865 -0.5000
vn -0.8029 -0.1509 -0.5767
vn -0.9252 0.0714 -0.3728
vn -0.7872 0.6096 -0.0934
vn -0.4121 0.9008 0.1367
vn -0.3217 0.9276 0.1899
vn -0.2779 0.9398 0.1991
vn -0.2601 0.9437 0.2044
vn -0.2828 0.9365 0.2074
vn -0.3383 0.9175 0.2092
vn -0.4017 0.8920 0.2075
vn -0.4513 0.8696 0.2004
vn -0.4753 0.8594 0.1885
vn -0.4717 0.8642 0.1750
vn -0.4390 0.8837 0.1625
vn -0.8409 -0.1640 -0.5158
vn -0.7752 -0.2510 -0.5797
vn -0.8942 -0.0694 -0.4423
vn -0.8782 0.4052 -0.2541
vn -0.5441 0.8376 0.0484
vn -0.3369 0.9222 0.1901
vn -0.2906 0.9322 0.2159
vn -0.2673 0.9336 0.2385
vn -0.2831 0.9243 0.2560
vn -0.3303 0.9058 0.2653
vn -0.3853 0.8848 0.2620
vn -0.4295 0.8692 0.2452
vn -0.4523 0.8648 0.2179
vn -0.4545 0.8709 0.1870
vn -0.4376 0.8840 0.1645
vn -0.8216 -0.2384 -0.5179
vn -0.7389 -0.3490 -0.5764
vn -0.8756 -0.1512 -0.4588
vn -0.9382 0.1188 -0.3252
vn -0.7292 0.6830 -0.0422
vn -0.3772 0.9129 0.1558
vn -0.3189 0.9247 0.2080
vn -0.2905 0.9254 0.2436
vn -0.2959 0.9158 0.2715
vn -0.3296 0.8998 0.2859
vn -0.3711 0.8846 0.2824
vn -0.4052 0.8759 0.2620
vn -0.4228 0.8765 0.2301
vn -0.4279 0.8824 0.1957
vn -0.4271 0.8879 0.1707
vn -0.7470 0.1068 0.6562
vn -0.4089 0.8987 0.1587
vn -0.4050 0.8965 0.1798
vn -0.3978 0.8943 0.2049
vn -0.3859 0.8933 0.2306
vn -0.3634 0.8981 0.2479
vn -0.3367 0.9081 0.2490
vn -0.3179 0.9195 0.2313
vn -0.3236 0.9252 0.1981
vn -0.3563 0.9211 0.1568
vn -0.4889 0.8715 0.0390
vn -0.8590 0.4760 -0.1885
vn -0.9343 -0.0834 -0.3465
vn -0.8783 -0.2206 -0.4242
vn -0.8115 -0.3254 -0.4853
vn -0.7216 -0.4423 -0.5326
vn -0.6380 -0.4166 -0.6476
vn -0.6435 -0.5158 -0.5655
vn -0.6832 -0.2979 -0.6667
vn -0.7326 -0.1663 -0.6601
vn -0.7826 -0.0568 -0.6199
vn -0.8344 0.0247 -0.5505
vn -0.8814 0.0825 -0.4652
vn -0.9219 0.1181 -0.3689
vn -0.9860 0.1213 -0.1146
vn -0.9027 0.0097 0.4301
vn -0.7108 -0.0756 0.6993
vn -0.7447 -0.0491 0.6656
vn -0.7828 -0.0186 0.6220
vn -0.8149 0.0083 0.5795
vn -0.8174 0.0355 0.5749
vn -0.6054 -0.3784 -0.7002
vn -0.6826 -0.2336 -0.6925
vn -0.5652 0.0169 -0.8247
vn -0.6005 -0.2107 -0.7714
vn -0.8551 0.0682 -0.5139
vn -0.5723 0.3543 -0.7396
vn -0.8968 0.4039 -0.1805
vn -0.5981 0.6429 -0.4785
vn -0.8271 0.5608 0.0383
vn -0.6593 0.7075 -0.2545
vn -0.8353 0.5443 0.0775
vn -0.7484 0.6487 -0.1380
vn -0.8728 0.4852 0.0527
vn -0.8295 0.5510 -0.0919
vn -0.9140 0.4056 -0.0105
vn -0.8935 0.4375 -0.1016
vn -0.9422 0.3141 -0.1163
vn -0.9430 0.2966 -0.1511
vn -0.8789 0.1547 -0.4512
vn -0.9518 0.0178 -0.3063
vn -0.5973 0.0215 -0.8017
vn -0.8388 -0.2188 -0.4986
vn -0.3447 0.0396 -0.9379
vn -0.6849 -0.2414 -0.6875
vn -0.2657 0.0595 -0.9622
vn -0.4908 -0.1458 -0.8590
vn -0.2553 0.0660 -0.9646
vn -0.3544 -0.0741 -0.9321
vn -0.2364 0.0663 -0.9694
vn -0.2829 -0.0649 -0.9569
vn -0.6140 0.1225 -0.7797
vn -0.6659 -0.0804 -0.7417
vn -0.5836 0.3889 -0.7128
vn -0.5976 0.5885 -0.5445
vn -0.6632 0.6449 -0.3799
vn -0.7497 0.6059 -0.2661
vn -0.8308 0.5191 -0.2006
vn -0.8949 0.4073 -0.1824
vn -0.9541 0.1934 -0.2289
vn -0.9338 -0.1844 -0.3067
vn -0.8704 -0.3905 -0.3000
vn -0.8534 -0.3841 -0.3524
vn -0.7569 -0.3040 -0.5785
vn -0.5346 -0.2240 -0.8149
vn -0.3301 -0.1801 -0.9266
vn -0.6923 0.1795 -0.6989
vn -0.7320 0.0230 -0.6809
vn -0.6713 0.3604 -0.6477
vn -0.6836 0.4907 -0.5403
vn -0.7305 0.5347 -0.4249
vn -0.7948 0.5084 -0.3314
vn -0.8588 0.4365 -0.2681
vn -0.9158 0.3227 -0.2390
vn -0.9410 0.0096 -0.3383
vn -0.8603 -0.3091 -0.4054
vn -0.8562 -0.3700 -0.3607
vn -0.8839 -0.3370 -0.3242
vn -0.8696 -0.3224 -0.3739
vn -0.7129 -0.3287 -0.6194
vn -0.4307 -0.2969 -0.8522
vn -0.7682 0.1947 -0.6099
vn -0.7959 0.0854 -0.5994
vn -0.7573 0.3098 -0.5749
vn -0.7693 0.3903 -0.5058
vn -0.8029 0.4170 -0.4261
vn -0.8483 0.3936 -0.3542
vn -0.8940 0.3327 -0.3001
vn -0.9384 0.1873 -0.2905
vn -0.8962 -0.1455 -0.4191
vn -0.8100 -0.3440 -0.4749
vn -0.8470 -0.3239 -0.4216
vn -0.8748 -0.3045 -0.3769
vn -0.8823 -0.3130 -0.3516
vn -0.8113 -0.3485 -0.4693
vn -0.5555 -0.3765 -0.7414
vn -0.8340 0.1846 -0.5200
vn -0.8528 0.1181 -0.5087
vn -0.8292 0.2512 -0.4994
vn -0.8403 0.2946 -0.4551
vn -0.8647 0.3035 -0.4001
vn -0.8959 0.2777 -0.3466
vn -0.9262 0.2240 -0.3032
vn -0.9366 0.0434 -0.3477
vn -0.8512 -0.2344 -0.4696
vn -0.7967 -0.3372 -0.5016
vn -0.8344 -0.3059 -0.4586
vn -0.8593 -0.2982 -0.4156
vn -0.8661 -0.3169 -0.3866
vn -0.8410 -0.3523 -0.4105
vn -0.6317 -0.4447 -0.6350
vn -0.8897 0.1585 -0.4281
vn -0.9021 0.1281 -0.4121
vn -0.8880 0.1885 -0.4194
vn -0.8971 0.2037 -0.3921
vn -0.9139 0.1971 -0.3548
vn -0.9338 0.1677 -0.3162
vn -0.9517 0.1185 -0.2832
vn -0.9266 -0.0743 -0.3685
vn -0.8235 -0.2918 -0.4864
vn -0.7971 -0.3375 -0.5007
vn -0.8246 -0.3168 -0.4686
vn -0.8431 -0.3179 -0.4338
vn -0.8463 -0.3431 -0.4076
vn -0.8176 -0.4176 -0.3964
vn -0.6104 -0.6050 -0.5112
vn -0.9404 0.1229 -0.3171
vn -0.9595 0.1334 -0.2480
vn -0.9369 0.1219 -0.3278
vn -0.9420 0.1169 -0.3147
vn -0.9512 0.0988 -0.2923
vn -0.9614 0.0660 -0.2671
vn -0.9694 0.0195 -0.2446
vn -0.9239 -0.1663 -0.3445
vn -0.8169 -0.3430 -0.4636
vn -0.8012 -0.3629 -0.4757
vn -0.8182 -0.3522 -0.4545
vn -0.8108 -0.3994 -0.4278
vn -0.7638 -0.5462 -0.3440
vn -0.6331 -0.7496 -0.1930
vn -0.3862 -0.9114 -0.1419
vn -0.9940 0.0401 0.1020
vn -0.9548 0.0381 0.2949
vn -0.9976 0.0251 -0.0640
vn -0.9918 -0.0524 -0.1169
vn -0.9908 -0.1228 -0.0563
vn -0.9848 -0.1724 0.0221
vn -0.9746 -0.2148 0.0629
vn -0.9383 -0.3415 -0.0539
vn -0.8518 -0.4438 -0.2782
vn -0.7781 -0.5087 -0.3685
vn -0.7255 -0.6270 -0.2839
vn -0.6085 -0.7807 -0.1421
vn -0.4182 -0.9083 -0.0046
vn -0.2217 -0.9623 0.1577
vn -0.0792 -0.9703 0.2284
vn -0.8166 0.0045 0.5772
vn -0.7300 -0.0336 0.6826
vn -0.9073 -0.1191 0.4032
vn -0.8948 -0.3416 0.2875
vn -0.8474 -0.4180 0.3273
vn -0.8176 -0.4168 0.3974
vn -0.8050 -0.4133 0.4256
vn -0.8227 -0.4409 0.3588
vn -0.7628 -0.6273 0.1567
vn -0.5453 -0.8382 0.0056
vn -0.3361 -0.9380 0.0854
vn -0.1694 -0.9593 0.2258
vn -0.0441 -0.9588 0.2807
vn 0.0035 -0.9533 0.3020
vn 0.0141 -0.9486 0.3163
vn -0.7232 0.0493 0.6889
vn -0.7266 0.0164 0.6869
vn -0.7657 -0.1887 0.6149
vn -0.7339 -0.4823 0.4784
vn -0.7178 -0.5163 0.4671
vn -0.7335 -0.4711 0.4899
vn -0.7490 -0.4370 0.4980
vn -0.7334 -0.4589 0.5015
vn -0.5257 -0.7414 0.4171
vn -0.1652 -0.9465 0.2771
vn -0.0264 -0.9606 0.2765
vn 0.0254 -0.9540 0.2987
vn 0.0602 -0.9435 0.3259
vn 0.0745 -0.9321 0.3545
vn 0.0668 -0.9227 0.3798
vn -0.7523 0.0725 0.6548
vn -0.7622 0.0440 0.6459
vn -0.7950 -0.1980 0.5734
vn -0.7581 -0.4918 0.4282
vn -0.7519 -0.5023 0.4271
vn -0.7670 -0.4544 0.4530
vn -0.7778 -0.4189 0.4685
vn -0.6830 -0.5557 0.4740
vn -0.3377 -0.8598 0.3830
vn -0.0168 -0.9617 0.2735
vn 0.0640 -0.9545 0.2913
vn 0.1138 -0.9408 0.3194
vn 0.1419 -0.9240 0.3551
vn 0.1431 -0.9077 0.3945
vn 0.1153 -0.8947 0.4316
vn -0.7830 0.0818 0.6166
vn -0.7953 0.0618 0.6030
vn -0.8212 -0.2020 0.5337
vn -0.7842 -0.4857 0.3862
vn -0.7860 -0.4861 0.3820
vn -0.7993 -0.4416 0.4076
vn -0.7736 -0.4516 0.4446
vn -0.5389 -0.7285 0.4229
vn -0.1159 -0.9469 0.2999
vn 0.0815 -0.9594 0.2699
vn 0.1486 -0.9455 0.2897
vn 0.1966 -0.9256 0.3234
vn 0.2169 -0.9039 0.3687
vn 0.2025 -0.8846 0.4202
vn 0.1532 -0.8699 0.4687
vn -0.8086 0.0754 0.5835
vn -0.8210 0.0679 0.5668
vn -0.8367 -0.1954 0.5116
vn -0.8049 -0.4641 0.3698
vn -0.8083 -0.4737 0.3497
vn -0.8177 -0.4389 0.3726
vn -0.6952 -0.5986 0.3980
vn -0.2973 -0.8926 0.3390
vn 0.0462 -0.9669 0.2509
vn 0.1506 -0.9567 0.2492
vn 0.2175 -0.9384 0.2684
vn 0.2633 -0.9147 0.3065
vn 0.2757 -0.8900 0.3632
vn 0.2459 -0.8682 0.4309
vn 0.1792 -0.8506 0.4943
vn -0.8241 0.0535 0.5639
vn -0.8369 0.0614 0.5440
vn -0.8389 -0.1735 0.5158
vn -0.8160 -0.4277 0.3890
vn -0.8116 -0.4706 0.3463
vn -0.7597 -0.5203 0.3899
vn -0.4639 -0.8015 0.3773
vn -0.0459 -0.9645 0.2602
vn 0.1162 -0.9684 0.2205
vn 0.1912 -0.9588 0.2101
vn 0.2534 -0.9413 0.2231
vn 0.2945 -0.9191 0.2617
vn 0.3010 -0.8950 0.3293
vn 0.2667 -0.8685 0.4179
vn 0.1976 -0.8398 0.5056
vn -0.6874 -0.5475 -0.4772
vn -0.7860 -0.5262 -0.3245
vn -0.9285 -0.3659 -0.0635
vn -0.9718 -0.0645 0.2266
vn -0.9337 0.1578 0.3216
vn -0.9244 0.2761 0.2633
vn -0.9311 0.3249 0.1656
vn -0.9468 0.3180 0.0503
vn -0.9320 0.2915 -0.2156
vn -0.6643 0.2083 -0.7178
vn -0.2681 0.1409 -0.9530
vn -0.1769 0.1633 -0.9706
vn -0.1711 0.1752 -0.9696
vn -0.1714 0.1843 -0.9678
vn -0.1750 0.1887 -0.9663
vn -0.1775 0.1768 -0.9681
vn -0.2053 0.0662 -0.9764
vn -0.2348 -0.0549 -0.9705
vn -0.2594 -0.1602 -0.9524
vn -0.2769 -0.2567 -0.9260
vn -0.2931 -0.3558 -0.8874
vn -0.2887 -0.4854 -0.8252
vn -0.1925 -0.7366 -0.6483
vn -0.0392 -0.9698 -0.2406
vn 0.0158 -0.9873 0.1578
vn 0.0129 -0.9472 0.3203
vn 0.0421 -0.9180 0.3944
vn 0.0654 -0.8869 0.4572
vn 0.0799 -0.8602 0.5037
vn 0.0871 -0.8380 0.5386
vn 0.0900 -0.8202 0.5650
vn -0.1829 0.1136 -0.9765
vn -0.1899 0.1585 -0.9689
vn -0.1844 0.0237 -0.9826
vn -0.1968 -0.0200 -0.9802
vn -0.2099 0.2000 -0.9570
vn -0.1886 0.0629 -0.9800
vn -0.2346 0.2391 -0.9422
vn -0.1990 0.0944 -0.9755
vn -0.2675 0.2668 -0.9259
vn -0.2132 0.1153 -0.9702
vn -0.3018 0.2745 -0.9130
vn -0.2263 0.1225 -0.9663
vn -0.3148 0.2585 -0.9133
vn -0.1665 0.1199 -0.9787
vn -0.1870 0.2342 -0.9540
vn 0.0609 0.1498 -0.9868
vn 0.0524 0.1494 -0.9874
vn 0.2267 0.1523 -0.9620
vn 0.1945 -0.0029 -0.9809
vn 0.1916 0.0847 -0.9778
vn 0.1700 -0.1155 -0.9787
vn 0.1042 -0.0020 -0.9946
vn 0.0950 -0.1871 -0.9777
vn 0.0529 -0.0886 -0.9947
vn 0.0643 -0.2262 -0.9719
vn 0.0670 -0.1540 -0.9858
vn 0.0637 -0.2431 -0.9679
vn 0.1751 -0.2295 -0.9574
vn 0.0895 -0.2516 -0.9637
vn 0.3453 -0.3247 -0.8805
vn -0.1817 -0.1011 -0.9781
vn -0.2125 -0.1347 -0.9678
vn -0.1653 -0.0686 -0.9839
vn -0.1577 -0.0421 -0.9866
vn -0.1542 -0.0243 -0.9877
vn -0.1403 -0.0181 -0.9899
vn 0.0050 0.0123 -0.9999
vn 0.2173 0.0822 -0.9726
vn 0.2858 0.1129 -0.9516
vn 0.2474 0.0557 -0.9673
vn 0.2475 -0.0717 -0.9662
vn 0.2940 -0.2461 -0.9236
vn 0.4118 -0.3692 -0.8331
vn 0.5615 -0.4160 -0.7154
vn 0.6783 -0.4355 -0.5918
vn -0.1742 -0.2128 -0.9614
vn -0.2197 -0.2376 -0.9462
vn -0.1406 -0.1871 -0.9722
vn -0.0677 -0.1807 -0.9812
vn 0.0498 -0.2371 -0.9702
vn 0.1882 -0.3435 -0.9201
vn 0.3942 -0.3638 -0.8440
vn 0.5658 -0.2975 -0.7690
vn 0.6062 -0.2869 -0.7417
vn 0.6162 -0.3310 -0.7147
vn 0.6335 -0.4233 -0.6476
vn 0.6574 -0.5276 -0.5379
vn 0.6960 -0.5717 -0.4345
vn 0.7391 -0.5489 -0.3905
vn 0.7682 -0.4990 -0.4011
vn -0.1059 -0.3426 -0.9335
vn -0.2190 -0.3363 -0.9159
vn 0.0381 -0.4105 -0.9111
vn 0.2261 -0.4829 -0.8460
vn 0.4269 -0.5219 -0.7385
vn 0.5710 -0.5817 -0.5792
vn 0.6836 -0.5890 -0.4310
vn 0.7443 -0.5669 -0.3529
vn 0.7620 -0.5679 -0.3112
vn 0.7650 -0.5803 -0.2793
vn 0.7575 -0.5979 -0.2623
vn 0.7446 -0.6130 -0.2642
vn 0.7334 -0.6174 -0.2846
vn 0.7315 -0.6032 -0.3180
vn 0.7459 -0.5633 -0.3554
vn 0.1189 -0.6067 -0.7860
vn -0.1012 -0.5364 -0.8379
vn 0.3462 -0.6430 -0.6831
vn 0.5128 -0.6598 -0.5493
vn 0.6347 -0.6239 -0.4560
vn 0.7037 -0.5873 -0.4000
vn 0.7503 -0.5616 -0.3488
vn 0.7808 -0.5493 -0.2977
vn 0.7934 -0.5548 -0.2506
vn 0.7879 -0.5777 -0.2133
vn 0.7668 -0.6119 -0.1939
vn 0.7372 -0.6458 -0.1988
vn 0.7106 -0.6658 -0.2274
vn 0.6991 -0.6615 -0.2713
vn 0.7118 -0.6262 -0.3183
vn 0.3554 -0.7626 -0.5405
vn 0.1415 -0.7581 -0.6366
vn 0.5088 -0.7128 -0.4828
vn 0.6028 -0.6588 -0.4501
vn 0.6776 -0.6092 -0.4120
vn 0.7380 -0.5663 -0.3670
vn 0.7838 -0.5341 -0.3168
vn 0.8136 -0.5181 -0.2639
vn 0.8243 -0.5249 -0.2121
vn 0.8126 -0.5579 -0.1690
vn 0.7776 -0.6116 -0.1459
vn 0.7276 -0.6689 -0.1523
vn 0.6812 -0.7077 -0.1871
vn 0.6577 -0.7145 -0.2386
vn 0.6684 -0.6844 -0.2913
vn 0.4363 -0.7790 -0.4504
vn 0.2664 -0.8829 -0.3866
vn 0.5422 -0.7160 -0.4398
vn 0.6305 -0.6536 -0.4186
vn 0.7037 -0.5945 -0.3890
vn 0.7632 -0.5420 -0.3518
vn 0.8094 -0.5002 -0.3076
vn 0.8408 -0.4761 -0.2577
vn 0.8530 -0.4796 -0.2060
vn 0.8389 -0.5198 -0.1617
vn 0.7922 -0.5942 -0.1389
vn 0.7198 -0.6781 -0.1486
vn 0.6499 -0.7367 -0.1869
vn 0.6125 -0.7537 -0.2384
vn 0.6212 -0.7291 -0.2871
vn 0.4249 -0.8433 -0.3291
vn 0.1982 -0.9756 -0.0943
vn 0.5639 -0.7193 -0.4058
vn 0.6492 -0.6495 -0.3958
vn 0.7200 -0.5818 -0.3782
vn 0.7782 -0.5191 -0.3534
vn 0.8245 -0.4658 -0.3212
vn 0.8574 -0.4300 -0.2826
vn 0.8720 -0.4254 -0.2422
vn 0.8587 -0.4674 -0.2102
vn 0.8047 -0.5590 -0.2000
vn 0.7124 -0.6676 -0.2165
vn 0.6197 -0.7437 -0.2506
vn 0.5702 -0.7692 -0.2884
vn 0.5788 -0.7505 -0.3189
vn 0.3123 -0.9481 -0.0596
vn 0.0748 -0.9712 0.2263
vn 0.5461 -0.7797 -0.3062
vn 0.6607 -0.6491 -0.3770
vn 0.7276 -0.5769 -0.3711
vn 0.7817 -0.5065 -0.3640
vn 0.8265 -0.4398 -0.3513
vn 0.8578 -0.3917 -0.3328
vn 0.8707 -0.3764 -0.3165
vn 0.8555 -0.4131 -0.3122
vn 0.7970 -0.5090 -0.3251
vn 0.6952 -0.6299 -0.3464
vn 0.5926 -0.7189 -0.3633
vn 0.5402 -0.7545 -0.3726
vn 0.5522 -0.7449 -0.3744
vn 0.1237 -0.9616 0.2448
vn 0.0186 -0.9226 0.3852
vn 0.4258 -0.9027 -0.0611
vn 0.6609 -0.6992 -0.2724
vn 0.7379 -0.5959 -0.3170
vn 0.7750 -0.5323 -0.3407
vn 0.8132 -0.4446 -0.3754
vn 0.8411 -0.3740 -0.3907
vn 0.8460 -0.3497 -0.4026
vn 0.8224 -0.3754 -0.4275
vn 0.7613 -0.4574 -0.4597
vn 0.6666 -0.5703 -0.4800
vn 0.5763 -0.6644 -0.4759
vn 0.5333 -0.7131 -0.4550
vn 0.5500 -0.7169 -0.4283
vn -0.0069 -0.9064 0.4224
vn 0.0125 -0.8866 0.4624
vn 0.2080 -0.9559 0.2074
vn 0.5641 -0.8168 -0.1206
vn 0.7291 -0.6200 -0.2898
vn 0.7423 -0.5750 -0.3440
vn 0.7795 -0.4818 -0.4003
vn 0.8145 -0.3836 -0.4353
vn 0.8096 -0.3542 -0.4680
vn 0.7777 -0.3679 -0.5097
vn 0.7194 -0.4262 -0.5485
vn 0.6448 -0.5152 -0.5646
vn 0.5808 -0.6016 -0.5484
vn 0.5533 -0.6586 -0.5099
vn 0.5721 -0.6760 -0.4645
vn -0.0525 -0.8625 0.5033
vn 0.0050 -0.8566 0.5160
vn -0.0308 -0.9104 0.4126
vn 0.3247 -0.9414 0.0908
vn 0.6420 -0.7184 -0.2680
vn 0.6957 -0.5967 -0.3999
vn 0.7413 -0.5185 -0.4261
vn 0.7878 -0.4178 -0.4526
vn 0.7779 -0.3859 -0.4959
vn 0.7447 -0.3895 -0.5419
vn 0.6962 -0.4252 -0.5784
vn 0.6447 -0.4851 -0.5908
vn 0.6070 -0.5518 -0.5719
vn 0.5947 -0.6060 -0.5282
vn 0.6113 -0.6328 -0.4753
vn -0.0806 -0.8366 0.5418
vn -0.0057 -0.8327 0.5537
vn -0.1314 -0.8514 0.5078
vn -0.0131 -0.9321 0.3618
vn 0.3828 -0.9236 -0.0210
vn 0.6477 -0.6824 -0.3389
vn 0.7276 -0.5489 -0.4115
vn 0.7676 -0.4692 -0.4366
vn 0.7594 -0.4349 -0.4838
vn 0.7321 -0.4300 -0.5283
vn 0.6967 -0.4477 -0.5605
vn 0.6643 -0.4819 -0.5714
vn 0.6458 -0.5231 -0.5562
vn 0.6451 -0.5625 -0.5171
vn 0.6552 -0.5926 -0.4686
vn -0.1133 -0.8246 0.5542
vn -0.0232 -0.8140 0.5804
vn -0.1789 -0.8411 0.5104
vn -0.1921 -0.8742 0.4460
vn 0.0227 -0.9682 0.2492
vn 0.4684 -0.8787 -0.0926
vn 0.7184 -0.6191 -0.3172
vn 0.7566 -0.5296 -0.3835
vn 0.7557 -0.4926 -0.4315
vn 0.7386 -0.4798 -0.4735
vn 0.7166 -0.4836 -0.5026
vn 0.6978 -0.4986 -0.5143
vn 0.6884 -0.5178 -0.5080
vn 0.6889 -0.5371 -0.4868
vn 0.6893 -0.5609 -0.4586
vn -0.1736 0.2246 -0.9589
vn -0.1904 0.2669 -0.9447
vn -0.2137 0.3187 -0.9235
vn -0.2481 0.3727 -0.8942
vn -0.2996 0.4097 -0.8616
vn -0.3585 0.4174 -0.8350
vn -0.4098 0.3904 -0.8244
vn -0.4100 0.3352 -0.8483
vn -0.2915 0.2331 -0.9277
vn -0.0595 0.0575 -0.9966
vn 0.0780 -0.1439 -0.9865
vn 0.1162 -0.2820 -0.9523
vn 0.1257 -0.3107 -0.9422
vn 0.1076 -0.3023 -0.9471
vn 0.1024 -0.2888 -0.9519
vn -0.7486 -0.5377 -0.3878
vn -0.8365 -0.4110 -0.3625
vn -0.8842 -0.4363 -0.1668
vn -0.8163 -0.5570 -0.1529
vn -0.9023 -0.2774 -0.3300
vn -0.9366 -0.2949 -0.1895
vn -0.9375 -0.1571 -0.3104
vn -0.9613 -0.1660 -0.2198
vn -0.9468 0.1954 -0.2558
vn -0.9746 0.0205 -0.2232
vn -0.6711 0.7378 -0.0723
vn -0.8051 0.5626 -0.1882
vn -0.3925 0.9174 0.0648
vn -0.4488 0.8905 -0.0749
vn -0.3572 0.9281 0.1046
vn -0.3837 0.9234 -0.0075
vn -0.3420 0.9295 0.1379
vn -0.3614 0.9321 0.0233
vn -0.3473 0.9244 0.1578
vn -0.3554 0.9337 0.0440
vn -0.3602 0.9188 0.1614
vn -0.3563 0.9329 0.0522
vn -0.3715 0.9160 0.1514
vn -0.3565 0.9330 0.0493
vn -0.3775 0.9164 0.1335
vn -0.3522 0.9351 0.0379
vn -0.3806 0.9180 0.1114
vn -0.3409 0.9399 0.0201
vn -0.3717 0.9241 0.0890
vn -0.3142 0.9494 0.0035
vn -0.9242 -0.3799 0.0383
vn -0.8757 -0.4719 0.1028
vn -0.9649 -0.2576 -0.0507
vn -0.9808 -0.1395 -0.1359
vn -0.9777 -0.0227 -0.2087
vn -0.8825 0.3811 -0.2755
vn -0.5584 0.8026 -0.2096
vn -0.4010 0.9085 -0.1177
vn -0.3737 0.9232 -0.0902
vn -0.3584 0.9310 -0.0693
vn -0.3485 0.9355 -0.0578
vn -0.3377 0.9397 -0.0546
vn -0.3211 0.9453 -0.0579
vn -0.2953 0.9533 -0.0638
vn -0.2569 0.9642 -0.0657
vn -0.9507 -0.2560 0.1749
vn -0.9139 -0.2824 0.2917
vn -0.9836 -0.1756 0.0400
vn -0.9930 -0.0838 -0.0828
vn -0.9736 0.0141 -0.2276
vn -0.8431 0.2557 -0.4731
vn -0.5500 0.5886 -0.5925
vn -0.3913 0.7610 -0.5174
vn -0.4074 0.8322 -0.3761
vn -0.3875 0.8892 -0.2433
vn -0.3433 0.9234 -0.1719
vn -0.3155 0.9365 -0.1532
vn -0.2881 0.9461 -0.1481
vn -0.2516 0.9573 -0.1424
vn -0.2049 0.9699 -0.1315
vn -0.9713 -0.1103 0.2105
vn -0.9400 -0.0778 0.3322
vn -0.9951 -0.0734 0.0656
vn -0.9928 -0.0059 -0.1197
vn -0.8728 0.0783 -0.4818
vn -0.5728 0.1547 -0.8050
vn -0.2989 0.2237 -0.9277
vn -0.2681 0.3189 -0.9091
vn -0.3402 0.4430 -0.8294
vn -0.3457 0.6005 -0.7211
vn -0.3153 0.7411 -0.5927
vn -0.3212 0.8418 -0.4338
vn -0.2829 0.9143 -0.2897
vn -0.2091 0.9529 -0.2196
vn -0.1540 0.9676 -0.1999
vn -0.9852 0.0222 0.1702
vn -0.9588 0.0820 0.2719
vn -0.9992 0.0354 -0.0198
vn -0.8844 0.0839 -0.4591
vn -0.5392 0.0988 -0.8364
vn -0.2154 0.0786 -0.9734
vn -0.1532 0.0589 -0.9864
vn -0.1829 0.0567 -0.9815
vn -0.2112 0.0762 -0.9745
vn -0.2217 0.1477 -0.9639
vn -0.2411 0.2967 -0.9240
vn -0.2851 0.4855 -0.8264
vn -0.2377 0.6946 -0.6790
vn -0.1778 0.8492 -0.4972
vn -0.1247 0.9355 -0.3306
vn -0.9901 0.1387 0.0192
vn -0.9678 0.1872 0.1680
vn -0.8770 0.1491 -0.4567
vn -0.4894 0.1183 -0.8640
vn -0.1217 0.0622 -0.9906
vn -0.0583 0.0121 -0.9982
vn -0.0986 -0.0241 -0.9948
vn -0.1520 -0.0357 -0.9877
vn -0.2005 -0.0181 -0.9795
vn -0.2324 0.0258 -0.9723
vn -0.2428 0.0892 -0.9660
vn -0.2296 0.1692 -0.9585
vn -0.1848 0.3087 -0.9330
vn -0.1514 0.5248 -0.8377
vn -0.0704 0.7484 -0.6595
vn -0.8271 0.2486 -0.5041
vn -0.9655 0.2561 -0.0462
vn -0.4202 0.1816 -0.8891
vn -0.0403 0.0997 -0.9942
vn 0.0399 0.0301 -0.9988
vn 0.0129 -0.0436 -0.9990
vn -0.0542 -0.1025 -0.9933
vn -0.1374 -0.1243 -0.9827
vn -0.2083 -0.1044 -0.9725
vn -0.2521 -0.0533 -0.9662
vn -0.2661 0.0167 -0.9638
vn -0.2522 0.0969 -0.9628
vn -0.2124 0.1823 -0.9600
vn -0.1461 0.2757 -0.9501
vn -0.0448 0.4241 -0.9045
vn -0.3364 0.2409 -0.9104
vn -0.7443 0.2884 -0.6024
vn -0.0061 0.1732 -0.9849
vn 0.0962 0.1199 -0.9881
vn 0.1142 0.0357 -0.9928
vn 0.0724 -0.0716 -0.9948
vn -0.0303 -0.1646 -0.9859
vn -0.1524 -0.1996 -0.9680
vn -0.2459 -0.1732 -0.9537
vn -0.2959 -0.1109 -0.9488
vn -0.3067 -0.0335 -0.9512
vn -0.2856 0.0491 -0.9571
vn -0.2377 0.1332 -0.9622
vn -0.1653 0.2171 -0.9620
vn -0.0686 0.2997 -0.9516
vn -0.0246 0.2307 -0.9727
vn -0.2744 0.2296 -0.9338
vn 0.0810 0.2292 -0.9700
vn 0.1439 0.1894 -0.9713
vn 0.1634 0.1002 -0.9815
vn 0.1023 -0.0377 -0.9940
vn -0.0516 -0.1770 -0.9829
vn -0.2195 -0.2345 -0.9470
vn -0.3254 -0.2040 -0.9233
vn -0.3667 -0.1340 -0.9206
vn -0.3626 -0.0545 -0.9304
vn -0.3272 0.0252 -0.9446
vn -0.2676 0.1038 -0.9579
vn -0.1862 0.1811 -0.9657
vn -0.0829 0.2568 -0.9629
vn 0.0116 0.2817 -0.9594
vn -0.0835 0.2289 -0.9699
vn 0.0907 0.3065 -0.9475
vn 0.1464 0.2985 -0.9431
vn 0.1531 0.2407 -0.9584
vn 0.0533 0.1107 -0.9924
vn -0.1631 -0.0631 -0.9846
vn -0.3590 -0.1689 -0.9179
vn -0.4462 -0.1620 -0.8802
vn -0.4550 -0.1061 -0.8842
vn -0.4226 -0.0410 -0.9054
vn -0.3669 0.0248 -0.9299
vn -0.2938 0.0909 -0.9515
vn -0.2038 0.1577 -0.9662
vn -0.0952 0.2241 -0.9699
vn 0.0005 0.3267 -0.9451
vn -0.0789 0.2563 -0.9634
vn 0.0577 0.3810 -0.9228
vn 0.0836 0.4195 -0.9039
vn 0.0501 0.4258 -0.9034
vn -0.0987 0.3533 -0.9303
vn -0.3440 0.1863 -0.9203
vn -0.5233 0.0283 -0.8517
vn -0.5656 -0.0293 -0.8242
vn -0.5318 -0.0218 -0.8466
vn -0.4691 0.0077 -0.8831
vn -0.3938 0.0467 -0.9180
vn -0.3089 0.0923 -0.9466
vn -0.2127 0.1434 -0.9665
vn -0.1018 0.1980 -0.9749
vn -0.0359 0.3504 -0.9359
vn -0.0891 0.2699 -0.9587
vn -0.0131 0.4284 -0.9035
vn -0.0276 0.5006 -0.8652
vn -0.0999 0.5489 -0.8299
vn -0.2558 0.5292 -0.8090
vn -0.4651 0.4023 -0.7886
vn -0.5997 0.2392 -0.7636
vn -0.6150 0.1345 -0.7769
vn -0.5621 0.0902 -0.8221
vn -0.4845 0.0776 -0.8714
vn -0.3980 0.0841 -0.9135
vn -0.3059 0.1042 -0.9463
vn -0.2080 0.1350 -0.9688
vn -0.1011 0.1754 -0.9793
vn -0.0918 0.3459 -0.9338
vn -0.1103 0.2677 -0.9572
vn -0.1006 0.4335 -0.8955
vn -0.1396 0.5142 -0.8463
vn -0.2203 0.5672 -0.7936
vn -0.3452 0.5648 -0.7495
vn -0.4882 0.4833 -0.7267
vn -0.5803 0.3576 -0.7317
vn -0.5881 0.2527 -0.7683
vn -0.5374 0.1847 -0.8229
vn -0.4612 0.1433 -0.8757
vn -0.3567 0.1180 -0.9267
vn -0.2333 0.0789 -0.9692
vn -0.1302 0.0427 -0.9906
vn -0.0408 0.0412 -0.9983
vn -0.1540 0.3210 -0.9345
vn -0.1455 0.2605 -0.9544
vn -0.1764 0.3970 -0.9007
vn -0.2181 0.4686 -0.8561
vn -0.2871 0.5145 -0.8080
vn -0.3756 0.5185 -0.7682
vn -0.4644 0.4702 -0.7505
vn -0.5191 0.3861 -0.7626
vn -0.5102 0.3009 -0.8057
vn -0.4147 0.2074 -0.8860
vn -0.2577 0.0383 -0.9655
vn -0.1031 -0.1014 -0.9895
vn -0.0064 -0.1540 -0.9881
vn 0.0357 -0.1878 -0.9816
vn 0.0669 -0.1931 -0.9789
vn 0.8175 0.0520 -0.5736
vn 0.6961 0.1523 -0.7016
vn 0.7604 0.5032 -0.4107
vn 0.8403 0.4202 -0.3426
vn 0.5463 0.1287 -0.8276
vn 0.6643 0.5034 -0.5525
vn 0.4680 0.0875 -0.8794
vn 0.5577 0.4561 -0.6935
vn 0.4066 0.0973 -0.9084
vn 0.4596 0.3896 -0.7981
vn 0.3637 0.1242 -0.9232
vn 0.3523 0.3658 -0.8615
vn 0.2043 0.2085 -0.9565
vn 0.0351 0.4408 -0.8969
vn -0.1529 0.3266 -0.9327
vn -0.3110 0.4761 -0.8226
vn -0.4333 0.3581 -0.8270
vn -0.4619 0.4547 -0.7615
vn -0.5361 0.3278 -0.7779
vn -0.5383 0.4024 -0.7405
vn -0.6028 0.2780 -0.7479
vn -0.6053 0.3460 -0.7168
vn -0.6629 0.2249 -0.7141
vn -0.6665 0.2849 -0.6889
vn -0.7164 0.1710 -0.6764
vn -0.7228 0.2200 -0.6551
vn -0.7680 0.1145 -0.6301
vn -0.7770 0.1496 -0.6114
vn -0.8233 0.0384 -0.5663
vn -0.8282 0.0630 -0.5568
vn 0.7424 0.6444 -0.1830
vn 0.7999 0.5888 -0.1162
vn 0.6752 0.6915 -0.2569
vn 0.5952 0.7173 -0.3623
vn 0.5223 0.6943 -0.4951
vn 0.3256 0.7073 -0.6275
vn -0.0984 0.7249 -0.6817
vn -0.4012 0.6714 -0.6231
vn -0.4785 0.6380 -0.6033
vn -0.5317 0.5731 -0.6236
vn -0.5918 0.4661 -0.6577
vn -0.6650 0.3515 -0.6590
vn -0.7271 0.2634 -0.6340
vn -0.7814 0.1774 -0.5983
vn -0.8276 0.0796 -0.5556
vn 0.7529 0.6473 -0.1188
vn 0.8110 0.5828 -0.0503
vn 0.6862 0.7039 -0.1832
vn 0.6149 0.7506 -0.2420
vn 0.5402 0.7884 -0.2943
vn 0.3030 0.8726 -0.3830
vn -0.1678 0.8819 -0.4405
vn -0.4456 0.8021 -0.3975
vn -0.4793 0.7927 -0.3768
vn -0.4922 0.7713 -0.4035
vn -0.5399 0.6935 -0.4771
vn -0.6342 0.5296 -0.5633
vn -0.7199 0.3431 -0.6034
vn -0.7822 0.2104 -0.5864
vn -0.8267 0.1042 -0.5529
vn 0.7653 0.6410 -0.0586
vn 0.8247 0.5655 0.0126
vn 0.6964 0.7070 -0.1230
vn 0.6222 0.7618 -0.1801
vn 0.5447 0.8065 -0.2300
vn 0.3054 0.9001 -0.3108
vn -0.1908 0.9100 -0.3681
vn -0.4736 0.8120 -0.3413
vn -0.4867 0.8142 -0.3167
vn -0.4705 0.8306 -0.2979
vn -0.4597 0.8288 -0.3190
vn -0.5169 0.7387 -0.4325
vn -0.6651 0.5021 -0.5527
vn -0.7795 0.2634 -0.5684
vn -0.8260 0.1382 -0.5465
vn 0.7792 0.6268 -0.0028
vn 0.8397 0.5384 0.0705
vn 0.7078 0.7032 -0.0673
vn 0.6308 0.7661 -0.1230
vn 0.5505 0.8171 -0.1709
vn 0.3328 0.9059 -0.2619
vn -0.1755 0.9151 -0.3629
vn -0.4878 0.7940 -0.3628
vn -0.4999 0.7917 -0.3512
vn -0.4807 0.8065 -0.3440
vn -0.4297 0.8358 -0.3418
vn -0.3912 0.8380 -0.3805
vn -0.5551 0.6764 -0.4841
vn -0.7578 0.3670 -0.5394
vn -0.8251 0.1806 -0.5354
vn 0.7929 0.6073 0.0504
vn 0.8542 0.5050 0.1242
vn 0.7194 0.6944 -0.0139
vn 0.6400 0.7653 -0.0687
vn 0.5573 0.8223 -0.1153
vn 0.3978 0.8929 -0.2108
vn -0.1112 0.9244 -0.3649
vn -0.4870 0.7789 -0.3950
vn -0.4976 0.7704 -0.3985
vn -0.4767 0.7801 -0.4052
vn -0.4229 0.8067 -0.4127
vn -0.3467 0.8402 -0.4170
vn -0.4359 0.7684 -0.4685
vn -0.6948 0.4901 -0.5264
vn -0.8256 0.2317 -0.5145
vn 0.8053 0.5847 0.0981
vn 0.8672 0.4688 0.1677
vn 0.7304 0.6821 0.0362
vn 0.6492 0.7604 -0.0170
vn 0.5648 0.8228 -0.0623
vn 0.4591 0.8787 -0.1306
vn -0.0141 0.9536 -0.3006
vn -0.4536 0.7951 -0.4025
vn -0.4804 0.7572 -0.4425
vn -0.4589 0.7595 -0.4610
vn -0.4073 0.7791 -0.4765
vn -0.3366 0.8087 -0.4824
vn -0.3587 0.7877 -0.5009
vn -0.6362 0.5729 -0.5167
vn -0.8304 0.2912 -0.4751
vn 0.8168 0.5621 0.1299
vn 0.8802 0.4357 0.1881
vn 0.7405 0.6678 0.0757
vn 0.6581 0.7525 0.0276
vn 0.5725 0.8198 -0.0141
vn 0.4839 0.8736 -0.0518
vn 0.1164 0.9719 -0.2046
vn -0.3453 0.8533 -0.3907
vn -0.4541 0.7571 -0.4698
vn -0.4342 0.7527 -0.4948
vn -0.3900 0.7642 -0.5137
vn -0.3321 0.7873 -0.5195
vn -0.3475 0.7868 -0.5100
vn -0.6266 0.6154 -0.4782
vn -0.8368 0.3519 -0.4195
vn 0.8260 0.5453 0.1428
vn 0.8912 0.4142 0.1851
vn 0.7485 0.6554 0.1011
vn 0.6653 0.7440 0.0627
vn 0.5792 0.8147 0.0285
vn 0.4909 0.8712 -0.0017
vn 0.2736 0.9536 -0.1253
vn -0.1618 0.9248 -0.3442
vn -0.4167 0.7822 -0.4632
vn -0.4109 0.7619 -0.5007
vn -0.3779 0.7666 -0.5192
vn -0.3366 0.7828 -0.5234
vn -0.3915 0.7758 -0.4949
vn -0.6561 0.6250 -0.4230
vn -0.8405 0.4057 -0.3592
vn 0.8300 0.5384 0.1456
vn 0.8963 0.4091 0.1710
vn 0.7521 0.6483 0.1181
vn 0.6690 0.7376 0.0920
vn 0.5832 0.8095 0.0679
vn 0.4951 0.8677 0.0458
vn 0.3770 0.9261 -0.0113
vn 0.0365 0.9798 -0.1967
vn -0.3237 0.8573 -0.4002
vn -0.3936 0.7844 -0.4794
vn -0.3737 0.7835 -0.4964
vn -0.3701 0.7921 -0.4854
vn -0.5260 0.7573 -0.3870
vn -0.7706 0.6058 -0.1977
vn -0.8961 0.4422 -0.0371
vn 0.8279 0.5416 0.1456
vn 0.8944 0.4194 0.1553
vn 0.7505 0.6473 0.1332
vn 0.6683 0.7341 0.1205
vn 0.5838 0.8047 0.1079
vn 0.4966 0.8627 0.0955
vn 0.4043 0.9108 0.0839
vn 0.2091 0.9779 -0.0086
vn -0.1326 0.9658 -0.2226
vn -0.3833 0.8414 -0.3809
vn -0.4701 0.8113 -0.3477
vn -0.5609 0.8082 -0.1792
vn -0.7216 0.6915 0.0349
vn -0.8463 0.4754 0.2405
vn -0.8555 0.3371 0.3930
vn 0.8200 0.5532 0.1469
vn 0.8869 0.4395 0.1423
vn 0.7434 0.6515 0.1511
vn 0.6634 0.7325 0.1530
vn 0.5810 0.7995 0.1525
vn 0.4954 0.8556 0.1503
vn 0.4034 0.9031 0.1475
vn 0.2882 0.9488 0.1292
vn -0.0092 0.9971 0.0751
vn -0.4319 0.9008 0.0442
vn -0.6611 0.7424 0.1081
vn -0.7258 0.6221 0.2936
vn -0.7711 0.4588 0.4415
vn -0.8063 0.3215 0.4965
vn -0.8203 0.2182 0.5287
vn 0.8065 0.5712 0.1525
vn 0.8762 0.4639 0.1305
vn 0.7319 0.6583 0.1760
vn 0.6556 0.7301 0.1929
vn 0.5758 0.7917 0.2043
vn 0.4919 0.8443 0.2125
vn 0.4005 0.8898 0.2189
vn 0.2970 0.9281 0.2246
vn -0.0664 0.9498 0.3056
vn -0.5319 0.7405 0.4107
vn -0.7078 0.5258 0.4717
vn -0.7530 0.4305 0.4977
vn -0.7826 0.3441 0.5187
vn -0.8035 0.2543 0.5383
vn -0.8161 0.1513 0.5578
vn 0.7893 0.5889 0.1738
vn 0.8621 0.4892 0.1321
vn 0.7186 0.6621 0.2126
vn 0.6469 0.7232 0.2417
vn 0.5696 0.7782 0.2645
vn 0.4870 0.8262 0.2832
vn 0.3960 0.8682 0.2991
vn 0.2550 0.8997 0.3542
vn -0.2275 0.8521 0.4713
vn -0.6524 0.5658 0.5042
vn -0.7265 0.4340 0.5327
vn -0.7618 0.3482 0.5463
vn -0.7840 0.2628 0.5624
vn -0.7962 0.1775 0.5784
vn -0.8038 0.0751 0.5901
vn 0.8259 -0.1587 -0.5410
vn 0.7746 -0.1383 -0.6171
vn 0.8247 -0.0812 -0.5598
vn 0.6105 -0.1128 -0.7839
vn 0.4682 -0.0907 -0.8789
vn 0.4430 -0.0747 -0.8934
vn 0.4147 -0.0546 -0.9083
vn 0.3816 -0.0298 -0.9239
vn 0.3208 0.0160 -0.9470
vn 0.0626 0.1352 -0.9888
vn -0.3225 0.2381 -0.9161
vn -0.5316 0.2462 -0.8104
vn -0.5990 0.2050 -0.7741
vn -0.6597 0.1614 -0.7340
vn -0.7124 0.1159 -0.6921
vn -0.7625 0.0650 -0.6437
vn -0.8148 0.0066 -0.5797
vn -0.8554 -0.0444 -0.5161
vn -0.8605 -0.0406 -0.5078
vn -0.8599 -0.0302 -0.5096
vn -0.8573 -0.0175 -0.5146
vn -0.8556 0.0001 -0.5176
vn -0.8548 0.0274 -0.5182
vn -0.8547 0.0654 -0.5150
vn -0.8573 0.1142 -0.5020
vn -0.8659 0.1738 -0.4691
vn -0.8770 0.2380 -0.4175
vn -0.9000 0.2822 -0.3322
vn -0.9457 0.3155 0.0784
vn -0.8344 0.2138 0.5080
vn -0.8141 0.1153 0.5692
vn -0.8057 0.0404 0.5909
vn -0.7927 -0.0296 0.6089
vn -0.7855 -0.0807 0.6136
vn -0.7933 -0.0099 0.6088
vn -0.7937 0.0827 0.6027
vn -0.7893 0.1733 0.5890
vn -0.7728 0.2617 0.5782
vn -0.7412 0.3499 0.5729
vn -0.6948 0.4382 0.5703
vn -0.3999 0.6908 0.6023
vn 0.1259 0.8570 0.4997
vn 0.3903 0.8355 0.3868
vn 0.4813 0.7986 0.3614
vn 0.5634 0.7565 0.3320
vn 0.6397 0.7085 0.2981
vn 0.7089 0.6557 0.2600
vn 0.7764 0.5925 0.2146
vn 0.8450 0.5102 0.1601
vn 0.9126 0.3961 0.1015
vn 0.8974 0.4275 0.1092
vn 0.9229 0.3675 0.1147
vn 0.9332 0.3344 0.1315
vn 0.9410 0.3012 0.1540
vn 0.9413 0.2812 0.1866
vn 0.9331 0.2837 0.2208
vn 0.9187 0.3106 0.2439
vn 0.9039 0.3548 0.2391
vn 0.8918 0.4047 0.2025
vn 0.8796 0.4521 0.1482
vn 0.8664 0.4918 0.0865
vn 0.8541 0.5199 0.0181
vn 0.8675 0.4919 -0.0743
vn 0.8987 0.2560 -0.3561
vn 0.3670 -0.2130 0.9055
vn 0.3561 -0.3616 0.8617
vn 0.5144 -0.3582 0.7792
vn 0.5195 -0.1911 0.8329
vn 0.3500 -0.4508 0.8211
vn 0.4907 -0.4603 0.7398
vn 0.3566 -0.4888 0.7962
vn 0.4696 -0.4982 0.7289
vn 0.3742 -0.4823 0.7921
vn 0.4567 -0.4883 0.7437
vn 0.4758 -0.3048 0.8250
vn 0.4558 -0.3068 0.8356
vn 0.6183 0.1937 0.7617
vn 0.4249 0.1798 0.8872
vn 0.6609 0.4948 0.5643
vn 0.4096 0.4538 0.7914
vn 0.7571 0.4782 0.4452
vn 0.5277 0.4027 0.7479
vn 0.8260 0.4754 0.3029
vn 0.6641 0.4224 0.6168
vn 0.8416 0.4927 0.2214
vn 0.7563 0.5064 0.4143
vn 0.8476 0.4912 0.2004
vn 0.7805 0.5395 0.3160
vn 0.8512 0.4891 0.1905
vn 0.7831 0.5477 0.2947
vn 0.8528 0.4868 0.1890
vn 0.7813 0.5585 0.2787
vn 0.8504 0.4942 0.1804
vn 0.7761 0.5767 0.2551
vn 0.6254 -0.3278 0.7081
vn 0.6227 -0.1680 0.7642
vn 0.5949 -0.4303 0.6789
vn 0.5564 -0.4694 0.6856
vn 0.5218 -0.4617 0.7173
vn 0.5198 -0.2422 0.8192
vn 0.4866 0.2173 0.8461
vn 0.4441 0.4109 0.7962
vn 0.4562 0.3347 0.8246
vn 0.5121 0.3159 0.7988
vn 0.6198 0.4364 0.6522
vn 0.6882 0.5630 0.4575
vn 0.7069 0.5953 0.3820
vn 0.7071 0.6156 0.3481
vn 0.7061 0.6377 0.3079
vn 0.6784 -0.2925 0.6739
vn 0.6755 -0.1576 0.7203
vn 0.6470 -0.3827 0.6595
vn 0.6024 -0.4198 0.6789
vn 0.5416 -0.3977 0.7406
vn 0.4892 -0.1766 0.8541
vn 0.4784 0.2095 0.8528
vn 0.4920 0.3848 0.7809
vn 0.5116 0.3302 0.7933
vn 0.5048 0.2716 0.8194
vn 0.5390 0.3491 0.7666
vn 0.6039 0.5304 0.5950
vn 0.6278 0.6315 0.4550
vn 0.6315 0.6591 0.4084
vn 0.6349 0.6858 0.3558
vn 0.6853 -0.2633 0.6790
vn 0.6844 -0.1608 0.7112
vn 0.6560 -0.3342 0.6767
vn 0.6114 -0.3642 0.7025
vn 0.5390 -0.2795 0.7946
vn 0.4407 -0.1030 0.8917
vn 0.4351 0.1363 0.8900
vn 0.4973 0.3246 0.8046
vn 0.5271 0.3322 0.7822
vn 0.5179 0.2877 0.8056
vn 0.5178 0.3083 0.7980
vn 0.5420 0.5005 0.6750
vn 0.5462 0.6592 0.5168
vn 0.5522 0.6938 0.4622
vn 0.5577 0.7271 0.4003
vn 0.6611 -0.2429 0.7099
vn 0.6629 -0.1738 0.7282
vn 0.6340 -0.2920 0.7161
vn 0.5828 -0.3016 0.7546
vn 0.5068 -0.1524 0.8485
vn 0.4290 -0.0199 0.9031
vn 0.4275 0.0556 0.9023
vn 0.4835 0.2424 0.8411
vn 0.5077 0.3369 0.7930
vn 0.4999 0.3088 0.8091
vn 0.4807 0.3201 0.8163
vn 0.4698 0.5122 0.7190
vn 0.4610 0.6808 0.5692
vn 0.4685 0.7223 0.5087
vn 0.4752 0.7624 0.4392
vn 0.6135 -0.2315 0.7550
vn 0.6187 -0.1932 0.7615
vn 0.5872 -0.2588 0.7669
vn 0.5317 -0.2222 0.8172
vn 0.4573 -0.0650 0.8869
vn 0.4074 0.0241 0.9129
vn 0.3862 0.0364 0.9217
vn 0.3478 0.2249 0.9102
vn 0.3085 0.3708 0.8759
vn 0.2591 0.3645 0.8944
vn 0.1859 0.3886 0.9025
vn 0.1564 0.5458 0.8232
vn 0.2360 0.6792 0.6949
vn 0.3398 0.7335 0.5886
vn 0.3813 0.7923 0.4762
vn 0.5417 -0.2306 0.8084
vn 0.5492 -0.2194 0.8064
vn 0.5169 -0.2373 0.8225
vn 0.4556 -0.1354 0.8798
vn 0.3223 0.0485 0.9454
vn 0.1401 0.1100 0.9840
vn -0.0658 0.1215 0.9904
vn -0.2232 0.2575 0.9401
vn -0.3092 0.3626 0.8792
vn -0.3572 0.3611 0.8614
vn -0.4083 0.3714 0.8339
vn -0.4138 0.4425 0.7956
vn -0.3276 0.5430 0.7732
vn -0.1921 0.6776 0.7099
vn -0.0470 0.7986 0.6000
vn 0.4163 -0.2096 0.8847
vn 0.4445 -0.2784 0.8514
vn 0.2509 -0.1597 0.9547
vn -0.0262 -0.0208 0.9994
vn -0.2509 0.1663 0.9536
vn -0.4472 0.2184 0.8673
vn -0.6075 0.2119 0.7656
vn -0.6935 0.2377 0.6801
vn -0.7196 0.2576 0.6448
vn -0.7230 0.2612 0.6395
vn -0.7190 0.2709 0.6401
vn -0.7084 0.2913 0.6429
vn -0.6931 0.3255 0.6432
vn -0.6609 0.4074 0.6303
vn -0.5656 0.5447 0.6192
vn -0.0889 -0.1212 0.9886
vn 0.0694 -0.3933 0.9168
vn -0.3555 0.0225 0.9344
vn -0.5978 0.1313 0.7909
vn -0.7040 0.2108 0.6782
vn -0.7424 0.2415 0.6249
vn -0.7678 0.2456 0.5918
vn -0.7875 0.2396 0.5678
vn -0.7993 0.2280 0.5561
vn -0.8013 0.2170 0.5575
vn -0.7938 0.2136 0.5695
vn -0.7785 0.2236 0.5865
vn -0.7582 0.2508 0.6018
vn -0.7362 0.2959 0.6086
vn -0.7150 0.3582 0.6004
vn -0.6115 0.0480 0.7898
vn -0.4355 -0.3548 0.8273
vn -0.7017 0.1615 0.6940
vn -0.7404 0.2213 0.6347
vn -0.7729 0.2489 0.5837
vn -0.8051 0.2573 0.5344
vn -0.8346 0.2489 0.4914
vn -0.8578 0.2268 0.4612
vn -0.8709 0.1962 0.4507
vn -0.8710 0.1661 0.4623
vn -0.8587 0.1470 0.4909
vn -0.8370 0.1463 0.5273
vn -0.8103 0.1675 0.5615
vn -0.7834 0.2103 0.5849
vn -0.7597 0.2723 0.5905
vn -0.7262 0.1496 0.6710
vn -0.6662 -0.1497 0.7306
vn -0.7540 0.2154 0.6206
vn -0.7851 0.2602 0.5621
vn -0.8191 0.2829 0.4990
vn -0.8547 0.2833 0.4351
vn -0.8885 0.2616 0.3769
vn -0.9161 0.2190 0.3359
vn -0.9313 0.1617 0.3264
vn -0.9297 0.1056 0.3528
vn -0.9119 0.0676 0.4049
vn -0.8827 0.0566 0.4664
vn -0.8491 0.0740 0.5231
vn -0.8168 0.1171 0.5648
vn -0.7906 0.1815 0.5848
vn -0.7620 0.1972 0.6169
vn -0.7380 0.0232 0.6744
vn -0.7872 0.2606 0.5590
vn -0.8159 0.3049 0.4913
vn -0.8490 0.3270 0.4150
vn -0.8859 0.3232 0.3327
vn -0.9231 0.2898 0.2526
vn -0.9556 0.2218 0.1940
vn -0.9748 0.1260 0.1843
vn -0.9721 0.0336 0.2321
vn -0.9482 -0.0261 0.3165
vn -0.9115 -0.0447 0.4088
vn -0.8717 -0.0273 0.4893
vn -0.8351 0.0182 0.5498
vn -0.8061 0.0871 0.5853
vn -0.7890 0.2417 0.5648
vn -0.7765 0.1137 0.6197
vn -0.8080 0.3038 0.5047
vn -0.8297 0.3532 0.4322
vn -0.8575 0.3819 0.3448
vn -0.8916 0.3819 0.2433
vn -0.9294 0.3430 0.1360
vn -0.9676 0.2472 0.0517
vn -0.9946 0.0963 0.0392
vn -0.9918 -0.0485 0.1182
vn -0.9604 -0.1312 0.2460
vn -0.9166 -0.1501 0.3706
vn -0.8750 -0.1259 0.4675
vn -0.8396 -0.0782 0.5375
vn -0.8101 -0.0104 0.5862
vn -0.8047 0.2764 0.5254
vn -0.7891 0.1821 0.5866
vn -0.8139 0.3406 0.4706
vn -0.8233 0.4023 0.4004
vn -0.8386 0.4471 0.3112
vn -0.8620 0.4653 0.2009
vn -0.8953 0.4392 0.0750
vn -0.9444 0.3277 -0.0283
vn -0.9938 0.1061 -0.0344
vn -0.9887 -0.1218 0.0874
vn -0.9391 -0.2309 0.2545
vn -0.8869 -0.2409 0.3941
vn -0.8510 -0.2003 0.4855
vn -0.8262 -0.1486 0.5434
vn -0.8036 -0.0929 0.5878
vn 0.2482 -0.0941 0.9641
vn 0.2229 -0.2120 0.9515
vn 0.3624 -0.0522 0.9306
vn 0.2177 -0.3199 0.9221
vn 0.2323 -0.4011 0.8861
vn 0.2631 -0.4429 0.8571
vn 0.3536 -0.4260 0.8328
vn 0.6580 -0.1253 0.7426
vn 0.8474 0.2982 0.4394
vn 0.8627 0.4511 0.2284
vn 0.8693 0.4662 0.1643
vn 0.8793 0.4607 0.1207
vn 0.8889 0.4484 0.0938
vn 0.8958 0.4367 0.0825
vn 0.8999 0.4281 0.0834
vn 0.9028 0.4206 0.0899
vn 0.9039 0.4161 0.0990
vn -0.7813 -0.1286 0.6108
vn -0.7818 -0.1687 0.6003
vn -0.7836 -0.2243 0.5793
vn -0.7972 -0.2747 0.5376
vn -0.8447 -0.2604 0.4677
vn -0.9231 -0.0814 0.3759
vn -0.9336 0.2630 0.2432
vn -0.8449 0.5177 0.1348
vn -0.7900 0.5896 0.1680
vn -0.7839 0.5654 0.2567
vn -0.7898 0.5111 0.3392
vn -0.7978 0.4434 0.4087
vn -0.8043 0.3673 0.4672
vn -0.8065 0.2961 0.5118
vn -0.8287 0.1601 0.5363
vn -0.8020 -0.3085 0.5114
vn -0.8381 -0.2409 0.4895
vn -0.7787 -0.3438 0.5248
vn -0.6520 -0.4568 0.6051
vn -0.4408 -0.6337 0.6357
vn -0.2551 -0.7441 0.6174
vn 0.0088 -0.6568 0.7540
vn 0.3532 -0.3887 0.8510
vn 0.5384 -0.2179 0.8140
vn 0.6014 -0.1645 0.7819
vn 0.6372 -0.1138 0.7623
vn 0.6491 -0.0676 0.7577
vn 0.6316 -0.0325 0.7746
vn 0.5753 -0.0172 0.8178
vn 0.4802 -0.0242 0.8768
vn -0.8665 -0.1133 0.4862
vn -0.8236 0.2525 0.5079
vn -0.8409 0.0799 0.5352
vn -0.7784 -0.4137 0.4722
vn -0.7914 0.3727 0.4845
vn -0.7923 0.3477 0.5014
vn -0.7680 0.4575 0.4483
vn -0.7558 0.4350 0.4895
vn -0.7312 0.5399 0.4171
vn -0.7018 0.5157 0.4914
vn -0.6792 0.6178 0.3963
vn -0.6255 0.5862 0.5148
vn -0.6147 0.6784 0.4023
vn -0.5258 0.6308 0.5707
vn -0.5788 0.6538 0.4875
vn -0.4225 0.6018 0.6777
vn -0.6171 0.4226 0.6638
vn -0.3665 0.4361 0.8219
vn -0.6194 0.0704 0.7819
vn -0.3962 0.1830 0.8997
vn -0.6175 -0.1473 0.7727
vn -0.4823 -0.0038 0.8760
vn -0.6534 -0.2041 0.7290
vn -0.5752 -0.0904 0.8130
vn -0.6940 -0.1821 0.6965
vn -0.6519 -0.1064 0.7508
vn -0.7268 -0.1408 0.6723
vn -0.7122 -0.0859 0.6967
vn -0.7592 -0.1012 0.6429
vn -0.7646 -0.0419 0.6431
vn -0.8176 -0.2396 0.5236
vn -0.6542 -0.6173 0.4369
vn -0.8280 0.2472 0.5034
vn -0.7668 0.3835 0.5147
vn -0.7112 0.4559 0.5351
vn -0.6376 0.5116 0.5760
vn -0.5486 0.5378 0.6402
vn -0.4609 0.5071 0.7283
vn -0.4121 0.3943 0.8214
vn -0.4321 0.2323 0.8714
vn -0.5030 0.0922 0.8593
vn -0.5880 0.0072 0.8088
vn -0.6661 -0.0241 0.7455
vn -0.7315 -0.0134 0.6817
vn -0.7827 0.0336 0.6214
vn -0.7061 -0.4839 0.5169
vn -0.6079 -0.6604 0.4408
vn -0.8369 0.0262 0.5468
vn -0.7929 0.3153 0.5215
vn -0.7446 0.3801 0.5487
vn -0.6845 0.4252 0.5921
vn -0.6174 0.4429 0.6502
vn -0.5562 0.4201 0.7170
vn -0.5232 0.3488 0.7776
vn -0.5335 0.2471 0.8089
vn -0.5795 0.1502 0.8010
vn -0.6418 0.0830 0.7623
vn -0.7050 0.0546 0.7072
vn -0.7599 0.0645 0.6468
vn -0.8027 0.1140 0.5853
vn -0.5933 -0.6028 0.5335
vn -0.5997 -0.6288 0.4949
vn -0.8089 -0.2330 0.5399
vn -0.8520 0.1967 0.4852
vn -0.7930 0.2898 0.5359
vn -0.7430 0.3404 0.5763
vn -0.6958 0.3569 0.6233
vn -0.6551 0.3453 0.6720
vn -0.6329 0.3040 0.7121
vn -0.6368 0.2433 0.7316
vn -0.6715 0.1939 0.7152
vn -0.7430 0.1615 0.6495
vn -0.8357 0.1308 0.5333
vn -0.9150 0.1288 0.3825
vn -0.9577 0.1817 0.2231
vn -0.6277 -0.6206 0.4699
vn -0.5976 -0.5962 0.5362
vn -0.8816 -0.3893 0.2668
vn -0.9925 -0.0452 0.1139
vn -0.9877 0.0777 0.1360
vn -0.9717 0.1638 0.1700
vn -0.9572 0.1958 0.2132
vn -0.9493 0.1982 0.2442
vn -0.9532 0.1702 0.2501
vn -0.9673 0.1202 0.2233
vn -0.9820 0.1093 0.1540
vn -0.9909 0.1171 0.0666
vn -0.9934 0.1080 -0.0374
vn -0.9807 0.1222 -0.1523
vn -0.9501 0.1756 -0.2577
vn -0.7634 -0.6025 0.2330
vn -0.5983 -0.7227 0.3461
vn -0.9361 -0.3451 -0.0684
vn -0.9507 -0.1686 -0.2604
vn -0.9467 -0.0895 -0.3093
vn -0.9458 -0.0300 -0.3233
vn -0.9449 -0.0001 -0.3272
vn -0.9403 0.0061 -0.3403
vn -0.9302 -0.0096 -0.3670
vn -0.9131 -0.0380 -0.4060
vn -0.8958 -0.0414 -0.4425
vn -0.8914 -0.0194 -0.4529
vn -0.8970 0.0110 -0.4419
vn -0.9011 0.0620 -0.4292
vn -0.8971 0.1372 -0.4199
vn -0.7455 -0.6470 -0.1600
vn -0.4613 -0.8790 -0.1205
vn -0.9183 -0.2779 -0.2819
vn -0.9313 -0.1463 -0.3335
vn -0.9215 -0.0881 -0.3781
vn -0.9067 -0.0473 -0.4192
vn -0.8898 -0.0243 -0.4556
vn -0.8740 -0.0185 -0.4856
vn -0.8618 -0.0272 -0.5065
vn -0.8553 -0.0435 -0.5162
vn -0.8555 -0.0574 -0.5145
vn -0.8616 -0.0588 -0.5042
vn -0.8709 -0.0400 -0.4898
vn -0.8792 0.0032 -0.4764
vn -0.8805 0.0737 -0.4683
vn -0.5577 -0.7287 -0.3974
vn -0.2602 -0.8837 -0.3891
vn -0.8490 -0.3594 -0.3872
vn -0.9152 -0.1278 -0.3822
vn -0.9044 -0.0669 -0.4213
vn -0.8883 -0.0241 -0.4587
vn -0.8697 -0.0009 -0.4936
vn -0.8518 0.0016 -0.5239
vn -0.8381 -0.0154 -0.5453
vn -0.8314 -0.0448 -0.5538
vn -0.8328 -0.0738 -0.5487
vn -0.8409 -0.0892 -0.5338
vn -0.8527 -0.0816 -0.5160
vn -0.8637 -0.0468 -0.5018
vn -0.8681 0.0175 -0.4960
vn -0.3506 -0.8437 -0.4066
vn -0.1493 -0.8904 -0.4301
vn -0.7470 -0.5048 -0.4326
vn -0.8944 -0.1270 -0.4289
vn -0.8918 -0.0455 -0.4502
vn -0.8760 0.0012 -0.4823
vn -0.8574 0.0274 -0.5139
vn -0.8395 0.0296 -0.5426
vn -0.8264 0.0061 -0.5630
vn -0.8215 -0.0360 -0.5690
vn -0.8250 -0.0805 -0.5594
vn -0.8346 -0.1099 -0.5398
vn -0.8473 -0.1130 -0.5190
vn -0.8589 -0.0857 -0.5050
vn -0.8640 -0.0270 -0.5027
vn -0.1622 -0.8972 -0.4107
vn -0.0407 -0.8942 -0.4458
vn -0.5848 -0.6487 -0.4870
vn -0.8496 -0.1987 -0.4886
vn -0.8833 -0.0277 -0.4680
vn -0.8704 0.0241 -0.4918
vn -0.8547 0.0562 -0.5160
vn -0.8399 0.0615 -0.5392
vn -0.8309 0.0340 -0.5554
vn -0.8298 -0.0190 -0.5577
vn -0.8348 -0.0775 -0.5450
vn -0.8431 -0.1201 -0.5241
vn -0.8529 -0.1333 -0.5048
vn -0.8615 -0.1131 -0.4950
vn -0.8647 -0.0599 -0.4988
vn -0.0344 -0.9107 -0.4116
vn 0.0696 -0.8966 -0.4374
vn -0.3670 -0.7998 -0.4751
vn -0.7808 -0.3593 -0.5111
vn -0.8782 -0.0182 -0.4779
vn -0.8707 0.0389 -0.4902
vn -0.8610 0.0783 -0.5026
vn -0.8526 0.0896 -0.5149
vn -0.8505 0.0622 -0.5223
vn -0.8546 0.0032 -0.5193
vn -0.8599 -0.0641 -0.5064
vn -0.8637 -0.1161 -0.4904
vn -0.8665 -0.1382 -0.4797
vn -0.8687 -0.1262 -0.4791
vn -0.8674 -0.0802 -0.4911
vn 0.0555 -0.9203 -0.3872
vn 0.1695 -0.9012 -0.3989
vn -0.1560 -0.9038 -0.3984
vn -0.6499 -0.5481 -0.5265
vn -0.8559 -0.0625 -0.5133
vn -0.8744 0.0399 -0.4836
vn -0.8723 0.0862 -0.4813
vn -0.8718 0.1050 -0.4785
vn -0.8771 0.0821 -0.4733
vn -0.8856 0.0248 -0.4638
vn -0.8904 -0.0425 -0.4533
vn -0.8888 -0.0972 -0.4479
vn -0.8832 -0.1250 -0.4521
vn -0.8767 -0.1226 -0.4651
vn -0.8702 -0.0883 -0.4848
vn 0.1263 -0.9293 -0.3472
vn 0.2503 -0.9087 -0.3340
vn -0.0043 -0.9340 -0.3572
vn -0.4423 -0.7292 -0.5221
vn -0.8058 -0.2220 -0.5490
vn -0.8763 0.0241 -0.4812
vn -0.8823 0.0751 -0.4646
vn -0.8889 0.1014 -0.4467
vn -0.8993 0.0870 -0.4286
vn -0.9098 0.0389 -0.4131
vn -0.9136 -0.0195 -0.4062
vn -0.9086 -0.0687 -0.4120
vn -0.8969 -0.0964 -0.4316
vn -0.8825 -0.1022 -0.4590
vn -0.8712 -0.0865 -0.4833
vn 0.1858 -0.9360 -0.2990
vn 0.3288 -0.9064 -0.2650
vn 0.0690 -0.9465 -0.3151
vn -0.2232 -0.8915 -0.3942
vn -0.7110 -0.4610 -0.5311
vn -0.8633 -0.0227 -0.5042
vn -0.8827 0.0449 -0.4678
vn -0.8950 0.0781 -0.4392
vn -0.9079 0.0752 -0.4123
vn -0.9184 0.0415 -0.3936
vn -0.9210 -0.0026 -0.3895
vn -0.9148 -0.0408 -0.4019
vn -0.9017 -0.0629 -0.4277
vn -0.8860 -0.0721 -0.4580
vn -0.8739 -0.0743 -0.4804
vn -0.7598 -0.5344 0.3702
vn -0.8670 -0.0561 -0.4951
vn -0.8773 -0.0494 -0.4774
vn -0.8889 -0.0387 -0.4564
vn -0.8999 -0.0231 -0.4354
vn -0.9058 0.0025 -0.4238
vn -0.9035 0.0307 -0.4275
vn -0.8933 0.0485 -0.4468
vn -0.8786 0.0388 -0.4760
vn -0.8619 -0.0005 -0.5071
vn -0.8027 -0.1617 -0.5740
vn -0.5249 -0.6761 -0.5170
vn -0.0695 -0.9579 -0.2786
vn 0.0939 -0.9652 -0.2440
vn 0.2288 -0.9490 -0.2170
vn 0.3718 -0.9126 -0.1700
vn 0.4571 -0.8483 -0.2673
vn 0.4717 -0.8704 -0.1412
vn 0.3709 -0.8551 -0.3623
vn 0.2582 -0.8567 -0.4466
vn 0.1394 -0.8598 -0.4912
vn 0.0209 -0.8683 -0.4956
vn -0.0895 -0.8769 -0.4722
vn -0.1893 -0.8849 -0.4256
vn -0.3746 -0.8955 -0.2402
vn -0.6088 -0.7527 0.2506
vn -0.6483 -0.5523 0.5241
vn -0.6578 -0.5814 0.4788
vn -0.6655 -0.6149 0.4231
vn -0.6692 -0.6438 0.3711
vn -0.6859 -0.6382 0.3497
vn 0.4758 -0.8155 -0.3295
vn 0.3431 -0.8384 -0.4236
vn 0.2973 -0.6727 -0.6775
vn 0.4071 -0.7696 -0.4919
vn -0.0395 -0.8664 -0.4978
vn 0.0097 -0.5534 -0.8329
vn -0.4944 -0.7331 -0.4670
vn -0.3616 -0.4343 -0.8250
vn -0.7136 -0.5764 -0.3982
vn -0.5689 -0.4280 -0.7023
vn -0.7299 -0.5820 -0.3585
vn -0.6344 -0.5079 -0.5827
vn -0.6876 -0.6407 -0.3416
vn -0.6261 -0.6062 -0.4905
vn -0.6084 -0.7167 -0.3408
vn -0.5657 -0.7043 -0.4289
vn -0.4897 -0.7925 -0.3635
vn -0.4562 -0.8054 -0.3785
vn -0.1470 -0.8485 -0.5084
vn -0.1707 -0.9335 -0.3153
vn 0.2679 -0.6967 -0.6655
vn 0.1540 -0.9420 -0.2984
vn 0.4339 -0.4822 -0.7611
vn 0.3445 -0.8421 -0.4149
vn 0.4646 -0.4071 -0.7864
vn 0.4579 -0.6632 -0.5920
vn 0.4654 -0.3958 -0.7917
vn 0.5048 -0.5272 -0.6836
vn 0.4752 -0.3790 -0.7941
vn 0.5403 -0.4626 -0.7029
vn 0.1787 -0.6751 -0.7158
vn 0.2750 -0.7822 -0.5591
vn -0.0350 -0.5476 -0.8360
vn -0.2827 -0.4639 -0.8396
vn -0.4488 -0.4754 -0.7567
vn -0.5252 -0.5470 -0.6519
vn -0.5366 -0.6382 -0.5521
vn -0.4948 -0.7306 -0.4704
vn -0.3406 -0.8639 -0.3711
vn -0.0250 -0.9828 -0.1829
vn 0.1356 -0.9900 -0.0390
vn 0.1703 -0.9820 -0.0815
vn 0.2927 -0.9089 -0.2972
vn 0.4678 -0.7210 -0.5111
vn 0.5830 -0.5381 -0.6087
vn 0.0600 -0.7139 -0.6976
vn 0.1415 -0.7984 -0.5853
vn -0.0886 -0.6259 -0.7749
vn -0.2499 -0.5747 -0.7793
vn -0.3697 -0.5821 -0.7242
vn -0.4340 -0.6328 -0.6412
vn -0.4478 -0.7037 -0.5515
vn -0.4090 -0.7882 -0.4598
vn -0.1410 -0.9322 -0.3334
vn 0.1495 -0.9739 -0.1709
vn 0.1648 -0.9815 -0.0972
vn 0.1091 -0.9897 -0.0931
vn 0.1355 -0.9810 -0.1391
vn 0.3515 -0.8838 -0.3088
vn 0.5796 -0.6556 -0.4841
vn -0.0342 -0.7626 -0.6459
vn 0.0240 -0.8219 -0.5691
vn -0.1311 -0.7085 -0.6935
vn -0.2341 -0.6804 -0.6945
vn -0.3148 -0.6878 -0.6541
vn -0.3605 -0.7241 -0.5880
vn -0.3694 -0.7762 -0.5110
vn -0.2921 -0.8629 -0.4125
vn 0.0326 -0.9564 -0.2903
vn 0.2356 -0.9517 -0.1969
vn 0.1748 -0.9694 -0.1725
vn 0.1232 -0.9805 -0.1534
vn 0.1104 -0.9854 -0.1293
vn 0.2347 -0.9533 -0.1899
vn 0.5187 -0.7764 -0.3580
vn -0.1079 -0.8100 -0.5764
vn -0.0762 -0.8470 -0.5260
vn -0.1647 -0.7800 -0.6038
vn -0.2264 -0.7678 -0.5993
vn -0.2759 -0.7773 -0.5654
vn -0.3033 -0.8046 -0.5105
vn -0.3048 -0.8420 -0.4450
vn -0.1567 -0.9189 -0.3621
vn 0.1419 -0.9531 -0.2673
vn 0.2526 -0.9421 -0.2206
vn 0.1902 -0.9588 -0.2112
vn 0.1489 -0.9713 -0.1856
vn 0.1410 -0.9783 -0.1520
vn 0.1895 -0.9711 -0.1452
vn 0.4708 -0.8492 -0.2390
vn -0.1681 -0.8529 -0.4942
vn -0.1618 -0.8713 -0.4633
vn -0.1935 -0.8400 -0.5070
vn -0.2244 -0.8383 -0.4969
vn -0.2494 -0.8490 -0.4657
vn -0.2608 -0.8698 -0.4189
vn -0.2543 -0.8963 -0.3633
vn -0.0592 -0.9519 -0.3007
vn 0.2021 -0.9494 -0.2406
vn 0.2521 -0.9424 -0.2197
vn 0.2076 -0.9552 -0.2110
vn 0.1797 -0.9661 -0.1853
vn 0.1794 -0.9724 -0.1493
vn 0.2341 -0.9680 -0.0903
vn 0.5111 -0.8586 -0.0396
vn -0.2319 -0.8907 -0.3910
vn -0.2895 -0.8921 -0.3470
vn -0.2232 -0.8898 -0.3981
vn -0.2298 -0.8937 -0.3854
vn -0.2348 -0.9040 -0.3574
vn -0.2319 -0.9194 -0.3178
vn -0.2170 -0.9377 -0.2712
vn -0.0101 -0.9749 -0.2224
vn 0.2253 -0.9557 -0.1896
vn 0.2524 -0.9499 -0.1846
vn 0.2254 -0.9581 -0.1768
vn 0.2439 -0.9617 -0.1254
vn 0.3094 -0.9502 0.0370
vn 0.4025 -0.8672 0.2933
vn 0.5724 -0.6816 0.4558
vn -0.4576 -0.8888 -0.0243
vn -0.5626 -0.8171 0.1259
vn -0.3445 -0.9282 -0.1403
vn -0.2560 -0.9580 -0.1295
vn -0.2453 -0.9687 -0.0379
vn -0.2582 -0.9646 0.0541
vn -0.2509 -0.9614 0.1133
vn -0.0773 -0.9909 0.1101
vn 0.1654 -0.9861 0.0136
vn 0.2938 -0.9559 -0.0070
vn 0.3413 -0.9298 0.1378
vn 0.4010 -0.8450 0.3539
vn 0.4724 -0.6845 0.5552
vn 0.4801 -0.4896 0.7279
vn 0.4938 -0.3469 0.7974
vn -0.6657 -0.6471 0.3717
vn -0.6737 -0.5596 0.4827
vn -0.5052 -0.8041 0.3135
vn -0.2752 -0.8866 0.3716
vn -0.2303 -0.8602 0.4550
vn -0.2641 -0.8190 0.5094
vn -0.2796 -0.8009 0.5295
vn -0.2253 -0.8389 0.4955
vn 0.0515 -0.8820 0.4684
vn 0.3711 -0.7775 0.5077
vn 0.4666 -0.6012 0.6487
vn 0.4546 -0.4274 0.7814
vn 0.4660 -0.3008 0.8321
vn 0.4664 -0.2509 0.8482
vn 0.4581 -0.2370 0.8567
vn -0.7321 -0.5250 0.4341
vn -0.7095 -0.5392 0.4537
vn -0.5380 -0.6558 0.5296
vn -0.2391 -0.7476 0.6196
vn -0.2028 -0.7460 0.6344
vn -0.2539 -0.7415 0.6210
vn -0.2880 -0.7432 0.6039
vn -0.2695 -0.7353 0.6219
vn 0.0539 -0.6507 0.7574
vn 0.4153 -0.4097 0.8122
vn 0.4764 -0.2858 0.8315
vn 0.4770 -0.2316 0.8479
vn 0.4656 -0.1908 0.8642
vn 0.4450 -0.1684 0.8795
vn 0.4199 -0.1678 0.8919
vn -0.7374 -0.5509 0.3910
vn -0.7158 -0.5709 0.4021
vn -0.5163 -0.6938 0.5021
vn -0.2100 -0.7826 0.5860
vn -0.1998 -0.7805 0.5924
vn -0.2545 -0.7740 0.5797
vn -0.2926 -0.7695 0.5676
vn -0.1672 -0.7253 0.6678
vn 0.2258 -0.5215 0.8228
vn 0.4826 -0.2779 0.8306
vn 0.4962 -0.1973 0.8455
vn 0.4875 -0.1414 0.8616
vn 0.4640 -0.1032 0.8798
vn 0.4285 -0.0895 0.8991
vn 0.3861 -0.1040 0.9166
vn -0.7311 -0.5834 0.3538
vn -0.7134 -0.6039 0.3555
vn -0.4984 -0.7268 0.4726
vn -0.1975 -0.8126 0.5483
vn -0.1952 -0.8153 0.5452
vn -0.2467 -0.8083 0.5346
vn -0.2536 -0.7808 0.5710
vn 0.0365 -0.6577 0.7524
vn 0.4194 -0.3599 0.8334
vn 0.5195 -0.1867 0.8338
vn 0.5222 -0.1163 0.8449
vn 0.5051 -0.0590 0.8611
vn 0.4692 -0.0247 0.8827
vn 0.4184 -0.0220 0.9080
vn 0.3598 -0.0539 0.9315
vn -0.7154 -0.6154 0.3309
vn -0.7044 -0.6325 0.3222
vn -0.4948 -0.7431 0.4505
vn -0.2096 -0.8278 0.5203
vn -0.1917 -0.8379 0.5110
vn -0.2334 -0.8310 0.5050
vn -0.0946 -0.7647 0.6374
vn 0.2908 -0.5029 0.8139
vn 0.5235 -0.2255 0.8217
vn 0.5560 -0.1257 0.8216
vn 0.5561 -0.0541 0.8293
vn 0.5328 0.0032 0.8463
vn 0.4848 0.0333 0.8740
vn 0.4164 0.0255 0.9088
vn 0.3401 -0.0186 0.9402
vn -0.6938 -0.6405 0.3292
vn -0.6914 -0.6535 0.3080
vn -0.5133 -0.7373 0.4392
vn -0.2508 -0.8227 0.5102
vn -0.1929 -0.8406 0.5062
vn -0.1671 -0.8006 0.5755
vn 0.1428 -0.6205 0.7711
vn 0.4821 -0.3082 0.8201
vn 0.5694 -0.1668 0.8050
vn 0.5969 -0.0961 0.7966
vn 0.5997 -0.0302 0.7997
vn 0.5754 0.0223 0.8176
vn 0.5188 0.0488 0.8535
vn 0.4324 0.0423 0.9007
vn 0.3324 0.0040 0.9431
vn 0.4219 -0.9048 -0.0572
vn 0.2752 -0.9607 0.0371
vn -0.0510 -0.9915 0.1194
vn -0.4557 -0.8791 0.1396
vn -0.6537 -0.7535 0.0699
vn -0.6950 -0.7172 -0.0504
vn -0.6698 -0.7259 -0.1565
vn -0.5985 -0.7642 -0.2404
vn -0.4081 -0.8090 -0.4231
vn 0.0624 -0.6821 -0.7286
vn 0.4021 -0.3810 -0.8326
vn 0.4313 -0.2925 -0.8535
vn 0.4246 -0.2830 -0.8600
vn 0.4171 -0.2801 -0.8646
vn 0.4118 -0.2816 -0.8666
vn 0.4202 -0.2882 -0.8605
vn 0.4911 -0.3516 -0.7970
vn 0.5597 -0.4173 -0.7160
vn 0.6116 -0.4710 -0.6358
vn 0.6548 -0.5137 -0.5544
vn 0.6927 -0.5538 -0.4620
vn 0.7443 -0.5804 -0.3304
vn 0.8413 -0.5400 -0.0261
vn 0.8022 -0.3975 0.4454
vn 0.5847 -0.2776 0.7623
vn 0.4542 -0.2368 0.8588
vn 0.3984 -0.1864 0.8981
vn 0.3463 -0.1429 0.9272
vn 0.3041 -0.1121 0.9460
vn 0.2697 -0.0916 0.9586
vn 0.2420 -0.0781 0.9671
vn 0.4669 -0.3153 -0.8262
vn 0.4287 -0.3058 -0.8501
vn 0.5318 -0.3472 -0.7724
vn 0.5558 -0.3725 -0.7432
vn 0.3854 -0.3085 -0.8696
vn 0.5018 -0.3378 -0.7963
vn 0.3402 -0.3159 -0.8857
vn 0.4735 -0.3363 -0.8140
vn 0.2988 -0.3343 -0.8938
vn 0.4506 -0.3417 -0.8247
vn 0.2728 -0.3612 -0.8917
vn 0.4384 -0.3508 -0.8275
vn 0.2793 -0.3785 -0.8825
vn 0.4700 -0.2985 -0.8307
vn 0.3685 -0.2756 -0.8879
vn 0.5383 -0.0796 -0.8390
vn 0.5358 -0.0876 -0.8398
vn 0.5821 0.0795 -0.8093
vn 0.6886 -0.0045 -0.7251
vn 0.6255 0.0220 -0.7799
vn 0.7555 -0.0635 -0.6521
vn 0.6633 -0.0904 -0.7428
vn 0.7764 -0.1561 -0.6106
vn 0.7039 -0.1662 -0.6905
vn 0.7884 -0.1962 -0.5831
vn 0.7485 -0.1728 -0.6403
vn 0.7972 -0.2016 -0.5691
vn 0.8223 -0.0919 -0.5616
vn 0.8099 -0.1796 -0.5584
vn 0.9022 0.0492 -0.4286
vn 0.6158 -0.3846 -0.6877
vn 0.6210 -0.4221 -0.6604
vn 0.6030 -0.3598 -0.7119
vn 0.5894 -0.3446 -0.7306
vn 0.5791 -0.3359 -0.7428
vn 0.5814 -0.3213 -0.7475
vn 0.6203 -0.1787 -0.7637
vn 0.6334 0.0460 -0.7725
vn 0.6243 0.1233 -0.7714
vn 0.6593 0.0662 -0.7489
vn 0.7462 0.0250 -0.6653
vn 0.8563 0.0192 -0.5161
vn 0.9274 0.1052 -0.3589
vn 0.9408 0.2507 -0.2280
vn 0.9198 0.3757 -0.1130
vn 0.6847 -0.4109 -0.6019
vn 0.6755 -0.4583 -0.5777
vn 0.6862 -0.3734 -0.6243
vn 0.7143 -0.3055 -0.6297
vn 0.7894 -0.2129 -0.5758
vn 0.8820 -0.1099 -0.4583
vn 0.9240 0.0886 -0.3719
vn 0.8948 0.2832 -0.3453
vn 0.8853 0.3293 -0.3284
vn 0.9022 0.3292 -0.2786
vn 0.9300 0.3277 -0.1666
vn 0.9416 0.3364 -0.0140
vn 0.9212 0.3771 0.0958
vn 0.8938 0.4327 0.1174
vn 0.8769 0.4740 0.0792
vn 0.7815 -0.3847 -0.4913
vn 0.7245 -0.4841 -0.4907
vn 0.8670 -0.2692 -0.4193
vn 0.9452 -0.1064 -0.3087
vn 0.9785 0.0871 -0.1870
vn 0.9728 0.2310 -0.0167
vn 0.9263 0.3607 0.1087
vn 0.8846 0.4388 0.1580
vn 0.8656 0.4627 0.1915
vn 0.8552 0.4674 0.2240
vn 0.8538 0.4578 0.2477
vn 0.8607 0.4406 0.2551
vn 0.8724 0.4250 0.2417
vn 0.8828 0.4216 0.2070
vn 0.8842 0.4410 0.1539
vn 0.9531 -0.2348 -0.1911
vn 0.8563 -0.4256 -0.2926
vn 0.9972 -0.0168 -0.0724
vn 0.9862 0.1572 0.0523
vn 0.9479 0.2993 0.1088
vn 0.9131 0.3857 0.1325
vn 0.8806 0.4468 0.1581
vn 0.8513 0.4886 0.1911
vn 0.8301 0.5074 0.2312
vn 0.8205 0.5017 0.2739
vn 0.8240 0.4747 0.3092
vn 0.8395 0.4353 0.3253
vn 0.8614 0.3988 0.3147
vn 0.8817 0.3813 0.2778
vn 0.8915 0.3958 0.2202
vn 0.9933 -0.0205 0.1138
vn 0.9717 -0.2352 0.0221
vn 0.9794 0.1487 0.1368
vn 0.9565 0.2595 0.1335
vn 0.9260 0.3522 0.1357
vn 0.8906 0.4305 0.1465
vn 0.8540 0.4928 0.1669
vn 0.8207 0.5356 0.1988
vn 0.7969 0.5530 0.2432
vn 0.7882 0.5394 0.2964
vn 0.7977 0.4938 0.3461
vn 0.8226 0.4276 0.3748
vn 0.8541 0.3655 0.3701
vn 0.8823 0.3319 0.3338
vn 0.8986 0.3417 0.2752
vn 0.9778 0.0659 0.1988
vn 0.9466 -0.1134 0.3017
vn 0.9669 0.1866 0.1739
vn 0.9434 0.2928 0.1560
vn 0.9112 0.3854 0.1456
vn 0.8737 0.4646 0.1441
vn 0.8343 0.5294 0.1538
vn 0.7980 0.5756 0.1783
vn 0.7725 0.5954 0.2206
vn 0.7671 0.5776 0.2791
vn 0.7868 0.5143 0.3412
vn 0.8238 0.4181 0.3829
vn 0.8623 0.3270 0.3867
vn 0.8924 0.2772 0.3560
vn 0.9093 0.2842 0.3039
vn 0.9417 0.0572 0.3314
vn 0.8019 -0.1520 0.5778
vn 0.9559 0.2120 0.2034
vn 0.9331 0.3157 0.1720
vn 0.9017 0.4067 0.1467
vn 0.8645 0.4857 0.1292
vn 0.8248 0.5520 0.1224
vn 0.7882 0.6014 0.1308
vn 0.7650 0.6240 0.1594
vn 0.7689 0.6039 0.2099
vn 0.8055 0.5260 0.2731
vn 0.8564 0.4019 0.3242
vn 0.8959 0.2848 0.3409
vn 0.9189 0.2236 0.3251
vn 0.9284 0.2319 0.2905
vn 0.8033 -0.0308 0.5948
vn 0.5524 -0.2049 0.8080
vn 0.9284 0.1945 0.3166
vn 0.9253 0.3299 0.1869
vn 0.8967 0.4166 0.1495
vn 0.8638 0.4910 0.1132
vn 0.8266 0.5567 0.0829
vn 0.7935 0.6048 0.0680
vn 0.7775 0.6249 0.0713
vn 0.7944 0.5996 0.0973
vn 0.8468 0.5117 0.1454
vn 0.9056 0.3740 0.2001
vn 0.9396 0.2467 0.2374
vn 0.9506 0.1848 0.2496
vn 0.9495 0.1987 0.2429
vn 0.5522 -0.1530 0.8195
vn 0.3987 -0.2114 0.8924
vn 0.8148 0.0888 0.5728
vn 0.8942 0.3335 0.2986
vn 0.8796 0.4301 0.2035
vn 0.8644 0.4808 0.1471
vn 0.8401 0.5383 0.0667
vn 0.8115 0.5843 0.0114
vn 0.8040 0.5945 -0.0130
vn 0.8286 0.5596 -0.0170
vn 0.8825 0.4702 0.0074
vn 0.9379 0.3418 0.0582
vn 0.9667 0.2282 0.1157
vn 0.9712 0.1765 0.1598
vn 0.9633 0.1957 0.1838
vn 0.3548 -0.2228 0.9080
vn 0.3234 -0.1908 0.9268
vn 0.6028 -0.0801 0.7939
vn 0.8441 0.2338 0.4824
vn 0.8759 0.4192 0.2391
vn 0.8838 0.4360 0.1699
vn 0.8688 0.4903 0.0695
vn 0.8362 0.5481 -0.0181
vn 0.8348 0.5471 -0.0624
vn 0.8585 0.5053 -0.0874
vn 0.9014 0.4249 -0.0832
vn 0.9451 0.3238 -0.0433
vn 0.9707 0.2393 0.0204
vn 0.9756 0.2024 0.0844
vn 0.9660 0.2227 0.1314
vn 0.2573 -0.2356 0.9372
vn 0.2664 -0.1780 0.9473
vn 0.3550 -0.2480 0.9014
vn 0.7089 0.0110 0.7052
vn 0.8976 0.3105 0.3129
vn 0.9166 0.3752 0.1381
vn 0.8961 0.4381 0.0710
vn 0.8607 0.5090 -0.0110
vn 0.8623 0.5021 -0.0653
vn 0.8814 0.4616 -0.1002
vn 0.9109 0.3981 -0.1083
vn 0.9409 0.3285 -0.0826
vn 0.9609 0.2755 -0.0278
vn 0.9662 0.2546 0.0395
vn 0.9575 0.2712 0.0982
vn 0.2049 -0.2460 0.9474
vn 0.2224 -0.1730 0.9595
vn 0.2177 -0.3042 0.9274
vn 0.4082 -0.2483 0.8785
vn 0.7882 0.0497 0.6134
vn 0.9195 0.3142 0.2363
vn 0.9028 0.4181 0.1007
vn 0.8786 0.4765 0.0330
vn 0.8816 0.4713 -0.0256
vn 0.8961 0.4392 -0.0646
vn 0.9153 0.3947 -0.0801
vn 0.9337 0.3514 -0.0685
vn 0.9456 0.3237 -0.0316
vn 0.9480 0.3175 0.0235
vn 0.9419 0.3262 0.0804
vn 0.1769 -0.2700 0.9465
vn 0.1864 -0.1782 0.9662
vn 0.1915 -0.3444 0.9191
vn 0.2497 -0.3794 0.8909
vn 0.5168 -0.2480 0.8194
vn 0.8338 0.1302 0.5366
vn 0.8885 0.4044 0.2170
vn 0.8827 0.4566 0.1116
vn 0.8870 0.4589 0.0511
vn 0.8983 0.4393 0.0098
vn 0.9110 0.4122 -0.0114
vn 0.9217 0.3877 -0.0120
vn 0.9275 0.3739 0.0046
vn 0.9276 0.3721 0.0332
vn 0.9264 0.3700 0.0700
vn 0.3831 -0.2672 -0.8842
vn 0.3390 -0.2664 -0.9023
vn 0.2815 -0.2671 -0.9216
vn 0.2134 -0.2759 -0.9372
vn 0.1486 -0.3054 -0.9406
vn 0.1049 -0.3526 -0.9299
vn 0.0980 -0.4069 -0.9082
vn 0.1508 -0.4295 -0.8904
vn 0.3143 -0.3679 -0.8752
vn 0.5635 -0.2231 -0.7955
vn 0.7460 -0.1594 -0.6466
vn 0.8335 -0.1627 -0.5280
vn 0.8503 -0.1613 -0.5010
vn 0.8409 -0.1763 -0.5116
vn 0.8327 -0.1776 -0.5244
vn 0.3366 -0.9416 -0.0005
vn 0.2014 -0.9770 -0.0704
vn 0.0785 -0.9928 0.0904
vn 0.1776 -0.9667 0.1845
vn 0.0650 -0.9883 -0.1376
vn -0.0236 -0.9995 -0.0226
vn -0.0428 -0.9781 -0.2037
vn -0.1023 -0.9861 -0.1312
vn -0.3224 -0.8615 -0.3922
vn -0.2331 -0.9382 -0.2560
vn -0.7084 -0.3949 -0.5851
vn -0.5647 -0.5978 -0.5690
vn -0.8150 -0.0525 -0.5770
vn -0.7297 -0.1396 -0.6694
vn -0.8343 -0.0089 -0.5512
vn -0.7705 -0.0559 -0.6349
vn -0.8506 0.0119 -0.5257
vn -0.7876 -0.0266 -0.6156
vn -0.8614 0.0091 -0.5078
vn -0.7995 -0.0167 -0.6005
vn -0.8646 -0.0040 -0.5024
vn -0.8044 -0.0162 -0.5938
vn -0.8606 -0.0173 -0.5090
vn -0.8027 -0.0169 -0.5961
vn -0.8518 -0.0260 -0.5233
vn -0.7955 -0.0144 -0.6058
vn -0.8402 -0.0325 -0.5413
vn -0.7834 -0.0058 -0.6215
vn -0.8271 -0.0265 -0.5615
vn -0.7696 0.0190 -0.6382
vn -0.1036 -0.9731 0.2058
vn -0.0630 -0.9460 0.3180
vn -0.1467 -0.9876 0.0560
vn -0.1802 -0.9798 -0.0864
vn -0.2136 -0.9525 -0.2172
vn -0.4139 -0.7452 -0.5229
vn -0.6253 -0.2951 -0.7225
vn -0.6976 -0.0974 -0.7099
vn -0.7149 -0.0622 -0.6965
vn -0.7276 -0.0416 -0.6847
vn -0.7344 -0.0288 -0.6781
vn -0.7352 -0.0168 -0.6776
vn -0.7309 -0.0002 -0.6825
vn -0.7232 0.0252 -0.6902
vn -0.7153 0.0640 -0.6959
vn -0.2841 -0.9316 0.2266
vn -0.3256 -0.8842 0.3348
vn -0.2668 -0.9612 0.0698
vn -0.2562 -0.9630 -0.0834
vn -0.2256 -0.9402 -0.2551
vn -0.1894 -0.7865 -0.5879
vn -0.2352 -0.4287 -0.8723
vn -0.3422 -0.2114 -0.9155
vn -0.4856 -0.1767 -0.8562
vn -0.6006 -0.1147 -0.7913
vn -0.6525 -0.0493 -0.7561
vn -0.6630 -0.0157 -0.7484
vn -0.6628 0.0137 -0.7487
vn -0.6606 0.0523 -0.7489
vn -0.6589 0.1017 -0.7454
vn -0.4139 -0.8966 0.1573
vn -0.5011 -0.8341 0.2305
vn -0.3573 -0.9337 0.0219
vn -0.2865 -0.9443 -0.1620
vn -0.0731 -0.8735 -0.4813
vn 0.1876 -0.6311 -0.7527
vn 0.3180 -0.3779 -0.8695
vn 0.2523 -0.3147 -0.9150
vn 0.0906 -0.3262 -0.9409
vn -0.0874 -0.2596 -0.9617
vn -0.2533 -0.1615 -0.9538
vn -0.4242 -0.1044 -0.8995
vn -0.5503 -0.0183 -0.8348
vn -0.5935 0.0757 -0.8013
vn -0.5956 0.1353 -0.7918
vn -0.4848 -0.8737 0.0396
vn -0.5799 -0.8108 0.0797
vn -0.3799 -0.9180 -0.1137
vn -0.0955 -0.8782 -0.4687
vn 0.2579 -0.6241 -0.7376
vn 0.4770 -0.3563 -0.8035
vn 0.5216 -0.3076 -0.7958
vn 0.5090 -0.3349 -0.7929
vn 0.4809 -0.3534 -0.8024
vn 0.4212 -0.3378 -0.8417
vn 0.2868 -0.2998 -0.9099
vn 0.0798 -0.2608 -0.9621
vn -0.1387 -0.1210 -0.9829
vn -0.3368 0.0189 -0.9414
vn -0.4809 0.1275 -0.8675
vn -0.4719 -0.8687 -0.1507
vn -0.5903 -0.8043 -0.0679
vn -0.1390 -0.8496 -0.5088
vn 0.2803 -0.5767 -0.7673
vn 0.5335 -0.2780 -0.7988
vn 0.5961 -0.2370 -0.7671
vn 0.6039 -0.2856 -0.7441
vn 0.5878 -0.3376 -0.7352
vn 0.5527 -0.3752 -0.7442
vn 0.5063 -0.3890 -0.7696
vn 0.4550 -0.3768 -0.8069
vn 0.4002 -0.3372 -0.8521
vn 0.3050 -0.2454 -0.9202
vn 0.1091 -0.1261 -0.9860
vn -0.1263 0.0552 -0.9905
vn -0.1592 -0.7798 -0.6055
vn -0.5025 -0.8198 -0.2746
vn 0.2780 -0.4967 -0.8222
vn 0.5400 -0.1911 -0.8197
vn 0.6202 -0.1403 -0.7718
vn 0.6610 -0.1894 -0.7261
vn 0.6731 -0.2696 -0.6886
vn 0.6508 -0.3519 -0.6727
vn 0.6047 -0.4092 -0.6833
vn 0.5496 -0.4320 -0.7151
vn 0.4948 -0.4217 -0.7598
vn 0.4443 -0.3825 -0.8101
vn 0.3985 -0.3172 -0.8606
vn 0.3525 -0.2235 -0.9087
vn 0.2594 -0.0727 -0.9630
vn 0.2815 -0.4038 -0.8705
vn -0.0944 -0.7085 -0.6994
vn 0.4963 -0.1336 -0.8578
vn 0.5726 -0.0569 -0.8179
vn 0.6400 -0.0685 -0.7653
vn 0.6995 -0.1426 -0.7002
vn 0.7199 -0.2664 -0.6409
vn 0.6878 -0.3876 -0.6138
vn 0.6263 -0.4630 -0.6272
vn 0.5620 -0.4880 -0.6678
vn 0.5064 -0.4733 -0.7208
vn 0.4612 -0.4279 -0.7773
vn 0.4243 -0.3571 -0.8321
vn 0.3932 -0.2626 -0.8811
vn 0.3656 -0.1441 -0.9195
vn 0.4424 -0.1298 -0.8874
vn 0.3268 -0.3544 -0.8761
vn 0.4807 -0.0319 -0.8763
vn 0.5320 0.0132 -0.8466
vn 0.6067 0.0002 -0.7949
vn 0.6868 -0.1037 -0.7194
vn 0.7187 -0.2896 -0.6321
vn 0.6739 -0.4573 -0.5803
vn 0.5991 -0.5410 -0.5903
vn 0.5342 -0.5560 -0.6368
vn 0.4872 -0.5280 -0.6956
vn 0.4544 -0.4719 -0.7555
vn 0.4308 -0.3936 -0.8121
vn 0.4125 -0.2944 -0.8621
vn 0.3969 -0.1735 -0.9013
vn 0.4124 -0.0771 -0.9077
vn 0.4201 -0.1845 -0.8885
vn 0.4171 0.0065 -0.9089
vn 0.4403 0.0563 -0.8961
vn 0.4920 0.0408 -0.8696
vn 0.5659 -0.1004 -0.8184
vn 0.6006 -0.3562 -0.7159
vn 0.5593 -0.5597 -0.6115
vn 0.4987 -0.6311 -0.5941
vn 0.4596 -0.6218 -0.6341
vn 0.4401 -0.5746 -0.6901
vn 0.4309 -0.5061 -0.7471
vn 0.4259 -0.4209 -0.8009
vn 0.4225 -0.3185 -0.8486
vn 0.4192 -0.1968 -0.8863
vn 0.3685 -0.0701 -0.9270
vn 0.3990 -0.1700 -0.9011
vn 0.3382 0.0049 -0.9411
vn 0.3095 0.0449 -0.9498
vn 0.2925 0.0161 -0.9561
vn 0.3043 -0.1506 -0.9406
vn 0.3224 -0.4304 -0.8431
vn 0.3218 -0.6352 -0.7021
vn 0.3285 -0.6880 -0.6471
vn 0.3499 -0.6584 -0.6663
vn 0.3756 -0.5976 -0.7084
vn 0.3985 -0.5216 -0.7544
vn 0.4163 -0.4334 -0.7993
vn 0.4292 -0.3314 -0.8402
vn 0.4378 -0.2124 -0.8736
vn 0.3330 -0.0944 -0.9382
vn 0.3830 -0.1742 -0.9072
vn 0.2676 -0.0417 -0.9626
vn 0.1886 -0.0244 -0.9818
vn 0.1067 -0.0691 -0.9919
vn 0.0497 -0.2161 -0.9751
vn 0.0469 -0.4476 -0.8930
vn 0.0937 -0.6208 -0.7784
vn 0.1683 -0.6716 -0.7216
vn 0.2465 -0.6455 -0.7229
vn 0.3146 -0.5868 -0.7461
vn 0.3684 -0.5125 -0.7756
vn 0.4091 -0.4268 -0.8065
vn 0.4381 -0.3302 -0.8361
vn 0.4563 -0.2200 -0.8622
vn 0.3142 -0.1472 -0.9379
vn 0.3758 -0.1942 -0.9061
vn 0.2268 -0.1197 -0.9666
vn 0.1262 -0.1202 -0.9847
vn 0.0270 -0.1679 -0.9854
vn -0.0450 -0.2762 -0.9601
vn -0.0559 -0.4310 -0.9006
vn -0.0004 -0.5582 -0.8297
vn 0.0917 -0.6064 -0.7898
vn 0.1912 -0.5919 -0.7830
vn 0.2808 -0.5446 -0.7903
vn 0.3687 -0.4657 -0.8045
vn 0.4676 -0.3720 -0.8019
vn 0.5438 -0.2922 -0.7867
vn 0.5826 -0.2113 -0.7848
vn 0.3088 -0.2131 -0.9270
vn 0.3660 -0.2287 -0.9021
vn 0.2272 -0.2027 -0.9525
vn 0.1347 -0.2097 -0.9684
vn 0.0476 -0.2496 -0.9672
vn -0.0127 -0.3229 -0.9463
vn -0.0233 -0.4176 -0.9083
vn 0.0219 -0.4979 -0.8669
vn 0.1106 -0.5256 -0.8435
vn 0.2603 -0.4826 -0.8362
vn 0.4841 -0.4072 -0.7745
vn 0.6520 -0.3139 -0.6902
vn 0.7228 -0.2412 -0.6476
vn 0.7575 -0.2121 -0.6175
vn 0.7709 -0.1843 -0.6097
vn 0.8974 0.4275 0.1093
vn -0.9444 0.3276 -0.0283
vn -0.7836 -0.2243 0.5794
vn -0.8449 0.5177 0.1347
vn -0.6419 0.0830 0.7623
vn -0.9098 0.0390 -0.4131
vn -0.8889 -0.0387 -0.4565
vn 0.4219 -0.9048 -0.0571
vn 0.3685 -0.2756 -0.8878
vn 0.8916 0.3958 0.2202
vn 0.9756 0.2025 0.0844
vn 0.2223 -0.1730 0.9595
vn 0.1776 -0.9666 0.1845
vn -0.8518 -0.0260 -0.5232
vn 0.5320 0.0132 -0.8467
vn 0.3499 -0.6584 -0.6664
vn 0.0469 -0.4475 -0.8930
vt 0.640625 0.516235
vt 0.656250 0.515625
vt 0.656250 0.531250
vt 0.640625 0.531250
vt 0.671875 0.515625
vt 0.671875 0.531250
vt 0.687500 0.515625
vt 0.687500 0.531250
vt 0.703125 0.515625
vt 0.703125 0.531250
vt 0.718750 0.515625
vt 0.718750 0.531250
vt 0.734375 0.515625
vt 0.734375 0.531250
vt 0.750000 0.515625
vt 0.750000 0.531250
vt 0.765625 0.515625
vt 0.765625 0.531250
vt 0.781250 0.515625
vt 0.781250 0.531250
vt 0.796875 0.515625
vt 0.796875 0.531250
vt 0.812500 0.515625
vt 0.812500 0.531250
vt 0.828125 0.515625
vt 0.828125 0.531250
vt 0.843750 0.515625
vt 0.843750 0.531250
vt 0.859375 0.515625
vt 0.859375 0.531250
vt 0.656250 0.546875
vt 0.640625 0.546875
vt 0.671875 0.546875
vt 0.687500 0.546875
vt 0.703125 0.546875
vt 0.718750 0.546875
vt 0.734375 0.546875
vt 0.750000 0.546875
vt 0.765625 0.546875
vt 0.781250 0.546875
vt 0.796875 0.546875
vt 0.812500 0.546875
vt 0.828125 0.546875
vt 0.843750 0.546875
vt 0.859375 0.546875
vt 0.656250 0.562500
vt 0.640625 0.562500
vt 0.671875 0.562500
vt 0.687500 0.562500
vt 0.703125 0.562500
vt 0.718750 0.562500
vt 0.734375 0.562500
vt 0.750000 0.562500
vt 0.765625 0.562500
vt 0.781250 0.562500
vt 0.796875 0.562500
vt 0.812500 0.562500
vt 0.828125 0.562500
vt 0.843750 0.562500
vt 0.859375 0.562500
vt 0.656250 0.578125
vt 0.640625 0.578125
vt 0.671875 0.578125
vt 0.687500 0.578125
vt 0.703125 0.578125
vt 0.718750 0.578125
vt 0.734375 0.578125
vt 0.750000 0.578125
vt 0.765625 0.578125
vt 0.781250 0.578125
vt 0.796875 0.578125
vt 0.812500 0.578125
vt 0.828125 0.578125
vt 0.843750 0.578125
vt 0.859375 0.578125
vt 0.656250 0.593750
vt 0.640625 0.593750
vt 0.671875 0.593750
vt 0.687500 0.593750
vt 0.703125 0.593750
vt 0.718750 0.593750
vt 0.734375 0.593750
vt 0.750000 0.593750
vt 0.765625 0.593750
vt 0.781250 0.593750
vt 0.796875 0.593750
vt 0.812500 0.593750
vt 0.828125 0.593750
vt 0.843750 0.593750
vt 0.859375 0.593750
vt 0.656250 0.609375
vt 0.640625 0.609375
vt 0.671875 0.609375
vt 0.687500 0.609375
vt 0.703125 0.609375
vt 0.718750 0.609375
vt 0.734375 0.609375
vt 0.750000 0.609375
vt 0.765625 0.609375
vt 0.781250 0.609375
vt 0.796875 0.609375
vt 0.812500 0.609375
vt 0.828125 0.609375
vt 0.843750 0.609375
vt 0.859375 0.609375
vt 0.656250 0.625000
vt 0.640625 0.625000
vt 0.671875 0.625000
vt 0.687500 0.625000
vt 0.703125 0.625000
vt 0.718750 0.625000
vt 0.734375 0.625000
vt 0.750000 0.625000
vt 0.765625 0.625000
vt 0.781250 0.625000
vt 0.796875 0.625000
vt 0.812500 0.625000
vt 0.828125 0.625000
vt 0.843750 0.625000
vt 0.859375 0.625000
vt 0.656250 0.640625
vt 0.640625 0.640625
vt 0.671875 0.640625
vt 0.687500 0.640625
vt 0.703125 0.640625
vt 0.718750 0.640625
vt 0.734375 0.640625
vt 0.750000 0.640625
vt 0.765625 0.640625
vt 0.781250 0.640625
vt 0.796875 0.640625
vt 0.812500 0.640625
vt 0.828125 0.640625
vt 0.843750 0.640625
vt 0.859375 0.640625
vt 0.656250 0.656250
vt 0.640625 0.656250
vt 0.671875 0.656250
vt 0.687500 0.656250
vt 0.703125 0.656250
vt 0.718750 0.656250
vt 0.734375 0.656250
vt 0.750000 0.656250
vt 0.765625 0.656250
vt 0.781250 0.656250
vt 0.796875 0.656250
vt 0.812500 0.656250
vt 0.828125 0.656250
vt 0.843750 0.656250
vt 0.859375 0.656250
vt 0.656250 0.671875
vt 0.640625 0.671875
vt 0.671875 0.671875
vt 0.687500 0.671875
vt 0.703125 0.671875
vt 0.718750 0.671875
vt 0.734375 0.671875
vt 0.750000 0.671875
vt 0.765625 0.671875
vt 0.781250 0.671875
vt 0.796875 0.671875
vt 0.812500 0.671875
vt 0.828125 0.671875
vt 0.843750 0.671875
vt 0.859375 0.671875
vt 0.656250 0.687500
vt 0.640625 0.687500
vt 0.671875 0.687500
vt 0.687500 0.687500
vt 0.703125 0.687500
vt 0.718750 0.687500
vt 0.734375 0.687500
vt 0.750000 0.687500
vt 0.765625 0.687500
vt 0.781250 0.687500
vt 0.796875 0.687500
vt 0.812500 0.687500
vt 0.828125 0.687500
vt 0.843750 0.687500
vt 0.859375 0.687500
vt 0.656250 0.703125
vt 0.640625 0.703125
vt 0.671875 0.703125
vt 0.687500 0.703125
vt 0.703125 0.703125
vt 0.718750 0.703125
vt 0.734375 0.703125
vt 0.750000 0.703125
vt 0.765625 0.703125
vt 0.781250 0.703125
vt 0.796875 0.703125
vt 0.812500 0.703125
vt 0.828125 0.703125
vt 0.843750 0.703125
vt 0.859375 0.703125
vt 0.656250 0.718750
vt 0.640625 0.718750
vt 0.671875 0.718750
vt 0.687500 0.718750
vt 0.703125 0.718750
vt 0.718750 0.718750
vt 0.734375 0.718750
vt 0.750000 0.718750
vt 0.765625 0.718750
vt 0.781250 0.718750
vt 0.796875 0.718750
vt 0.812500 0.718750
vt 0.828125 0.718750
vt 0.843750 0.718750
vt 0.859375 0.718750
vt 0.656250 0.734375
vt 0.640625 0.733765
vt 0.671875 0.734375
vt 0.687500 0.734375
vt 0.703125 0.734375
vt 0.718750 0.734375
vt 0.734375 0.734375
vt 0.750000 0.734375
vt 0.765625 0.734375
vt 0.781250 0.734375
vt 0.796875 0.734375
vt 0.812500 0.734375
vt 0.828125 0.734375
vt 0.843750 0.734375
vt 0.859375 0.734375
vt 0.625000 0.500000
vt 0.640625 0.500000
vt 0.625000 0.515625
vt 0.656250 0.500000
vt 0.671875 0.500000
vt 0.687500 0.500000
vt 0.703125 0.500000
vt 0.718750 0.500000
vt 0.734375 0.500000
vt 0.750000 0.500000
vt 0.765625 0.500000
vt 0.781250 0.500000
vt 0.796875 0.500000
vt 0.812500 0.500000
vt 0.828125 0.500000
vt 0.843750 0.500000
vt 0.859375 0.500000
vt 0.875000 0.500000
vt 0.875000 0.515625
vt 0.875000 0.531250
vt 0.875000 0.546875
vt 0.875000 0.562500
vt 0.875000 0.578125
vt 0.875000 0.593750
vt 0.875000 0.609375
vt 0.875000 0.625000
vt 0.875000 0.640625
vt 0.875000 0.656250
vt 0.875000 0.671875
vt 0.875000 0.687500
vt 0.875000 0.703125
vt 0.875000 0.718750
vt 0.875000 0.734375
vt 0.875000 0.750000
vt 0.859375 0.750000
vt 0.843750 0.750000
vt 0.828125 0.750000
vt 0.812500 0.750000
vt 0.796875 0.750000
vt 0.781250 0.750000
vt 0.765625 0.750000
vt 0.750000 0.750000
vt 0.734375 0.750000
vt 0.718750 0.750000
vt 0.703125 0.750000
vt 0.687500 0.750000
vt 0.671875 0.750000
vt 0.656250 0.750000
vt 0.640625 0.750000
vt 0.625000 0.734375
vt 0.625000 0.750000
vt 0.625000 0.718750
vt 0.625000 0.703125
vt 0.625000 0.687500
vt 0.625000 0.671875
vt 0.625000 0.656250
vt 0.625000 0.640625
vt 0.625000 0.625000
vt 0.625000 0.609375
vt 0.625000 0.593750
vt 0.625000 0.578125
vt 0.625000 0.562500
vt 0.625000 0.546875
vt 0.625000 0.531250
vt 0.391235 0.765625
vt 0.406250 0.765625
vt 0.406250 0.781250
vt 0.390625 0.781250
vt 0.421875 0.765625
vt 0.421875 0.781250
vt 0.437500 0.765625
vt 0.437500 0.781250
vt 0.453125 0.765625
vt 0.453125 0.781250
vt 0.468750 0.765625
vt 0.468750 0.781250
vt 0.484375 0.765625
vt 0.484375 0.781250
vt 0.500000 0.765625
vt 0.500000 0.781250
vt 0.515625 0.765625
vt 0.515625 0.781250
vt 0.531250 0.765625
vt 0.531250 0.781250
vt 0.546875 0.765625
vt 0.546875 0.781250
vt 0.562500 0.765625
vt 0.562500 0.781250
vt 0.578125 0.765625
vt 0.578125 0.781250
vt 0.593750 0.765625
vt 0.593750 0.781250
vt 0.608765 0.765625
vt 0.609375 0.781250
vt 0.406250 0.796875
vt 0.390625 0.796875
vt 0.421875 0.796875
vt 0.437500 0.796875
vt 0.453125 0.796875
vt 0.468750 0.796875
vt 0.484375 0.796875
vt 0.500000 0.796875
vt 0.515625 0.796875
vt 0.531250 0.796875
vt 0.546875 0.796875
vt 0.562500 0.796875
vt 0.578125 0.796875
vt 0.593750 0.796875
vt 0.609375 0.796875
vt 0.406250 0.812500
vt 0.390625 0.812500
vt 0.421875 0.812500
vt 0.437500 0.812500
vt 0.453125 0.812500
vt 0.468750 0.812500
vt 0.484375 0.812500
vt 0.500000 0.812500
vt 0.515625 0.812500
vt 0.531250 0.812500
vt 0.546875 0.812500
vt 0.562500 0.812500
vt 0.578125 0.812500
vt 0.593750 0.812500
vt 0.609375 0.812500
vt 0.406250 0.828125
vt 0.390625 0.828125
vt 0.421875 0.828125
vt 0.437500 0.828125
vt 0.453125 0.828125
vt 0.468750 0.828125
vt 0.484375 0.828125
vt 0.500000 0.828125
vt 0.515625 0.828125
vt 0.531250 0.828125
vt 0.546875 0.828125
vt 0.562500 0.828125
vt 0.578125 0.828125
vt 0.593750 0.828125
vt 0.609375 0.828125
vt 0.406250 0.843750
vt 0.390625 0.843750
vt 0.421875 0.843750
vt 0.437500 0.843750
vt 0.453125 0.843750
vt 0.468750 0.843750
vt 0.484375 0.843750
vt 0.500000 0.843750
vt 0.515625 0.843750
vt 0.531250 0.843750
vt 0.546875 0.843750
vt 0.562500 0.843750
vt 0.578125 0.843750
vt 0.593750 0.843750
vt 0.609375 0.843750
vt 0.406250 0.859375
vt 0.390625 0.859375
vt 0.421875 0.859375
vt 0.437500 0.859375
vt 0.453125 0.859375
vt 0.468750 0.859375
vt 0.484375 0.859375
vt 0.500000 0.859375
vt 0.515625 0.859375
vt 0.531250 0.859375
vt 0.546875 0.859375
vt 0.562500 0.859375
vt 0.578125 0.859375
vt 0.593750 0.859375
vt 0.609375 0.859375
vt 0.406250 0.875000
vt 0.390625 0.875000
vt 0.421875 0.875000
vt 0.437500 0.875000
vt 0.453125 0.875000
vt 0.468750 0.875000
vt 0.484375 0.875000
vt 0.500000 0.875000
vt 0.515625 0.875000
vt 0.531250 0.875000
vt 0.546875 0.875000
vt 0.562500 0.875000
vt 0.578125 0.875000
vt 0.593750 0.875000
vt 0.609375 0.875000
vt 0.406250 0.890625
vt 0.390625 0.890625
vt 0.421875 0.890625
vt 0.437500 0.890625
vt 0.453125 0.890625
vt 0.468750 0.890625
vt 0.484375 0.890625
vt 0.500000 0.890625
vt 0.515625 0.890625
vt 0.531250 0.890625
vt 0.546875 0.890625
vt 0.562500 0.890625
vt 0.578125 0.890625
vt 0.593750 0.890625
vt 0.609375 0.890625
vt 0.406250 0.906250
vt 0.390625 0.906250
vt 0.421875 0.906250
vt 0.437500 0.906250
vt 0.453125 0.906250
vt 0.468750 0.906250
vt 0.484375 0.906250
vt 0.500000 0.906250
vt 0.515625 0.906250
vt 0.531250 0.906250
vt 0.546875 0.906250
vt 0.562500 0.906250
vt 0.578125 0.906250
vt 0.593750 0.906250
vt 0.609375 0.906250
vt 0.406250 0.921875
vt 0.390625 0.921875
vt 0.421875 0.921875
vt 0.437500 0.921875
vt 0.453125 0.921875
vt 0.468750 0.921875
vt 0.484375 0.921875
vt 0.500000 0.921875
vt 0.515625 0.921875
vt 0.531250 0.921875
vt 0.546875 0.921875
vt 0.562500 0.921875
vt 0.578125 0.921875
vt 0.593750 0.921875
vt 0.609375 0.921875
vt 0.406250 0.937500
vt 0.390625 0.937500
vt 0.421875 0.937500
vt 0.437500 0.937500
vt 0.453125 0.937500
vt 0.468750 0.937500
vt 0.484375 0.937500
vt 0.500000 0.937500
vt 0.515625 0.937500
vt 0.531250 0.937500
vt 0.546875 0.937500
vt 0.562500 0.937500
vt 0.578125 0.937500
vt 0.593750 0.937500
vt 0.609375 0.937500
vt 0.406250 0.953125
vt 0.390625 0.953125
vt 0.421875 0.953125
vt 0.437500 0.953125
vt 0.453125 0.953125
vt 0.468750 0.953125
vt 0.484375 0.953125
vt 0.500000 0.953125
vt 0.515625 0.953125
vt 0.531250 0.953125
vt 0.546875 0.953125
vt 0.562500 0.953125
vt 0.578125 0.953125
vt 0.593750 0.953125
vt 0.609375 0.953125
vt 0.406250 0.968750
vt 0.390625 0.968750
vt 0.421875 0.968750
vt 0.437500 0.968750
vt 0.453125 0.968750
vt 0.468750 0.968750
vt 0.484375 0.968750
vt 0.500000 0.968750
vt 0.515625 0.968750
vt 0.531250 0.968750
vt 0.546875 0.968750
vt 0.562500 0.968750
vt 0.578125 0.968750
vt 0.593750 0.968750
vt 0.609375 0.968750
vt 0.406250 0.984375
vt 0.390625 0.984375
vt 0.421875 0.984375
vt 0.437500 0.984375
vt 0.453125 0.984375
vt 0.468750 0.984375
vt 0.484375 0.984375
vt 0.500000 0.984375
vt 0.515625 0.984375
vt 0.531250 0.984375
vt 0.546875 0.984375
vt 0.562500 0.984375
vt 0.578125 0.984375
vt 0.593750 0.984375
vt 0.609375 0.984375
vt 0.375000 0.750000
vt 0.390625 0.750000
vt 0.375000 0.765625
vt 0.406250 0.750000
vt 0.421875 0.750000
vt 0.437500 0.750000
vt 0.453125 0.750000
vt 0.468750 0.750000
vt 0.484375 0.750000
vt 0.500000 0.750000
vt 0.515625 0.750000
vt 0.531250 0.750000
vt 0.546875 0.750000
vt 0.562500 0.750000
vt 0.578125 0.750000
vt 0.593750 0.750000
vt 0.609375 0.750000
vt 0.625000 0.765625
vt 0.625000 0.781250
vt 0.625000 0.796875
vt 0.625000 0.812500
vt 0.625000 0.828125
vt 0.625000 0.843750
vt 0.625000 0.859375
vt 0.625000 0.875000
vt 0.625000 0.890625
vt 0.625000 0.906250
vt 0.625000 0.921875
vt 0.625000 0.937500
vt 0.625000 0.953125
vt 0.625000 0.968750
vt 0.625000 0.984375
vt 0.625000 1.000000
vt 0.609375 1.000000
vt 0.593750 1.000000
vt 0.578125 1.000000
vt 0.562500 1.000000
vt 0.546875 1.000000
vt 0.531250 1.000000
vt 0.515625 1.000000
vt 0.500000 1.000000
vt 0.484375 1.000000
vt 0.468750 1.000000
vt 0.453125 1.000000
vt 0.437500 1.000000
vt 0.421875 1.000000
vt 0.406250 1.000000
vt 0.390625 1.000000
vt 0.375000 0.984375
vt 0.375000 1.000000
vt 0.375000 0.968750
vt 0.375000 0.953125
vt 0.375000 0.937500
vt 0.375000 0.921875
vt 0.375000 0.906250
vt 0.375000 0.890625
vt 0.375000 0.875000
vt 0.375000 0.859375
vt 0.375000 0.843750
vt 0.375000 0.828125
vt 0.375000 0.812500
vt 0.375000 0.796875
vt 0.375000 0.781250
vt 0.390625 0.015625
vt 0.406250 0.015625
vt 0.406250 0.031250
vt 0.390625 0.031250
vt 0.421875 0.015625
vt 0.421875 0.031250
vt 0.437500 0.015625
vt 0.437500 0.031250
vt 0.453125 0.015625
vt 0.453125 0.031250
vt 0.468750 0.015625
vt 0.468750 0.031250
vt 0.484375 0.015625
vt 0.484375 0.031250
vt 0.500000 0.015625
vt 0.500000 0.031250
vt 0.515625 0.015625
vt 0.515625 0.031250
vt 0.531250 0.015625
vt 0.531250 0.031250
vt 0.546875 0.015625
vt 0.546875 0.031250
vt 0.562500 0.015625
vt 0.562500 0.031250
vt 0.578125 0.015625
vt 0.578125 0.031250
vt 0.593750 0.015625
vt 0.593750 0.031250
vt 0.609375 0.015625
vt 0.609375 0.031250
vt 0.406250 0.046875
vt 0.390625 0.046875
vt 0.421875 0.046875
vt 0.437500 0.046875
vt 0.453125 0.046875
vt 0.468750 0.046875
vt 0.484375 0.046875
vt 0.500000 0.046875
vt 0.515625 0.046875
vt 0.531250 0.046875
vt 0.546875 0.046875
vt 0.562500 0.046875
vt 0.578125 0.046875
vt 0.593750 0.046875
vt 0.609375 0.046875
vt 0.406250 0.062500
vt 0.390625 0.062500
vt 0.421875 0.062500
vt 0.437500 0.062500
vt 0.453125 0.062500
vt 0.468750 0.062500
vt 0.484375 0.062500
vt 0.500000 0.062500
vt 0.515625 0.062500
vt 0.531250 0.062500
vt 0.546875 0.062500
vt 0.562500 0.062500
vt 0.578125 0.062500
vt 0.593750 0.062500
vt 0.609375 0.062500
vt 0.406250 0.078125
vt 0.390625 0.078125
vt 0.421875 0.078125
vt 0.437500 0.078125
vt 0.453125 0.078125
vt 0.468750 0.078125
vt 0.484375 0.078125
vt 0.500000 0.078125
vt 0.515625 0.078125
vt 0.531250 0.078125
vt 0.546875 0.078125
vt 0.562500 0.078125
vt 0.578125 0.078125
vt 0.593750 0.078125
vt 0.609375 0.078125
vt 0.406250 0.093750
vt 0.390625 0.093750
vt 0.421875 0.093750
vt 0.437500 0.093750
vt 0.453125 0.093750
vt 0.468750 0.093750
vt 0.484375 0.093750
vt 0.500000 0.093750
vt 0.515625 0.093750
vt 0.531250 0.093750
vt 0.546875 0.093750
vt 0.562500 0.093750
vt 0.578125 0.093750
vt 0.593750 0.093750
vt 0.609375 0.093750
vt 0.406250 0.109375
vt 0.390625 0.109375
vt 0.421875 0.109375
vt 0.437500 0.109375
vt 0.453125 0.109375
vt 0.468750 0.109375
vt 0.484375 0.109375
vt 0.500000 0.109375
vt 0.515625 0.109375
vt 0.531250 0.109375
vt 0.546875 0.109375
vt 0.562500 0.109375
vt 0.578125 0.109375
vt 0.593750 0.109375
vt 0.609375 0.109375
vt 0.406250 0.125000
vt 0.390625 0.125000
vt 0.421875 0.125000
vt 0.437500 0.125000
vt 0.453125 0.125000
vt 0.468750 0.125000
vt 0.484375 0.125000
vt 0.500000 0.125000
vt 0.515625 0.125000
vt 0.531250 0.125000
vt 0.546875 0.125000
vt 0.562500 0.125000
vt 0.578125 0.125000
vt 0.593750 0.125000
vt 0.609375 0.125000
vt 0.406250 0.140625
vt 0.390625 0.140625
vt 0.421875 0.140625
vt 0.437500 0.140625
vt 0.453125 0.140625
vt 0.468750 0.140625
vt 0.484375 0.140625
vt 0.500000 0.140625
vt 0.515625 0.140625
vt 0.531250 0.140625
vt 0.546875 0.140625
vt 0.562500 0.140625
vt 0.578125 0.140625
vt 0.593750 0.140625
vt 0.609375 0.140625
vt 0.406250 0.156250
vt 0.390625 0.156250
vt 0.421875 0.156250
vt 0.437500 0.156250
vt 0.453125 0.156250
vt 0.468750 0.156250
vt 0.484375 0.156250
vt 0.500000 0.156250
vt 0.515625 0.156250
vt 0.531250 0.156250
vt 0.546875 0.156250
vt 0.562500 0.156250
vt 0.578125 0.156250
vt 0.593750 0.156250
vt 0.609375 0.156250
vt 0.406250 0.171875
vt 0.390625 0.171875
vt 0.421875 0.171875
vt 0.437500 0.171875
vt 0.453125 0.171875
vt 0.468750 0.171875
vt 0.484375 0.171875
vt 0.500000 0.171875
vt 0.515625 0.171875
vt 0.531250 0.171875
vt 0.546875 0.171875
vt 0.562500 0.171875
vt 0.578125 0.171875
vt 0.593750 0.171875
vt 0.609375 0.171875
vt 0.406250 0.187500
vt 0.390625 0.187500
vt 0.421875 0.187500
vt 0.437500 0.187500
vt 0.453125 0.187500
vt 0.468750 0.187500
vt 0.484375 0.187500
vt 0.500000 0.187500
vt 0.515625 0.187500
vt 0.531250 0.187500
vt 0.546875 0.187500
vt 0.562500 0.187500
vt 0.578125 0.187500
vt 0.593750 0.187500
vt 0.609375 0.187500
vt 0.406250 0.203125
vt 0.390625 0.203125
vt 0.421875 0.203125
vt 0.437500 0.203125
vt 0.453125 0.203125
vt 0.468750 0.203125
vt 0.484375 0.203125
vt 0.500000 0.203125
vt 0.515625 0.203125
vt 0.531250 0.203125
vt 0.546875 0.203125
vt 0.562500 0.203125
vt 0.578125 0.203125
vt 0.593750 0.203125
vt 0.609375 0.203125
vt 0.406250 0.218750
vt 0.390625 0.218750
vt 0.421875 0.218750
vt 0.437500 0.218750
vt 0.453125 0.218750
vt 0.468750 0.218750
vt 0.484375 0.218750
vt 0.500000 0.218750
vt 0.515625 0.218750
vt 0.531250 0.218750
vt 0.546875 0.218750
vt 0.562500 0.218750
vt 0.578125 0.218750
vt 0.593750 0.218750
vt 0.609375 0.218750
vt 0.406250 0.234375
vt 0.390625 0.234375
vt 0.421875 0.234375
vt 0.437500 0.234375
vt 0.453125 0.234375
vt 0.468750 0.234375
vt 0.484375 0.234375
vt 0.500000 0.234375
vt 0.515625 0.234375
vt 0.531250 0.234375
vt 0.546875 0.234375
vt 0.562500 0.234375
vt 0.578125 0.234375
vt 0.593750 0.234375
vt 0.609375 0.234375
vt 0.375000 0.000000
vt 0.390625 0.000000
vt 0.375000 0.015625
vt 0.406250 0.000000
vt 0.421875 0.000000
vt 0.437500 0.000000
vt 0.453125 0.000000
vt 0.468750 0.000000
vt 0.484375 0.000000
vt 0.500000 0.000000
vt 0.515625 0.000000
vt 0.531250 0.000000
vt 0.546875 0.000000
vt 0.562500 0.000000
vt 0.578125 0.000000
vt 0.593750 0.000000
vt 0.609375 0.000000
vt 0.625000 0.000000
vt 0.625000 0.015625
vt 0.625000 0.031250
vt 0.625000 0.046875
vt 0.625000 0.062500
vt 0.625000 0.078125
vt 0.625000 0.093750
vt 0.625000 0.109375
vt 0.625000 0.125000
vt 0.625000 0.140625
vt 0.625000 0.156250
vt 0.625000 0.171875
vt 0.625000 0.187500
vt 0.625000 0.203125
vt 0.625000 0.218750
vt 0.625000 0.234375
vt 0.625000 0.250000
vt 0.609375 0.250000
vt 0.593750 0.250000
vt 0.578125 0.250000
vt 0.562500 0.250000
vt 0.546875 0.250000
vt 0.531250 0.250000
vt 0.515625 0.250000
vt 0.500000 0.250000
vt 0.484375 0.250000
vt 0.468750 0.250000
vt 0.453125 0.250000
vt 0.437500 0.250000
vt 0.421875 0.250000
vt 0.406250 0.250000
vt 0.390625 0.250000
vt 0.375000 0.234375
vt 0.375000 0.250000
vt 0.375000 0.218750
vt 0.375000 0.203125
vt 0.375000 0.187500
vt 0.375000 0.171875
vt 0.375000 0.156250
vt 0.375000 0.140625
vt 0.375000 0.125000
vt 0.375000 0.109375
vt 0.375000 0.093750
vt 0.375000 0.078125
vt 0.375000 0.062500
vt 0.375000 0.046875
vt 0.375000 0.031250
vt 0.140625 0.515625
vt 0.156250 0.515625
vt 0.156250 0.531250
vt 0.140625 0.531250
vt 0.171875 0.515625
vt 0.171875 0.531250
vt 0.187500 0.515625
vt 0.187500 0.531250
vt 0.203125 0.515625
vt 0.203125 0.531250
vt 0.218750 0.515625
vt 0.218750 0.531250
vt 0.234375 0.515625
vt 0.234375 0.531250
vt 0.250000 0.515625
vt 0.250000 0.531250
vt 0.265625 0.515625
vt 0.265625 0.531250
vt 0.281250 0.515625
vt 0.281250 0.531250
vt 0.296875 0.515625
vt 0.296875 0.531250
vt 0.312500 0.515625
vt 0.312500 0.531250
vt 0.328125 0.515625
vt 0.328125 0.531250
vt 0.343750 0.515625
vt 0.343750 0.531250
vt 0.359375 0.516235
vt 0.359375 0.531250
vt 0.156250 0.546875
vt 0.140625 0.546875
vt 0.171875 0.546875
vt 0.187500 0.546875
vt 0.203125 0.546875
vt 0.218750 0.546875
vt 0.234375 0.546875
vt 0.250000 0.546875
vt 0.265625 0.546875
vt 0.281250 0.546875
vt 0.296875 0.546875
vt 0.312500 0.546875
vt 0.328125 0.546875
vt 0.343750 0.546875
vt 0.359375 0.546875
vt 0.156250 0.562500
vt 0.140625 0.562500
vt 0.171875 0.562500
vt 0.187500 0.562500
vt 0.203125 0.562500
vt 0.218750 0.562500
vt 0.234375 0.562500
vt 0.250000 0.562500
vt 0.265625 0.562500
vt 0.281250 0.562500
vt 0.296875 0.562500
vt 0.312500 0.562500
vt 0.328125 0.562500
vt 0.343750 0.562500
vt 0.359375 0.562500
vt 0.156250 0.578125
vt 0.140625 0.578125
vt 0.171875 0.578125
vt 0.187500 0.578125
vt 0.203125 0.578125
vt 0.218750 0.578125
vt 0.234375 0.578125
vt 0.250000 0.578125
vt 0.265625 0.578125
vt 0.281250 0.578125
vt 0.296875 0.578125
vt 0.312500 0.578125
vt 0.328125 0.578125
vt 0.343750 0.578125
vt 0.359375 0.578125
vt 0.156250 0.593750
vt 0.140625 0.593750
vt 0.171875 0.593750
vt 0.187500 0.593750
vt 0.203125 0.593750
vt 0.218750 0.593750
vt 0.234375 0.593750
vt 0.250000 0.593750
vt 0.265625 0.593750
vt 0.281250 0.593750
vt 0.296875 0.593750
vt 0.312500 0.593750
vt 0.328125 0.593750
vt 0.343750 0.593750
vt 0.359375 0.593750
vt 0.156250 0.609375
vt 0.140625 0.609375
vt 0.171875 0.609375
vt 0.187500 0.609375
vt 0.203125 0.609375
vt 0.218750 0.609375
vt 0.234375 0.609375
vt 0.250000 0.609375
vt 0.265625 0.609375
vt 0.281250 0.609375
vt 0.296875 0.609375
vt 0.312500 0.609375
vt 0.328125 0.609375
vt 0.343750 0.609375
vt 0.359375 0.609375
vt 0.156250 0.625000
vt 0.140625 0.625000
vt 0.171875 0.625000
vt 0.187500 0.625000
vt 0.203125 0.625000
vt 0.218750 0.625000
vt 0.234375 0.625000
vt 0.250000 0.625000
vt 0.265625 0.625000
vt 0.281250 0.625000
vt 0.296875 0.625000
vt 0.312500 0.625000
vt 0.328125 0.625000
vt 0.343750 0.625000
vt 0.359375 0.625000
vt 0.156250 0.640625
vt 0.140625 0.640625
vt 0.171875 0.640625
vt 0.187500 0.640625
vt 0.203125 0.640625
vt 0.218750 0.640625
vt 0.234375 0.640625
vt 0.250000 0.640625
vt 0.265625 0.640625
vt 0.281250 0.640625
vt 0.296875 0.640625
vt 0.312500 0.640625
vt 0.328125 0.640625
vt 0.343750 0.640625
vt 0.359375 0.640625
vt 0.156250 0.656250
vt 0.140625 0.656250
vt 0.171875 0.656250
vt 0.187500 0.656250
vt 0.203125 0.656250
vt 0.218750 0.656250
vt 0.234375 0.656250
vt 0.250000 0.656250
vt 0.265625 0.656250
vt 0.281250 0.656250
vt 0.296875 0.656250
vt 0.312500 0.656250
vt 0.328125 0.656250
vt 0.343750 0.656250
vt 0.359375 0.656250
vt 0.156250 0.671875
vt 0.140625 0.671875
vt 0.171875 0.671875
vt 0.187500 0.671875
vt 0.203125 0.671875
vt 0.218750 0.671875
vt 0.234375 0.671875
vt 0.250000 0.671875
vt 0.265625 0.671875
vt 0.281250 0.671875
vt 0.296875 0.671875
vt 0.312500 0.671875
vt 0.328125 0.671875
vt 0.343750 0.671875
vt 0.359375 0.671875
vt 0.156250 0.687500
vt 0.140625 0.687500
vt 0.171875 0.687500
vt 0.187500 0.687500
vt 0.203125 0.687500
vt 0.218750 0.687500
vt 0.234375 0.687500
vt 0.250000 0.687500
vt 0.265625 0.687500
vt 0.281250 0.687500
vt 0.296875 0.687500
vt 0.312500 0.687500
vt 0.328125 0.687500
vt 0.343750 0.687500
vt 0.359375 0.687500
vt 0.156250 0.703125
vt 0.140625 0.703125
vt 0.171875 0.703125
vt 0.187500 0.703125
vt 0.203125 0.703125
vt 0.218750 0.703125
vt 0.234375 0.703125
vt 0.250000 0.703125
vt 0.265625 0.703125
vt 0.281250 0.703125
vt 0.296875 0.703125
vt 0.312500 0.703125
vt 0.328125 0.703125
vt 0.343750 0.703125
vt 0.359375 0.703125
vt 0.156250 0.718750
vt 0.140625 0.718750
vt 0.171875 0.718750
vt 0.187500 0.718750
vt 0.203125 0.718750
vt 0.218750 0.718750
vt 0.234375 0.718750
vt 0.250000 0.718750
vt 0.265625 0.718750
vt 0.281250 0.718750
vt 0.296875 0.718750
vt 0.312500 0.718750
vt 0.328125 0.718750
vt 0.343750 0.718750
vt 0.359375 0.718750
vt 0.156250 0.734375
vt 0.140625 0.734375
vt 0.171875 0.734375
vt 0.187500 0.734375
vt 0.203125 0.734375
vt 0.218750 0.734375
vt 0.234375 0.734375
vt 0.250000 0.734375
vt 0.265625 0.734375
vt 0.281250 0.734375
vt 0.296875 0.734375
vt 0.312500 0.734375
vt 0.328125 0.734375
vt 0.343750 0.734375
vt 0.359375 0.733765
vt 0.125000 0.500000
vt 0.140625 0.500000
vt 0.125000 0.515625
vt 0.156250 0.500000
vt 0.171875 0.500000
vt 0.187500 0.500000
vt 0.203125 0.500000
vt 0.218750 0.500000
vt 0.234375 0.500000
vt 0.250000 0.500000
vt 0.265625 0.500000
vt 0.281250 0.500000
vt 0.296875 0.500000
vt 0.312500 0.500000
vt 0.328125 0.500000
vt 0.343750 0.500000
vt 0.359375 0.500000
vt 0.375000 0.500000
vt 0.375000 0.515625
vt 0.375000 0.531250
vt 0.375000 0.546875
vt 0.375000 0.562500
vt 0.375000 0.578125
vt 0.375000 0.593750
vt 0.375000 0.609375
vt 0.375000 0.625000
vt 0.375000 0.640625
vt 0.375000 0.656250
vt 0.375000 0.671875
vt 0.375000 0.687500
vt 0.375000 0.703125
vt 0.375000 0.718750
vt 0.375000 0.734375
vt 0.359375 0.750000
vt 0.343750 0.750000
vt 0.328125 0.750000
vt 0.312500 0.750000
vt 0.296875 0.750000
vt 0.281250 0.750000
vt 0.265625 0.750000
vt 0.250000 0.750000
vt 0.234375 0.750000
vt 0.218750 0.750000
vt 0.203125 0.750000
vt 0.187500 0.750000
vt 0.171875 0.750000
vt 0.156250 0.750000
vt 0.140625 0.750000
vt 0.125000 0.734375
vt 0.125000 0.750000
vt 0.125000 0.718750
vt 0.125000 0.703125
vt 0.125000 0.687500
vt 0.125000 0.671875
vt 0.125000 0.656250
vt 0.125000 0.640625
vt 0.125000 0.625000
vt 0.125000 0.609375
vt 0.125000 0.593750
vt 0.125000 0.578125
vt 0.125000 0.562500
vt 0.125000 0.546875
vt 0.125000 0.531250
vt 0.390991 0.515991
vt 0.406250 0.515625
vt 0.406250 0.531250
vt 0.390625 0.531250
vt 0.421875 0.515625
vt 0.421875 0.531250
vt 0.437500 0.515625
vt 0.437500 0.531250
vt 0.453125 0.515625
vt 0.453125 0.531250
vt 0.468750 0.515625
vt 0.468750 0.531250
vt 0.484375 0.515625
vt 0.484375 0.531250
vt 0.500000 0.515625
vt 0.500000 0.531250
vt 0.515625 0.515625
vt 0.515625 0.531250
vt 0.531250 0.515625
vt 0.531250 0.531250
vt 0.546875 0.515625
vt 0.546875 0.531250
vt 0.562500 0.515625
vt 0.562500 0.531250
vt 0.578125 0.515625
vt 0.578125 0.531250
vt 0.593750 0.515625
vt 0.593750 0.531250
vt 0.609009 0.515991
vt 0.609375 0.531250
vt 0.406250 0.546875
vt 0.390625 0.546875
vt 0.421875 0.546875
vt 0.437500 0.546875
vt 0.453125 0.546875
vt 0.468750 0.546875
vt 0.484375 0.546875
vt 0.500000 0.546875
vt 0.515625 0.546875
vt 0.531250 0.546875
vt 0.546875 0.546875
vt 0.562500 0.546875
vt 0.578125 0.546875
vt 0.593750 0.546875
vt 0.609375 0.546875
vt 0.406250 0.562500
vt 0.390625 0.562500
vt 0.421875 0.562500
vt 0.437500 0.562500
vt 0.453125 0.562500
vt 0.468750 0.562500
vt 0.484375 0.562500
vt 0.500000 0.562500
vt 0.515625 0.562500
vt 0.531250 0.562500
vt 0.546875 0.562500
vt 0.562500 0.562500
vt 0.578125 0.562500
vt 0.593750 0.562500
vt 0.609375 0.562500
vt 0.406250 0.578125
vt 0.390625 0.578125
vt 0.421875 0.578125
vt 0.437500 0.578125
vt 0.453125 0.578125
vt 0.468750 0.578125
vt 0.484375 0.578125
vt 0.500000 0.578125
vt 0.515625 0.578125
vt 0.531250 0.578125
vt 0.546875 0.578125
vt 0.562500 0.578125
vt 0.578125 0.578125
vt 0.593750 0.578125
vt 0.609375 0.578125
vt 0.406250 0.593750
vt 0.390625 0.593750
vt 0.421875 0.593750
vt 0.437500 0.593750
vt 0.453125 0.593750
vt 0.468750 0.593750
vt 0.484375 0.593750
vt 0.500000 0.593750
vt 0.515625 0.593750
vt 0.531250 0.593750
vt 0.546875 0.593750
vt 0.562500 0.593750
vt 0.578125 0.593750
vt 0.593750 0.593750
vt 0.609375 0.593750
vt 0.406250 0.609375
vt 0.390625 0.609375
vt 0.421875 0.609375
vt 0.437500 0.609375
vt 0.453125 0.609375
vt 0.468750 0.609375
vt 0.484375 0.609375
vt 0.500000 0.609375
vt 0.515625 0.609375
vt 0.531250 0.609375
vt 0.546875 0.609375
vt 0.562500 0.609375
vt 0.578125 0.609375
vt 0.593750 0.609375
vt 0.609375 0.609375
vt 0.406250 0.625000
vt 0.390625 0.625000
vt 0.421875 0.625000
vt 0.437500 0.625000
vt 0.453125 0.625000
vt 0.468750 0.625000
vt 0.484375 0.625000
vt 0.500000 0.625000
vt 0.515625 0.625000
vt 0.531250 0.625000
vt 0.546875 0.625000
vt 0.562500 0.625000
vt 0.578125 0.625000
vt 0.593750 0.625000
vt 0.609375 0.625000
vt 0.406250 0.640625
vt 0.390625 0.640625
vt 0.421875 0.640625
vt 0.437500 0.640625
vt 0.453125 0.640625
vt 0.468750 0.640625
vt 0.484375 0.640625
vt 0.500000 0.640625
vt 0.515625 0.640625
vt 0.531250 0.640625
vt 0.546875 0.640625
vt 0.562500 0.640625
vt 0.578125 0.640625
vt 0.593750 0.640625
vt 0.609375 0.640625
vt 0.406250 0.656250
vt 0.390625 0.656250
vt 0.421875 0.656250
vt 0.437500 0.656250
vt 0.453125 0.656250
vt 0.468750 0.656250
vt 0.484375 0.656250
vt 0.500000 0.656250
vt 0.515625 0.656250
vt 0.531250 0.656250
vt 0.546875 0.656250
vt 0.562500 0.656250
vt 0.578125 0.656250
vt 0.593750 0.656250
vt 0.609375 0.656250
vt 0.406250 0.671875
vt 0.390625 0.671875
vt 0.421875 0.671875
vt 0.437500 0.671875
vt 0.453125 0.671875
vt 0.468750 0.671875
vt 0.484375 0.671875
vt 0.500000 0.671875
vt 0.515625 0.671875
vt 0.531250 0.671875
vt 0.546875 0.671875
vt 0.562500 0.671875
vt 0.578125 0.671875
vt 0.593750 0.671875
vt 0.609375 0.671875
vt 0.406250 0.687500
vt 0.390625 0.687500
vt 0.421875 0.687500
vt 0.437500 0.687500
vt 0.453125 0.687500
vt 0.468750 0.687500
vt 0.484375 0.687500
vt 0.500000 0.687500
vt 0.515625 0.687500
vt 0.531250 0.687500
vt 0.546875 0.687500
vt 0.562500 0.687500
vt 0.578125 0.687500
vt 0.593750 0.687500
vt 0.609375 0.687500
vt 0.406250 0.703125
vt 0.390625 0.703125
vt 0.421875 0.703125
vt 0.437500 0.703125
vt 0.453125 0.703125
vt 0.468750 0.703125
vt 0.484375 0.703125
vt 0.500000 0.703125
vt 0.515625 0.703125
vt 0.531250 0.703125
vt 0.546875 0.703125
vt 0.562500 0.703125
vt 0.578125 0.703125
vt 0.593750 0.703125
vt 0.609375 0.703125
vt 0.406250 0.718750
vt 0.390625 0.718750
vt 0.421875 0.718750
vt 0.437500 0.718750
vt 0.453125 0.718750
vt 0.468750 0.718750
vt 0.484375 0.718750
vt 0.500000 0.718750
vt 0.515625 0.718750
vt 0.531250 0.718750
vt 0.546875 0.718750
vt 0.562500 0.718750
vt 0.578125 0.718750
vt 0.593750 0.718750
vt 0.609375 0.718750
vt 0.406250 0.734375
vt 0.390991 0.734009
vt 0.421875 0.734375
vt 0.437500 0.734375
vt 0.453125 0.734375
vt 0.468750 0.734375
vt 0.484375 0.734375
vt 0.500000 0.734375
vt 0.515625 0.734375
vt 0.531250 0.734375
vt 0.546875 0.734375
vt 0.562500 0.734375
vt 0.578125 0.734375
vt 0.593750 0.734375
vt 0.609009 0.734009
vt 0.390625 0.500000
vt 0.406250 0.500000
vt 0.421875 0.500000
vt 0.437500 0.500000
vt 0.453125 0.500000
vt 0.468750 0.500000
vt 0.484375 0.500000
vt 0.500000 0.500000
vt 0.515625 0.500000
vt 0.531250 0.500000
vt 0.546875 0.500000
vt 0.562500 0.500000
vt 0.578125 0.500000
vt 0.593750 0.500000
vt 0.609375 0.500000
vt 0.390625 0.265625
vt 0.406250 0.265625
vt 0.406250 0.281250
vt 0.390625 0.281250
vt 0.421875 0.265625
vt 0.421875 0.281250
vt 0.437500 0.265625
vt 0.437500 0.281250
vt 0.453125 0.265625
vt 0.453125 0.281250
vt 0.468750 0.265625
vt 0.468750 0.281250
vt 0.484375 0.265625
vt 0.484375 0.281250
vt 0.500000 0.265625
vt 0.500000 0.281250
vt 0.515625 0.265625
vt 0.515625 0.281250
vt 0.531250 0.265625
vt 0.531250 0.281250
vt 0.546875 0.265625
vt 0.546875 0.281250
vt 0.562500 0.265625
vt 0.562500 0.281250
vt 0.578125 0.265625
vt 0.578125 0.281250
vt 0.593750 0.265625
vt 0.593750 0.281250
vt 0.609375 0.265625
vt 0.609375 0.281250
vt 0.406250 0.296875
vt 0.390625 0.296875
vt 0.421875 0.296875
vt 0.437500 0.296875
vt 0.453125 0.296875
vt 0.468750 0.296875
vt 0.484375 0.296875
vt 0.500000 0.296875
vt 0.515625 0.296875
vt 0.531250 0.296875
vt 0.546875 0.296875
vt 0.562500 0.296875
vt 0.578125 0.296875
vt 0.593750 0.296875
vt 0.609375 0.296875
vt 0.406250 0.312500
vt 0.390625 0.312500
vt 0.421875 0.312500
vt 0.437500 0.312500
vt 0.453125 0.312500
vt 0.468750 0.312500
vt 0.484375 0.312500
vt 0.500000 0.312500
vt 0.515625 0.312500
vt 0.531250 0.312500
vt 0.546875 0.312500
vt 0.562500 0.312500
vt 0.578125 0.312500
vt 0.593750 0.312500
vt 0.609375 0.312500
vt 0.406250 0.328125
vt 0.390625 0.328125
vt 0.421875 0.328125
vt 0.437500 0.328125
vt 0.453125 0.328125
vt 0.468750 0.328125
vt 0.484375 0.328125
vt 0.500000 0.328125
vt 0.515625 0.328125
vt 0.531250 0.328125
vt 0.546875 0.328125
vt 0.562500 0.328125
vt 0.578125 0.328125
vt 0.593750 0.328125
vt 0.609375 0.328125
vt 0.406250 0.343750
vt 0.390625 0.343750
vt 0.421875 0.343750
vt 0.437500 0.343750
vt 0.453125 0.343750
vt 0.468750 0.343750
vt 0.484375 0.343750
vt 0.500000 0.343750
vt 0.515625 0.343750
vt 0.531250 0.343750
vt 0.546875 0.343750
vt 0.562500 0.343750
vt 0.578125 0.343750
vt 0.593750 0.343750
vt 0.609375 0.343750
vt 0.406250 0.359375
vt 0.390625 0.359375
vt 0.421875 0.359375
vt 0.437500 0.359375
vt 0.453125 0.359375
vt 0.468750 0.359375
vt 0.484375 0.359375
vt 0.500000 0.359375
vt 0.515625 0.359375
vt 0.531250 0.359375
vt 0.546875 0.359375
vt 0.562500 0.359375
vt 0.578125 0.359375
vt 0.593750 0.359375
vt 0.609375 0.359375
vt 0.406250 0.375000
vt 0.390625 0.375000
vt 0.421875 0.375000
vt 0.437500 0.375000
vt 0.453125 0.375000
vt 0.468750 0.375000
vt 0.484375 0.375000
vt 0.500000 0.375000
vt 0.515625 0.375000
vt 0.531250 0.375000
vt 0.546875 0.375000
vt 0.562500 0.375000
vt 0.578125 0.375000
vt 0.593750 0.375000
vt 0.609375 0.375000
vt 0.406250 0.390625
vt 0.390625 0.390625
vt 0.421875 0.390625
vt 0.437500 0.390625
vt 0.453125 0.390625
vt 0.468750 0.390625
vt 0.484375 0.390625
vt 0.500000 0.390625
vt 0.515625 0.390625
vt 0.531250 0.390625
vt 0.546875 0.390625
vt 0.562500 0.390625
vt 0.578125 0.390625
vt 0.593750 0.390625
vt 0.609375 0.390625
vt 0.406250 0.406250
vt 0.390625 0.406250
vt 0.421875 0.406250
vt 0.437500 0.406250
vt 0.453125 0.406250
vt 0.468750 0.406250
vt 0.484375 0.406250
vt 0.500000 0.406250
vt 0.515625 0.406250
vt 0.531250 0.406250
vt 0.546875 0.406250
vt 0.562500 0.406250
vt 0.578125 0.406250
vt 0.593750 0.406250
vt 0.609375 0.406250
vt 0.406250 0.421875
vt 0.390625 0.421875
vt 0.421875 0.421875
vt 0.437500 0.421875
vt 0.453125 0.421875
vt 0.468750 0.421875
vt 0.484375 0.421875
vt 0.500000 0.421875
vt 0.515625 0.421875
vt 0.531250 0.421875
vt 0.546875 0.421875
vt 0.562500 0.421875
vt 0.578125 0.421875
vt 0.593750 0.421875
vt 0.609375 0.421875
vt 0.406250 0.437500
vt 0.390625 0.437500
vt 0.421875 0.437500
vt 0.437500 0.437500
vt 0.453125 0.437500
vt 0.468750 0.437500
vt 0.484375 0.437500
vt 0.500000 0.437500
vt 0.515625 0.437500
vt 0.531250 0.437500
vt 0.546875 0.437500
vt 0.562500 0.437500
vt 0.578125 0.437500
vt 0.593750 0.437500
vt 0.609375 0.437500
vt 0.406250 0.453125
vt 0.390625 0.453125
vt 0.421875 0.453125
vt 0.437500 0.453125
vt 0.453125 0.453125
vt 0.468750 0.453125
vt 0.484375 0.453125
vt 0.500000 0.453125
vt 0.515625 0.453125
vt 0.531250 0.453125
vt 0.546875 0.453125
vt 0.562500 0.453125
vt 0.578125 0.453125
vt 0.593750 0.453125
vt 0.609375 0.453125
vt 0.406250 0.468750
vt 0.390625 0.468750
vt 0.421875 0.468750
vt 0.437500 0.468750
vt 0.453125 0.468750
vt 0.468750 0.468750
vt 0.484375 0.468750
vt 0.500000 0.468750
vt 0.515625 0.468750
vt 0.531250 0.468750
vt 0.546875 0.468750
vt 0.562500 0.468750
vt 0.578125 0.468750
vt 0.593750 0.468750
vt 0.609375 0.468750
vt 0.406250 0.484375
vt 0.391235 0.484375
vt 0.421875 0.484375
vt 0.437500 0.484375
vt 0.453125 0.484375
vt 0.468750 0.484375
vt 0.484375 0.484375
vt 0.500000 0.484375
vt 0.515625 0.484375
vt 0.531250 0.484375
vt 0.546875 0.484375
vt 0.562500 0.484375
vt 0.578125 0.484375
vt 0.593750 0.484375
vt 0.608765 0.484375
vt 0.375000 0.265625
vt 0.625000 0.265625
vt 0.625000 0.281250
vt 0.625000 0.296875
vt 0.625000 0.312500
vt 0.625000 0.328125
vt 0.625000 0.343750
vt 0.625000 0.359375
vt 0.625000 0.375000
vt 0.625000 0.390625
vt 0.625000 0.406250
vt 0.625000 0.421875
vt 0.625000 0.437500
vt 0.625000 0.453125
vt 0.625000 0.468750
vt 0.625000 0.484375
vt 0.375000 0.484375
vt 0.375000 0.468750
vt 0.375000 0.453125
vt 0.375000 0.437500
vt 0.375000 0.421875
vt 0.375000 0.406250
vt 0.375000 0.390625
vt 0.375000 0.375000
vt 0.375000 0.359375
vt 0.375000 0.343750
vt 0.375000 0.328125
vt 0.375000 0.312500
vt 0.375000 0.296875
vt 0.375000 0.281250
s 1
usemtl Material.008
f 1015/373/635 1016/374/636 1031/375/637 1030/376/638
f 1016/374/636 1017/377/639 1032/378/640 1031/375/637
f 1017/377/639 1018/379/641 1033/380/642 1032/378/640
f 1018/379/641 1019/381/643 1034/382/644 1033/380/642
f 1019/381/643 1020/383/645 1035/384/646 1034/382/644
f 1020/383/645 1021/385/647 1036/386/648 1035/384/646
f 1021/385/647 1022/387/649 1037/388/650 1036/386/648
f 1022/387/649 1023/389/651 1038/390/652 1037/388/650
f 1023/389/651 1024/391/653 1039/392/654 1038/390/652
f 1024/391/653 1025/393/655 1040/394/656 1039/392/654
f 1025/393/655 1026/395/657 1041/396/658 1040/394/656
f 1026/395/657 1027/397/659 1042/398/660 1041/396/658
f 1027/397/659 1028/399/661 1043/400/662 1042/398/660
f 1028/399/661 1029/401/663 1044/402/664 1043/400/662
f 1030/376/638 1031/375/637 1046/403/665 1045/404/666
f 1031/375/637 1032/378/640 1047/405/667 1046/403/665
f 1032/378/640 1033/380/642 1048/406/668 1047/405/667
f 1033/380/642 1034/382/644 1049/407/669 1048/406/668
f 1034/382/644 1035/384/646 1050/408/670 1049/407/669
f 1035/384/646 1036/386/648 1051/409/671 1050/408/670
f 1036/386/648 1037/388/650 1052/410/672 1051/409/671
f 1037/388/650 1038/390/652 1053/411/673 1052/410/672
f 1038/390/652 1039/392/654 1054/412/674 1053/411/673
f 1039/392/654 1040/394/656 1055/413/675 1054/412/674
f 1040/394/656 1041/396/658 1056/414/676 1055/413/675
f 1041/396/658 1042/398/660 1057/415/677 1056/414/676
f 1042/398/660 1043/400/662 1058/416/678 1057/415/677
f 1043/400/662 1044/402/664 1059/417/679 1058/416/678
f 1045/404/666 1046/403/665 1061/418/680 1060/419/681
f 1046/403/665 1047/405/667 1062/420/682 1061/418/680
f 1047/405/667 1048/406/668 1063/421/683 1062/420/682
f 1048/406/668 1049/407/669 1064/422/684 1063/421/683
f 1049/407/669 1050/408/670 1065/423/685 1064/422/684
f 1050/408/670 1051/409/671 1066/424/686 1065/423/685
f 1051/409/671 1052/410/672 1067/425/687 1066/424/686
f 1052/410/672 1053/411/673 1068/426/688 1067/425/687
f 1053/411/673 1054/412/674 1069/427/689 1068/426/688
f 1054/412/674 1055/413/675 1070/428/690 1069/427/689
f 1055/413/675 1056/414/676 1071/429/691 1070/428/690
f 1056/414/676 1057/415/677 1072/430/692 1071/429/691
f 1057/415/677 1058/416/678 1073/431/693 1072/430/692
f 1058/416/678 1059/417/679 1074/432/694 1073/431/693
f 1060/419/681 1061/418/680 1076/433/695 1075/434/696
f 1061/418/680 1062/420/682 1077/435/697 1076/433/695
f 1062/420/682 1063/421/683 1078/436/698 1077/435/697
f 1063/421/683 1064/422/684 1079/437/699 1078/436/698
f 1064/422/684 1065/423/685 1080/438/700 1079/437/699
f 1065/423/685 1066/424/686 1081/439/701 1080/438/700
f 1066/424/686 1067/425/687 1082/440/702 1081/439/701
f 1067/425/687 1068/426/688 1083/441/703 1082/440/702
f 1068/426/688 1069/427/689 1084/442/704 1083/441/703
f 1069/427/689 1070/428/690 1085/443/705 1084/442/704
f 1070/428/690 1071/429/691 1086/444/706 1085/443/705
f 1071/429/691 1072/430/692 1087/445/707 1086/444/706
f 1072/430/692 1073/431/693 1088/446/708 1087/445/707
f 1073/431/693 1074/432/694 1089/447/709 1088/446/708
f 1075/434/696 1076/433/695 1091/448/710 1090/449/711
f 1076/433/695 1077/435/697 1092/450/712 1091/448/710
f 1077/435/697 1078/436/698 1093/451/713 1092/450/712
f 1078/436/698 1079/437/699 1094/452/714 1093/451/713
f 1079/437/699 1080/438/700 1095/453/715 1094/452/714
f 1080/438/700 1081/439/701 1096/454/716 1095/453/715
f 1081/439/701 1082/440/702 1097/455/717 1096/454/716
f 1082/440/702 1083/441/703 1098/456/718 1097/455/717
f 1083/441/703 1084/442/704 1099/457/719 1098/456/718
f 1084/442/704 1085/443/705 1100/458/720 1099/457/719
f 1085/443/705 1086/444/706 1101/459/721 1100/458/720
f 1086/444/706 1087/445/707 1102/460/722 1101/459/721
f 1087/445/707 1088/446/708 1103/461/723 1102/460/722
f 1088/446/708 1089/447/709 1104/462/724 1103/461/723
f 1090/449/711 1091/448/710 1106/463/725 1105/464/726
f 1091/448/710 1092/450/712 1107/465/727 1106/463/725
f 1092/450/712 1093/451/713 1108/466/728 1107/465/727
f 1093/451/713 1094/452/714 1109/467/729 1108/466/728
f 1094/452/714 1095/453/715 1110/468/730 1109/467/729
f 1095/453/715 1096/454/716 1111/469/731 1110/468/730
f 1096/454/716 1097/455/717 1112/470/732 1111/469/731
f 1097/455/717 1098/456/718 1113/471/733 1112/470/732
f 1098/456/718 1099/457/719 1114/472/734 1113/471/733
f 1099/457/719 1100/458/720 1115/473/735 1114/472/734
f 1100/458/720 1101/459/721 1116/474/736 1115/473/735
f 1101/459/721 1102/460/722 1117/475/737 1116/474/736
f 1102/460/722 1103/461/723 1118/476/738 1117/475/737
f 1103/461/723 1104/462/724 1119/477/739 1118/476/738
f 1105/464/726 1106/463/725 1121/478/740 1120/479/741
f 1106/463/725 1107/465/727 1122/480/742 1121/478/740
f 1107/465/727 1108/466/728 1123/481/743 1122/480/742
f 1108/466/728 1109/467/729 1124/482/744 1123/481/743
f 1109/467/729 1110/468/730 1125/483/745 1124/482/744
f 1110/468/730 1111/469/731 1126/484/746 1125/483/745
f 1111/469/731 1112/470/732 1127/485/747 1126/484/746
f 1112/470/732 1113/471/733 1128/486/748 1127/485/747
f 1113/471/733 1114/472/734 1129/487/749 1128/486/748
f 1114/472/734 1115/473/735 1130/488/750 1129/487/749
f 1115/473/735 1116/474/736 1131/489/751 1130/488/750
f 1116/474/736 1117/475/737 1132/490/752 1131/489/751
f 1117/475/737 1118/476/738 1133/491/753 1132/490/752
f 1118/476/738 1119/477/739 1134/492/754 1133/491/753
f 1120/479/741 1121/478/740 1136/493/755 1135/494/756
f 1121/478/740 1122/480/742 1137/495/757 1136/493/755
f 1122/480/742 1123/481/743 1138/496/758 1137/495/757
f 1123/481/743 1124/482/744 1139/497/759 1138/496/758
f 1124/482/744 1125/483/745 1140/498/760 1139/497/759
f 1125/483/745 1126/484/746 1141/499/761 1140/498/760
f 1126/484/746 1127/485/747 1142/500/762 1141/499/761
f 1127/485/747 1128/486/748 1143/501/763 1142/500/762
f 1128/486/748 1129/487/749 1144/502/764 1143/501/763
f 1129/487/749 1130/488/750 1145/503/765 1144/502/764
f 1130/488/750 1131/489/751 1146/504/766 1145/503/765
f 1131/489/751 1132/490/752 1147/505/767 1146/504/766
f 1132/490/752 1133/491/753 1148/506/768 1147/505/767
f 1133/491/753 1134/492/754 1149/507/769 1148/506/768
f 1135/494/756 1136/493/755 1151/508/770 1150/509/771
f 1136/493/755 1137/495/757 1152/510/772 1151/508/770
f 1137/495/757 1138/496/758 1153/511/773 1152/510/772
f 1138/496/758 1139/497/759 1154/512/774 1153/511/773
f 1139/497/759 1140/498/760 1155/513/775 1154/512/774
f 1140/498/760 1141/499/761 1156/514/776 1155/513/775
f 1141/499/761 1142/500/762 1157/515/777 1156/514/776
f 1142/500/762 1143/501/763 1158/516/778 1157/515/777
f 1143/501/763 1144/502/764 1159/517/779 1158/516/778
f 1144/502/764 1145/503/765 1160/518/780 1159/517/779
f 1145/503/765 1146/504/766 1161/519/781 1160/518/780
f 1146/504/766 1147/505/767 1162/520/782 1161/519/781
f 1147/505/767 1148/506/768 1163/521/783 1162/520/782
f 1148/506/768 1149/507/769 1164/522/784 1163/521/783
f 1150/509/771 1151/508/770 1166/523/785 1165/524/786
f 1151/508/770 1152/510/772 1167/525/787 1166/523/785
f 1152/510/772 1153/511/773 1168/526/788 1167/525/787
f 1153/511/773 1154/512/774 1169/527/789 1168/526/788
f 1154/512/774 1155/513/775 1170/528/790 1169/527/789
f 1155/513/775 1156/514/776 1171/529/791 1170/528/790
f 1156/514/776 1157/515/777 1172/530/792 1171/529/791
f 1157/515/777 1158/516/778 1173/531/793 1172/530/792
f 1158/516/778 1159/517/779 1174/532/794 1173/531/793
f 1159/517/779 1160/518/780 1175/533/795 1174/532/794
f 1160/518/780 1161/519/781 1176/534/796 1175/533/795
f 1161/519/781 1162/520/782 1177/535/797 1176/534/796
f 1162/520/782 1163/521/783 1178/536/798 1177/535/797
f 1163/521/783 1164/522/784 1179/537/799 1178/536/798
f 1165/524/786 1166/523/785 1181/538/800 1180/539/801
f 1166/523/785 1167/525/787 1182/540/802 1181/538/800
f 1167/525/787 1168/526/788 1183/541/803 1182/540/802
f 1168/526/788 1169/527/789 1184/542/804 1183/541/803
f 1169/527/789 1170/528/790 1185/543/805 1184/542/804
f 1170/528/790 1171/529/791 1186/544/806 1185/543/805
f 1171/529/791 1172/530/792 1187/545/807 1186/544/806
f 1172/530/792 1173/531/793 1188/546/808 1187/545/807
f 1173/531/793 1174/532/794 1189/547/809 1188/546/808
f 1174/532/794 1175/533/795 1190/548/810 1189/547/809
f 1175/533/795 1176/534/796 1191/549/811 1190/548/810
f 1176/534/796 1177/535/797 1192/550/812 1191/549/811
f 1177/535/797 1178/536/798 1193/551/813 1192/550/812
f 1178/536/798 1179/537/799 1194/552/814 1193/551/813
f 1180/539/801 1181/538/800 1196/553/815 1195/554/816
f 1181/538/800 1182/540/802 1197/555/817 1196/553/815
f 1182/540/802 1183/541/803 1198/556/818 1197/555/817
f 1183/541/803 1184/542/804 1199/557/819 1198/556/818
f 1184/542/804 1185/543/805 1200/558/820 1199/557/819
f 1185/543/805 1186/544/806 1201/559/821 1200/558/820
f 1186/544/806 1187/545/807 1202/560/822 1201/559/821
f 1187/545/807 1188/546/808 1203/561/823 1202/560/822
f 1188/546/808 1189/547/809 1204/562/824 1203/561/823
f 1189/547/809 1190/548/810 1205/563/825 1204/562/824
f 1190/548/810 1191/549/811 1206/564/826 1205/563/825
f 1191/549/811 1192/550/812 1207/565/827 1206/564/826
f 1192/550/812 1193/551/813 1208/566/828 1207/565/827
f 1193/551/813 1194/552/814 1209/567/829 1208/566/828
f 1195/554/816 1196/553/815 1211/568/830 1210/569/831
f 1196/553/815 1197/555/817 1212/570/832 1211/568/830
f 1197/555/817 1198/556/818 1213/571/833 1212/570/832
f 1198/556/818 1199/557/819 1214/572/834 1213/571/833
f 1199/557/819 1200/558/820 1215/573/835 1214/572/834
f 1200/558/820 1201/559/821 1216/574/836 1215/573/835
f 1201/559/821 1202/560/822 1217/575/837 1216/574/836
f 1202/560/822 1203/561/823 1218/576/838 1217/575/837
f 1203/561/823 1204/562/824 1219/577/839 1218/576/838
f 1204/562/824 1205/563/825 1220/578/840 1219/577/839
f 1205/563/825 1206/564/826 1221/579/841 1220/578/840
f 1206/564/826 1207/565/827 1222/580/842 1221/579/841
f 1207/565/827 1208/566/828 1223/581/843 1222/580/842
f 1208/566/828 1209/567/829 1224/582/844 1223/581/843
f 1210/569/831 1211/568/830 1226/583/845 1225/584/846
f 1211/568/830 1212/570/832 1227/585/847 1226/583/845
f 1212/570/832 1213/571/833 1228/586/848 1227/585/847
f 1213/571/833 1214/572/834 1229/587/849 1228/586/848
f 1214/572/834 1215/573/835 1230/588/850 1229/587/849
f 1215/573/835 1216/574/836 1231/589/851 1230/588/850
f 1216/574/836 1217/575/837 1232/590/852 1231/589/851
f 1217/575/837 1218/576/838 1233/591/853 1232/590/852
f 1218/576/838 1219/577/839 1234/592/854 1233/591/853
f 1219/577/839 1220/578/840 1235/593/855 1234/592/854
f 1220/578/840 1221/579/841 1236/594/856 1235/593/855
f 1221/579/841 1222/580/842 1237/595/857 1236/594/856
f 1222/580/842 1223/581/843 1238/596/858 1237/595/857
f 1223/581/843 1224/582/844 1239/597/859 1238/596/858
f 827/598/860 999/599/861 1015/373/635 940/600/862
f 999/599/861 998/601/863 1016/374/636 1015/373/635
f 998/601/863 997/602/864 1017/377/639 1016/374/636
f 997/602/864 996/603/865 1018/379/641 1017/377/639
f 996/603/865 995/604/866 1019/381/643 1018/379/641
f 995/604/866 994/605/867 1020/383/645 1019/381/643
f 994/605/867 993/606/868 1021/385/647 1020/383/645
f 993/606/868 992/607/869 1022/387/649 1021/385/647
f 992/607/869 991/608/870 1023/389/651 1022/387/649
f 991/608/870 990/609/871 1024/391/653 1023/389/651
f 990/609/871 989/610/872 1025/393/655 1024/391/653
f 989/610/872 988/611/873 1026/395/657 1025/393/655
f 988/611/873 987/612/874 1027/397/659 1026/395/657
f 987/612/874 986/613/875 1028/399/661 1027/397/659
f 986/613/875 985/614/876 1029/401/663 1028/399/661
f 985/614/876 831/615/877 984/616/878 1029/401/663
f 1029/401/663 984/616/878 983/617/879 1044/402/664
f 1044/402/664 983/617/879 982/618/880 1059/417/679
f 1059/417/679 982/618/880 981/619/881 1074/432/694
f 1074/432/694 981/619/881 980/620/882 1089/447/709
f 1089/447/709 980/620/882 979/621/883 1104/462/724
f 1104/462/724 979/621/883 978/622/884 1119/477/739
f 1119/477/739 978/622/884 977/623/885 1134/492/754
f 1134/492/754 977/623/885 976/624/886 1149/507/769
f 1149/507/769 976/624/886 975/625/887 1164/522/784
f 1164/522/784 975/625/887 974/626/888 1179/537/799
f 1179/537/799 974/626/888 973/627/889 1194/552/814
f 1194/552/814 973/627/889 972/628/890 1209/567/829
f 1209/567/829 972/628/890 971/629/891 1224/582/844
f 1224/582/844 971/629/891 970/630/892 1239/597/859
f 1239/597/859 970/630/892 833/631/893 939/632/894
f 1238/596/858 1239/597/859 939/632/894 938/633/895
f 1237/595/857 1238/596/858 938/633/895 937/634/896
f 1236/594/856 1237/595/857 937/634/896 936/635/897
f 1235/593/855 1236/594/856 936/635/897 935/636/898
f 1234/592/854 1235/593/855 935/636/898 934/637/899
f 1233/591/853 1234/592/854 934/637/899 933/638/900
f 1232/590/852 1233/591/853 933/638/900 932/639/901
f 1231/589/851 1232/590/852 932/639/901 931/640/902
f 1230/588/850 1231/589/851 931/640/902 930/641/903
f 1229/587/849 1230/588/850 930/641/903 929/642/904
f 1228/586/848 1229/587/849 929/642/904 928/643/905
f 1227/585/847 1228/586/848 928/643/905 927/644/906
f 1226/583/845 1227/585/847 927/644/906 926/645/907
f 1225/584/846 1226/583/845 926/645/907 925/646/908
f 954/647/909 1225/584/846 925/646/908 829/648/910
f 953/649/911 1210/569/831 1225/584/846 954/647/909
f 952/650/912 1195/554/816 1210/569/831 953/649/911
f 951/651/913 1180/539/801 1195/554/816 952/650/912
f 950/652/914 1165/524/786 1180/539/801 951/651/913
f 949/653/915 1150/509/771 1165/524/786 950/652/914
f 948/654/916 1135/494/756 1150/509/771 949/653/915
f 947/655/917 1120/479/741 1135/494/756 948/654/916
f 946/656/918 1105/464/726 1120/479/741 947/655/917
f 945/657/919 1090/449/711 1105/464/726 946/656/918
f 944/658/920 1075/434/696 1090/449/711 945/657/919
f 943/659/921 1060/419/681 1075/434/696 944/658/920
f 942/660/922 1045/404/666 1060/419/681 943/659/921
f 941/661/923 1030/376/638 1045/404/666 942/660/922
f 940/600/862 1015/373/635 1030/376/638 941/661/923
f 1240/662/924 1241/663/925 1256/664/926 1255/665/927
f 1241/663/925 1242/666/928 1257/667/929 1256/664/926
f 1242/666/928 1243/668/930 1258/669/931 1257/667/929
f 1243/668/930 1244/670/932 1259/671/933 1258/669/931
f 1244/670/932 1245/672/934 1260/673/935 1259/671/933
f 1245/672/934 1246/674/936 1261/675/937 1260/673/935
f 1246/674/936 1247/676/938 1262/677/939 1261/675/937
f 1247/676/938 1248/678/940 1263/679/941 1262/677/939
f 1248/678/940 1249/680/942 1264/681/943 1263/679/941
f 1249/680/942 1250/682/944 1265/683/945 1264/681/943
f 1250/682/944 1251/684/946 1266/685/947 1265/683/945
f 1251/684/946 1252/686/948 1267/687/949 1266/685/947
f 1252/686/948 1253/688/950 1268/689/951 1267/687/949
f 1253/688/950 1254/690/952 1269/691/953 1268/689/951
f 1255/665/927 1256/664/926 1271/692/954 1270/693/955
f 1256/664/926 1257/667/929 1272/694/956 1271/692/954
f 1257/667/929 1258/669/931 1273/695/957 1272/694/956
f 1258/669/931 1259/671/933 1274/696/958 1273/695/957
f 1259/671/933 1260/673/935 1275/697/959 1274/696/958
f 1260/673/935 1261/675/937 1276/698/960 1275/697/959
f 1261/675/937 1262/677/939 1277/699/961 1276/698/960
f 1262/677/939 1263/679/941 1278/700/962 1277/699/961
f 1263/679/941 1264/681/943 1279/701/963 1278/700/962
f 1264/681/943 1265/683/945 1280/702/964 1279/701/963
f 1265/683/945 1266/685/947 1281/703/965 1280/702/964
f 1266/685/947 1267/687/949 1282/704/966 1281/703/965
f 1267/687/949 1268/689/951 1283/705/967 1282/704/966
f 1268/689/951 1269/691/953 1284/706/968 1283/705/967
f 1270/693/955 1271/692/954 1286/707/969 1285/708/970
f 1271/692/954 1272/694/956 1287/709/971 1286/707/969
f 1272/694/956 1273/695/957 1288/710/972 1287/709/971
f 1273/695/957 1274/696/958 1289/711/973 1288/710/972
f 1274/696/958 1275/697/959 1290/712/974 1289/711/973
f 1275/697/959 1276/698/960 1291/713/975 1290/712/974
f 1276/698/960 1277/699/961 1292/714/976 1291/713/975
f 1277/699/961 1278/700/962 1293/715/977 1292/714/976
f 1278/700/962 1279/701/963 1294/716/978 1293/715/977
f 1279/701/963 1280/702/964 1295/717/979 1294/716/978
f 1280/702/964 1281/703/965 1296/718/980 1295/717/979
f 1281/703/965 1282/704/966 1297/719/981 1296/718/980
f 1282/704/966 1283/705/967 1298/720/982 1297/719/981
f 1283/705/967 1284/706/968 1299/721/983 1298/720/982
f 1285/708/970 1286/707/969 1301/722/984 1300/723/985
f 1286/707/969 1287/709/971 1302/724/986 1301/722/984
f 1287/709/971 1288/710/972 1303/725/987 1302/724/986
f 1288/710/972 1289/711/973 1304/726/988 1303/725/987
f 1289/711/973 1290/712/974 1305/727/989 1304/726/988
f 1290/712/974 1291/713/975 1306/728/990 1305/727/989
f 1291/713/975 1292/714/976 1307/729/991 1306/728/990
f 1292/714/976 1293/715/977 1308/730/992 1307/729/991
f 1293/715/977 1294/716/978 1309/731/993 1308/730/992
f 1294/716/978 1295/717/979 1310/732/994 1309/731/993
f 1295/717/979 1296/718/980 1311/733/995 1310/732/994
f 1296/718/980 1297/719/981 1312/734/996 1311/733/995
f 1297/719/981 1298/720/982 1313/735/997 1312/734/996
f 1298/720/982 1299/721/983 1314/736/998 1313/735/997
f 1300/723/985 1301/722/984 1316/737/999 1315/738/1000
f 1301/722/984 1302/724/986 1317/739/1001 1316/737/999
f 1302/724/986 1303/725/987 1318/740/1002 1317/739/1001
f 1303/725/987 1304/726/988 1319/741/1003 1318/740/1002
f 1304/726/988 1305/727/989 1320/742/1004 1319/741/1003
f 1305/727/989 1306/728/990 1321/743/1005 1320/742/1004
f 1306/728/990 1307/729/991 1322/744/1006 1321/743/1005
f 1307/729/991 1308/730/992 1323/745/1007 1322/744/1006
f 1308/730/992 1309/731/993 1324/746/1008 1323/745/1007
f 1309/731/993 1310/732/994 1325/747/1009 1324/746/1008
f 1310/732/994 1311/733/995 1326/748/1010 1325/747/1009
f 1311/733/995 1312/734/996 1327/749/1011 1326/748/1010
f 1312/734/996 1313/735/997 1328/750/1012 1327/749/1011
f 1313/735/997 1314/736/998 1329/751/1013 1328/750/1012
f 1315/738/1000 1316/737/999 1331/752/1014 1330/753/1015
f 1316/737/999 1317/739/1001 1332/754/1016 1331/752/1014
f 1317/739/1001 1318/740/1002 1333/755/1017 1332/754/1016
f 1318/740/1002 1319/741/1003 1334/756/1018 1333/755/1017
f 1319/741/1003 1320/742/1004 1335/757/1019 1334/756/1018
f 1320/742/1004 1321/743/1005 1336/758/1020 1335/757/1019
f 1321/743/1005 1322/744/1006 1337/759/1021 1336/758/1020
f 1322/744/1006 1323/745/1007 1338/760/1022 1337/759/1021
f 1323/745/1007 1324/746/1008 1339/761/1023 1338/760/1022
f 1324/746/1008 1325/747/1009 1340/762/1024 1339/761/1023
f 1325/747/1009 1326/748/1010 1341/763/1025 1340/762/1024
f 1326/748/1010 1327/749/1011 1342/764/1026 1341/763/1025
f 1327/749/1011 1328/750/1012 1343/765/1027 1342/764/1026
f 1328/750/1012 1329/751/1013 1344/766/1028 1343/765/1027
f 1330/753/1015 1331/752/1014 1346/767/1029 1345/768/1030
f 1331/752/1014 1332/754/1016 1347/769/1031 1346/767/1029
f 1332/754/1016 1333/755/1017 1348/770/1032 1347/769/1031
f 1333/755/1017 1334/756/1018 1349/771/1033 1348/770/1032
f 1334/756/1018 1335/757/1019 1350/772/1034 1349/771/1033
f 1335/757/1019 1336/758/1020 1351/773/1035 1350/772/1034
f 1336/758/1020 1337/759/1021 1352/774/1036 1351/773/1035
f 1337/759/1021 1338/760/1022 1353/775/1037 1352/774/1036
f 1338/760/1022 1339/761/1023 1354/776/1038 1353/775/1037
f 1339/761/1023 1340/762/1024 1355/777/1039 1354/776/1038
f 1340/762/1024 1341/763/1025 1356/778/1040 1355/777/1039
f 1341/763/1025 1342/764/1026 1357/779/1041 1356/778/1040
f 1342/764/1026 1343/765/1027 1358/780/1042 1357/779/1041
f 1343/765/1027 1344/766/1028 1359/781/1043 1358/780/1042
f 1345/768/1030 1346/767/1029 1361/782/1044 1360/783/1045
f 1346/767/1029 1347/769/1031 1362/784/1046 1361/782/1044
f 1347/769/1031 1348/770/1032 1363/785/1047 1362/784/1046
f 1348/770/1032 1349/771/1033 1364/786/1048 1363/785/1047
f 1349/771/1033 1350/772/1034 1365/787/1049 1364/786/1048
f 1350/772/1034 1351/773/1035 1366/788/1050 1365/787/1049
f 1351/773/1035 1352/774/1036 1367/789/1051 1366/788/1050
f 1352/774/1036 1353/775/1037 1368/790/1052 1367/789/1051
f 1353/775/1037 1354/776/1038 1369/791/1053 1368/790/1052
f 1354/776/1038 1355/777/1039 1370/792/1054 1369/791/1053
f 1355/777/1039 1356/778/1040 1371/793/1055 1370/792/1054
f 1356/778/1040 1357/779/1041 1372/794/1056 1371/793/1055
f 1357/779/1041 1358/780/1042 1373/795/1057 1372/794/1056
f 1358/780/1042 1359/781/1043 1374/796/1058 1373/795/1057
f 1360/783/1045 1361/782/1044 1376/797/1059 1375/798/1060
f 1361/782/1044 1362/784/1046 1377/799/1061 1376/797/1059
f 1362/784/1046 1363/785/1047 1378/800/1062 1377/799/1061
f 1363/785/1047 1364/786/1048 1379/801/1063 1378/800/1062
f 1364/786/1048 1365/787/1049 1380/802/1064 1379/801/1063
f 1365/787/1049 1366/788/1050 1381/803/1065 1380/802/1064
f 1366/788/1050 1367/789/1051 1382/804/1066 1381/803/1065
f 1367/789/1051 1368/790/1052 1383/805/1067 1382/804/1066
f 1368/790/1052 1369/791/1053 1384/806/1068 1383/805/1067
f 1369/791/1053 1370/792/1054 1385/807/1069 1384/806/1068
f 1370/792/1054 1371/793/1055 1386/808/1070 1385/807/1069
f 1371/793/1055 1372/794/1056 1387/809/1071 1386/808/1070
f 1372/794/1056 1373/795/1057 1388/810/1072 1387/809/1071
f 1373/795/1057 1374/796/1058 1389/811/1073 1388/810/1072
f 1375/798/1060 1376/797/1059 1391/812/1074 1390/813/1075
f 1376/797/1059 1377/799/1061 1392/814/1076 1391/812/1074
f 1377/799/1061 1378/800/1062 1393/815/1077 1392/814/1076
f 1378/800/1062 1379/801/1063 1394/816/1078 1393/815/1077
f 1379/801/1063 1380/802/1064 1395/817/1079 1394/816/1078
f 1380/802/1064 1381/803/1065 1396/818/1080 1395/817/1079
f 1381/803/1065 1382/804/1066 1397/819/1081 1396/818/1080
f 1382/804/1066 1383/805/1067 1398/820/1082 1397/819/1081
f 1383/805/1067 1384/806/1068 1399/821/1083 1398/820/1082
f 1384/806/1068 1385/807/1069 1400/822/1084 1399/821/1083
f 1385/807/1069 1386/808/1070 1401/823/1085 1400/822/1084
f 1386/808/1070 1387/809/1071 1402/824/1086 1401/823/1085
f 1387/809/1071 1388/810/1072 1403/825/1087 1402/824/1086
f 1388/810/1072 1389/811/1073 1404/826/1088 1403/825/1087
f 1390/813/1075 1391/812/1074 1406/827/1089 1405/828/1090
f 1391/812/1074 1392/814/1076 1407/829/1091 1406/827/1089
f 1392/814/1076 1393/815/1077 1408/830/1092 1407/829/1091
f 1393/815/1077 1394/816/1078 1409/831/1093 1408/830/1092
f 1394/816/1078 1395/817/1079 1410/832/1094 1409/831/1093
f 1395/817/1079 1396/818/1080 1411/833/1095 1410/832/1094
f 1396/818/1080 1397/819/1081 1412/834/1096 1411/833/1095
f 1397/819/1081 1398/820/1082 1413/835/1097 1412/834/1096
f 1398/820/1082 1399/821/1083 1414/836/1098 1413/835/1097
f 1399/821/1083 1400/822/1084 1415/837/1099 1414/836/1098
f 1400/822/1084 1401/823/1085 1416/838/1100 1415/837/1099
f 1401/823/1085 1402/824/1086 1417/839/1101 1416/838/1100
f 1402/824/1086 1403/825/1087 1418/840/1102 1417/839/1101
f 1403/825/1087 1404/826/1088 1419/841/1103 1418/840/1102
f 1405/828/1090 1406/827/1089 1421/842/1104 1420/843/1105
f 1406/827/1089 1407/829/1091 1422/844/1106 1421/842/1104
f 1407/829/1091 1408/830/1092 1423/845/1107 1422/844/1106
f 1408/830/1092 1409/831/1093 1424/846/1108 1423/845/1107
f 1409/831/1093 1410/832/1094 1425/847/1109 1424/846/1108
f 1410/832/1094 1411/833/1095 1426/848/1110 1425/847/1109
f 1411/833/1095 1412/834/1096 1427/849/1111 1426/848/1110
f 1412/834/1096 1413/835/1097 1428/850/1112 1427/849/1111
f 1413/835/1097 1414/836/1098 1429/851/1113 1428/850/1112
f 1414/836/1098 1415/837/1099 1430/852/1114 1429/851/1113
f 1415/837/1099 1416/838/1100 1431/853/1115 1430/852/1114
f 1416/838/1100 1417/839/1101 1432/854/1116 1431/853/1115
f 1417/839/1101 1418/840/1102 1433/855/1117 1432/854/1116
f 1418/840/1102 1419/841/1103 1434/856/1118 1433/855/1117
f 1420/843/1105 1421/842/1104 1436/857/1119 1435/858/1120
f 1421/842/1104 1422/844/1106 1437/859/1121 1436/857/1119
f 1422/844/1106 1423/845/1107 1438/860/1122 1437/859/1121
f 1423/845/1107 1424/846/1108 1439/861/1123 1438/860/1122
f 1424/846/1108 1425/847/1109 1440/862/1124 1439/861/1123
f 1425/847/1109 1426/848/1110 1441/863/1125 1440/862/1124
f 1426/848/1110 1427/849/1111 1442/864/1126 1441/863/1125
f 1427/849/1111 1428/850/1112 1443/865/1127 1442/864/1126
f 1428/850/1112 1429/851/1113 1444/866/1128 1443/865/1127
f 1429/851/1113 1430/852/1114 1445/867/1129 1444/866/1128
f 1430/852/1114 1431/853/1115 1446/868/1130 1445/867/1129
f 1431/853/1115 1432/854/1116 1447/869/1131 1446/868/1130
f 1432/854/1116 1433/855/1117 1448/870/1132 1447/869/1131
f 1433/855/1117 1434/856/1118 1449/871/1133 1448/870/1132
f 1435/858/1120 1436/857/1119 1451/872/1134 1450/873/1135
f 1436/857/1119 1437/859/1121 1452/874/1136 1451/872/1134
f 1437/859/1121 1438/860/1122 1453/875/1137 1452/874/1136
f 1438/860/1122 1439/861/1123 1454/876/1138 1453/875/1137
f 1439/861/1123 1440/862/1124 1455/877/1139 1454/876/1138
f 1440/862/1124 1441/863/1125 1456/878/1140 1455/877/1139
f 1441/863/1125 1442/864/1126 1457/879/1141 1456/878/1140
f 1442/864/1126 1443/865/1127 1458/880/1142 1457/879/1141
f 1443/865/1127 1444/866/1128 1459/881/1143 1458/880/1142
f 1444/866/1128 1445/867/1129 1460/882/1144 1459/881/1143
f 1445/867/1129 1446/868/1130 1461/883/1145 1460/882/1144
f 1446/868/1130 1447/869/1131 1462/884/1146 1461/883/1145
f 1447/869/1131 1448/870/1132 1463/885/1147 1462/884/1146
f 1448/870/1132 1449/871/1133 1464/886/1148 1463/885/1147
f 830/887/1149 909/888/1150 1240/662/924 969/889/1151
f 909/888/1150 908/890/1152 1241/663/925 1240/662/924
f 908/890/1152 907/891/1153 1242/666/928 1241/663/925
f 907/891/1153 906/892/1154 1243/668/930 1242/666/928
f 906/892/1154 905/893/1155 1244/670/932 1243/668/930
f 905/893/1155 904/894/1156 1245/672/934 1244/670/932
f 904/894/1156 903/895/1157 1246/674/936 1245/672/934
f 903/895/1157 902/896/1158 1247/676/938 1246/674/936
f 902/896/1158 901/897/1159 1248/678/940 1247/676/938
f 901/897/1159 900/898/1160 1249/680/942 1248/678/940
f 900/898/1160 899/899/1161 1250/682/944 1249/680/942
f 899/899/1161 898/900/1162 1251/684/946 1250/682/944
f 898/900/1162 897/901/1163 1252/686/948 1251/684/946
f 897/901/1163 896/902/1164 1253/688/950 1252/686/948
f 896/902/1164 895/903/1165 1254/690/952 1253/688/950
f 895/903/1165 829/648/910 925/904/908 1254/690/952
f 1254/690/952 925/904/908 926/905/907 1269/691/953
f 1269/691/953 926/905/907 927/906/906 1284/706/968
f 1284/706/968 927/906/906 928/907/905 1299/721/983
f 1299/721/983 928/907/905 929/908/904 1314/736/998
f 1314/736/998 929/908/904 930/909/903 1329/751/1013
f 1329/751/1013 930/909/903 931/910/902 1344/766/1028
f 1344/766/1028 931/910/902 932/911/901 1359/781/1043
f 1359/781/1043 932/911/901 933/912/900 1374/796/1058
f 1374/796/1058 933/912/900 934/913/899 1389/811/1073
f 1389/811/1073 934/913/899 935/914/898 1404/826/1088
f 1404/826/1088 935/914/898 936/915/897 1419/841/1103
f 1419/841/1103 936/915/897 937/916/896 1434/856/1118
f 1434/856/1118 937/916/896 938/917/895 1449/871/1133
f 1449/871/1133 938/917/895 939/918/894 1464/886/1148
f 1464/886/1148 939/918/894 833/919/893 894/920/1166
f 1463/885/1147 1464/886/1148 894/920/1166 893/921/1167
f 1462/884/1146 1463/885/1147 893/921/1167 892/922/1168
f 1461/883/1145 1462/884/1146 892/922/1168 891/923/1169
f 1460/882/1144 1461/883/1145 891/923/1169 890/924/1170
f 1459/881/1143 1460/882/1144 890/924/1170 889/925/1171
f 1458/880/1142 1459/881/1143 889/925/1171 888/926/1172
f 1457/879/1141 1458/880/1142 888/926/1172 887/927/1173
f 1456/878/1140 1457/879/1141 887/927/1173 886/928/1174
f 1455/877/1139 1456/878/1140 886/928/1174 885/929/1175
f 1454/876/1138 1455/877/1139 885/929/1175 884/930/1176
f 1453/875/1137 1454/876/1138 884/930/1176 883/931/1177
f 1452/874/1136 1453/875/1137 883/931/1177 882/932/1178
f 1451/872/1134 1452/874/1136 882/932/1178 881/933/1179
f 1450/873/1135 1451/872/1134 881/933/1179 880/934/1180
f 955/935/1181 1450/873/1135 880/934/1180 834/936/1182
f 956/937/1183 1435/858/1120 1450/873/1135 955/935/1181
f 957/938/1184 1420/843/1105 1435/858/1120 956/937/1183
f 958/939/1185 1405/828/1090 1420/843/1105 957/938/1184
f 959/940/1186 1390/813/1075 1405/828/1090 958/939/1185
f 960/941/1187 1375/798/1060 1390/813/1075 959/940/1186
f 961/942/1188 1360/783/1045 1375/798/1060 960/941/1187
f 962/943/1189 1345/768/1030 1360/783/1045 961/942/1188
f 963/944/1190 1330/753/1015 1345/768/1030 962/943/1189
f 964/945/1191 1315/738/1000 1330/753/1015 963/944/1190
f 965/946/1192 1300/723/985 1315/738/1000 964/945/1191
f 966/947/1193 1285/708/970 1300/723/985 965/946/1192
f 967/948/1194 1270/693/955 1285/708/970 966/947/1193
f 968/949/1195 1255/665/927 1270/693/955 967/948/1194
f 969/889/1151 1240/662/924 1255/665/927 968/949/1195
f 1465/950/1196 1466/951/1197 1481/952/1198 1480/953/1199
f 1466/951/1197 1467/954/1200 1482/955/1201 1481/952/1198
f 1467/954/1200 1468/956/1202 1483/957/1203 1482/955/1201
f 1468/956/1202 1469/958/1204 1484/959/1205 1483/957/1203
f 1469/958/1204 1470/960/1206 1485/961/1207 1484/959/1205
f 1470/960/1206 1471/962/1208 1486/963/1209 1485/961/1207
f 1471/962/1208 1472/964/1210 1487/965/1211 1486/963/1209
f 1472/964/1210 1473/966/1212 1488/967/1213 1487/965/1211
f 1473/966/1212 1474/968/1214 1489/969/1215 1488/967/1213
f 1474/968/1214 1475/970/1216 1490/971/1217 1489/969/1215
f 1475/970/1216 1476/972/1218 1491/973/1219 1490/971/1217
f 1476/972/1218 1477/974/1220 1492/975/1221 1491/973/1219
f 1477/974/1220 1478/976/1222 1493/977/1223 1492/975/1221
f 1478/976/1222 1479/978/1224 1494/979/1225 1493/977/1223
f 1480/953/1199 1481/952/1198 1496/980/1226 1495/981/1227
f 1481/952/1198 1482/955/1201 1497/982/1228 1496/980/1226
f 1482/955/1201 1483/957/1203 1498/983/1229 1497/982/1228
f 1483/957/1203 1484/959/1205 1499/984/1230 1498/983/1229
f 1484/959/1205 1485/961/1207 1500/985/1231 1499/984/1230
f 1485/961/1207 1486/963/1209 1501/986/1232 1500/985/1231
f 1486/963/1209 1487/965/1211 1502/987/1233 1501/986/1232
f 1487/965/1211 1488/967/1213 1503/988/1234 1502/987/1233
f 1488/967/1213 1489/969/1215 1504/989/1235 1503/988/1234
f 1489/969/1215 1490/971/1217 1505/990/1236 1504/989/1235
f 1490/971/1217 1491/973/1219 1506/991/1237 1505/990/1236
f 1491/973/1219 1492/975/1221 1507/992/1238 1506/991/1237
f 1492/975/1221 1493/977/1223 1508/993/1239 1507/992/1238
f 1493/977/1223 1494/979/1225 1509/994/1240 1508/993/1239
f 1495/981/1227 1496/980/1226 1511/995/1241 1510/996/1242
f 1496/980/1226 1497/982/1228 1512/997/1243 1511/995/1241
f 1497/982/1228 1498/983/1229 1513/998/1244 1512/997/1243
f 1498/983/1229 1499/984/1230 1514/999/1245 1513/998/1244
f 1499/984/1230 1500/985/1231 1515/1000/1246 1514/999/1245
f 1500/985/1231 1501/986/1232 1516/1001/1247 1515/1000/1246
f 1501/986/1232 1502/987/1233 1517/1002/1248 1516/1001/1247
f 1502/987/1233 1503/988/1234 1518/1003/1249 1517/1002/1248
f 1503/988/1234 1504/989/1235 1519/1004/1250 1518/1003/1249
f 1504/989/1235 1505/990/1236 1520/1005/1251 1519/1004/1250
f 1505/990/1236 1506/991/1237 1521/1006/1252 1520/1005/1251
f 1506/991/1237 1507/992/1238 1522/1007/1253 1521/1006/1252
f 1507/992/1238 1508/993/1239 1523/1008/1254 1522/1007/1253
f 1508/993/1239 1509/994/1240 1524/1009/1255 1523/1008/1254
f 1510/996/1242 1511/995/1241 1526/1010/1256 1525/1011/1257
f 1511/995/1241 1512/997/1243 1527/1012/1258 1526/1010/1256
f 1512/997/1243 1513/998/1244 1528/1013/1259 1527/1012/1258
f 1513/998/1244 1514/999/1245 1529/1014/1260 1528/1013/1259
f 1514/999/1245 1515/1000/1246 1530/1015/1261 1529/1014/1260
f 1515/1000/1246 1516/1001/1247 1531/1016/1262 1530/1015/1261
f 1516/1001/1247 1517/1002/1248 1532/1017/1263 1531/1016/1262
f 1517/1002/1248 1518/1003/1249 1533/1018/1264 1532/1017/1263
f 1518/1003/1249 1519/1004/1250 1534/1019/1265 1533/1018/1264
f 1519/1004/1250 1520/1005/1251 1535/1020/1266 1534/1019/1265
f 1520/1005/1251 1521/1006/1252 1536/1021/1267 1535/1020/1266
f 1521/1006/1252 1522/1007/1253 1537/1022/1268 1536/1021/1267
f 1522/1007/1253 1523/1008/1254 1538/1023/1269 1537/1022/1268
f 1523/1008/1254 1524/1009/1255 1539/1024/1270 1538/1023/1269
f 1525/1011/1257 1526/1010/1256 1541/1025/1271 1540/1026/1272
f 1526/1010/1256 1527/1012/1258 1542/1027/1273 1541/1025/1271
f 1527/1012/1258 1528/1013/1259 1543/1028/1274 1542/1027/1273
f 1528/1013/1259 1529/1014/1260 1544/1029/1275 1543/1028/1274
f 1529/1014/1260 1530/1015/1261 1545/1030/1276 1544/1029/1275
f 1530/1015/1261 1531/1016/1262 1546/1031/1277 1545/1030/1276
f 1531/1016/1262 1532/1017/1263 1547/1032/1278 1546/1031/1277
f 1532/1017/1263 1533/1018/1264 1548/1033/1279 1547/1032/1278
f 1533/1018/1264 1534/1019/1265 1549/1034/1280 1548/1033/1279
f 1534/1019/1265 1535/1020/1266 1550/1035/1281 1549/1034/1280
f 1535/1020/1266 1536/1021/1267 1551/1036/1282 1550/1035/1281
f 1536/1021/1267 1537/1022/1268 1552/1037/1283 1551/1036/1282
f 1537/1022/1268 1538/1023/1269 1553/1038/1284 1552/1037/1283
f 1538/1023/1269 1539/1024/1270 1554/1039/1285 1553/1038/1284
f 1540/1026/1272 1541/1025/1271 1556/1040/1286 1555/1041/1287
f 1541/1025/1271 1542/1027/1273 1557/1042/1288 1556/1040/1286
f 1542/1027/1273 1543/1028/1274 1558/1043/1289 1557/1042/1288
f 1543/1028/1274 1544/1029/1275 1559/1044/1290 1558/1043/1289
f 1544/1029/1275 1545/1030/1276 1560/1045/1291 1559/1044/1290
f 1545/1030/1276 1546/1031/1277 1561/1046/1292 1560/1045/1291
f 1546/1031/1277 1547/1032/1278 1562/1047/1293 1561/1046/1292
f 1547/1032/1278 1548/1033/1279 1563/1048/1294 1562/1047/1293
f 1548/1033/1279 1549/1034/1280 1564/1049/1295 1563/1048/1294
f 1549/1034/1280 1550/1035/1281 1565/1050/1296 1564/1049/1295
f 1550/1035/1281 1551/1036/1282 1566/1051/1297 1565/1050/1296
f 1551/1036/1282 1552/1037/1283 1567/1052/1298 1566/1051/1297
f 1552/1037/1283 1553/1038/1284 1568/1053/1299 1567/1052/1298
f 1553/1038/1284 1554/1039/1285 1569/1054/1300 1568/1053/1299
f 1555/1041/1287 1556/1040/1286 1571/1055/1301 1570/1056/1302
f 1556/1040/1286 1557/1042/1288 1572/1057/1303 1571/1055/1301
f 1557/1042/1288 1558/1043/1289 1573/1058/1304 1572/1057/1303
f 1558/1043/1289 1559/1044/1290 1574/1059/1305 1573/1058/1304
f 1559/1044/1290 1560/1045/1291 1575/1060/1306 1574/1059/1305
f 1560/1045/1291 1561/1046/1292 1576/1061/1307 1575/1060/1306
f 1561/1046/1292 1562/1047/1293 1577/1062/1308 1576/1061/1307
f 1562/1047/1293 1563/1048/1294 1578/1063/1309 1577/1062/1308
f 1563/1048/1294 1564/1049/1295 1579/1064/1310 1578/1063/1309
f 1564/1049/1295 1565/1050/1296 1580/1065/1311 1579/1064/1310
f 1565/1050/1296 1566/1051/1297 1581/1066/1312 1580/1065/1311
f 1566/1051/1297 1567/1052/1298 1582/1067/1313 1581/1066/1312
f 1567/1052/1298 1568/1053/1299 1583/1068/1314 1582/1067/1313
f 1568/1053/1299 1569/1054/1300 1584/1069/1315 1583/1068/1314
f 1570/1056/1302 1571/1055/1301 1586/1070/1316 1585/1071/1317
f 1571/1055/1301 1572/1057/1303 1587/1072/1318 1586/1070/1316
f 1572/1057/1303 1573/1058/1304 1588/1073/1319 1587/1072/1318
f 1573/1058/1304 1574/1059/1305 1589/1074/1320 1588/1073/1319
f 1574/1059/1305 1575/1060/1306 1590/1075/1321 1589/1074/1320
f 1575/1060/1306 1576/1061/1307 1591/1076/1322 1590/1075/1321
f 1576/1061/1307 1577/1062/1308 1592/1077/1323 1591/1076/1322
f 1577/1062/1308 1578/1063/1309 1593/1078/1324 1592/1077/1323
f 1578/1063/1309 1579/1064/1310 1594/1079/1325 1593/1078/1324
f 1579/1064/1310 1580/1065/1311 1595/1080/1326 1594/1079/1325
f 1580/1065/1311 1581/1066/1312 1596/1081/1327 1595/1080/1326
f 1581/1066/1312 1582/1067/1313 1597/1082/1328 1596/1081/1327
f 1582/1067/1313 1583/1068/1314 1598/1083/1329 1597/1082/1328
f 1583/1068/1314 1584/1069/1315 1599/1084/1330 1598/1083/1329
f 1585/1071/1317 1586/1070/1316 1601/1085/1331 1600/1086/1332
f 1586/1070/1316 1587/1072/1318 1602/1087/1333 1601/1085/1331
f 1587/1072/1318 1588/1073/1319 1603/1088/1334 1602/1087/1333
f 1588/1073/1319 1589/1074/1320 1604/1089/1335 1603/1088/1334
f 1589/1074/1320 1590/1075/1321 1605/1090/1336 1604/1089/1335
f 1590/1075/1321 1591/1076/1322 1606/1091/1337 1605/1090/1336
f 1591/1076/1322 1592/1077/1323 1607/1092/1338 1606/1091/1337
f 1592/1077/1323 1593/1078/1324 1608/1093/1339 1607/1092/1338
f 1593/1078/1324 1594/1079/1325 1609/1094/1340 1608/1093/1339
f 1594/1079/1325 1595/1080/1326 1610/1095/1341 1609/1094/1340
f 1595/1080/1326 1596/1081/1327 1611/1096/1342 1610/1095/1341
f 1596/1081/1327 1597/1082/1328 1612/1097/1343 1611/1096/1342
f 1597/1082/1328 1598/1083/1329 1613/1098/1344 1612/1097/1343
f 1598/1083/1329 1599/1084/1330 1614/1099/1345 1613/1098/1344
f 1600/1086/1332 1601/1085/1331 1616/1100/1346 1615/1101/1347
f 1601/1085/1331 1602/1087/1333 1617/1102/1348 1616/1100/1346
f 1602/1087/1333 1603/1088/1334 1618/1103/1349 1617/1102/1348
f 1603/1088/1334 1604/1089/1335 1619/1104/1350 1618/1103/1349
f 1604/1089/1335 1605/1090/1336 1620/1105/1351 1619/1104/1350
f 1605/1090/1336 1606/1091/1337 1621/1106/1352 1620/1105/1351
f 1606/1091/1337 1607/1092/1338 1622/1107/1353 1621/1106/1352
f 1607/1092/1338 1608/1093/1339 1623/1108/1354 1622/1107/1353
f 1608/1093/1339 1609/1094/1340 1624/1109/1355 1623/1108/1354
f 1609/1094/1340 1610/1095/1341 1625/1110/1356 1624/1109/1355
f 1610/1095/1341 1611/1096/1342 1626/1111/1357 1625/1110/1356
f 1611/1096/1342 1612/1097/1343 1627/1112/1358 1626/1111/1357
f 1612/1097/1343 1613/1098/1344 1628/1113/1359 1627/1112/1358
f 1613/1098/1344 1614/1099/1345 1629/1114/1360 1628/1113/1359
f 1615/1101/1347 1616/1100/1346 1631/1115/1361 1630/1116/1362
f 1616/1100/1346 1617/1102/1348 1632/1117/1363 1631/1115/1361
f 1617/1102/1348 1618/1103/1349 1633/1118/1364 1632/1117/1363
f 1618/1103/1349 1619/1104/1350 1634/1119/1365 1633/1118/1364
f 1619/1104/1350 1620/1105/1351 1635/1120/1366 1634/1119/1365
f 1620/1105/1351 1621/1106/1352 1636/1121/1367 1635/1120/1366
f 1621/1106/1352 1622/1107/1353 1637/1122/1368 1636/1121/1367
f 1622/1107/1353 1623/1108/1354 1638/1123/1369 1637/1122/1368
f 1623/1108/1354 1624/1109/1355 1639/1124/1370 1638/1123/1369
f 1624/1109/1355 1625/1110/1356 1640/1125/1371 1639/1124/1370
f 1625/1110/1356 1626/1111/1357 1641/1126/1372 1640/1125/1371
f 1626/1111/1357 1627/1112/1358 1642/1127/1373 1641/1126/1372
f 1627/1112/1358 1628/1113/1359 1643/1128/1374 1642/1127/1373
f 1628/1113/1359 1629/1114/1360 1644/1129/1375 1643/1128/1374
f 1630/1116/1362 1631/1115/1361 1646/1130/1376 1645/1131/1377
f 1631/1115/1361 1632/1117/1363 1647/1132/1378 1646/1130/1376
f 1632/1117/1363 1633/1118/1364 1648/1133/1379 1647/1132/1378
f 1633/1118/1364 1634/1119/1365 1649/1134/1380 1648/1133/1379
f 1634/1119/1365 1635/1120/1366 1650/1135/1381 1649/1134/1380
f 1635/1120/1366 1636/1121/1367 1651/1136/1382 1650/1135/1381
f 1636/1121/1367 1637/1122/1368 1652/1137/1383 1651/1136/1382
f 1637/1122/1368 1638/1123/1369 1653/1138/1384 1652/1137/1383
f 1638/1123/1369 1639/1124/1370 1654/1139/1385 1653/1138/1384
f 1639/1124/1370 1640/1125/1371 1655/1140/1386 1654/1139/1385
f 1640/1125/1371 1641/1126/1372 1656/1141/1387 1655/1140/1386
f 1641/1126/1372 1642/1127/1373 1657/1142/1388 1656/1141/1387
f 1642/1127/1373 1643/1128/1374 1658/1143/1389 1657/1142/1388
f 1643/1128/1374 1644/1129/1375 1659/1144/1390 1658/1143/1389
f 1645/1131/1377 1646/1130/1376 1661/1145/1391 1660/1146/1392
f 1646/1130/1376 1647/1132/1378 1662/1147/1393 1661/1145/1391
f 1647/1132/1378 1648/1133/1379 1663/1148/1394 1662/1147/1393
f 1648/1133/1379 1649/1134/1380 1664/1149/1395 1663/1148/1394
f 1649/1134/1380 1650/1135/1381 1665/1150/1396 1664/1149/1395
f 1650/1135/1381 1651/1136/1382 1666/1151/1397 1665/1150/1396
f 1651/1136/1382 1652/1137/1383 1667/1152/1398 1666/1151/1397
f 1652/1137/1383 1653/1138/1384 1668/1153/1399 1667/1152/1398
f 1653/1138/1384 1654/1139/1385 1669/1154/1400 1668/1153/1399
f 1654/1139/1385 1655/1140/1386 1670/1155/1401 1669/1154/1400
f 1655/1140/1386 1656/1141/1387 1671/1156/1402 1670/1155/1401
f 1656/1141/1387 1657/1142/1388 1672/1157/1403 1671/1156/1402
f 1657/1142/1388 1658/1143/1389 1673/1158/1404 1672/1157/1403
f 1658/1143/1389 1659/1144/1390 1674/1159/1405 1673/1158/1404
f 1660/1146/1392 1661/1145/1391 1676/1160/1406 1675/1161/1407
f 1661/1145/1391 1662/1147/1393 1677/1162/1408 1676/1160/1406
f 1662/1147/1393 1663/1148/1394 1678/1163/1409 1677/1162/1408
f 1663/1148/1394 1664/1149/1395 1679/1164/1410 1678/1163/1409
f 1664/1149/1395 1665/1150/1396 1680/1165/1411 1679/1164/1410
f 1665/1150/1396 1666/1151/1397 1681/1166/1412 1680/1165/1411
f 1666/1151/1397 1667/1152/1398 1682/1167/1413 1681/1166/1412
f 1667/1152/1398 1668/1153/1399 1683/1168/1414 1682/1167/1413
f 1668/1153/1399 1669/1154/1400 1684/1169/1415 1683/1168/1414
f 1669/1154/1400 1670/1155/1401 1685/1170/1416 1684/1169/1415
f 1670/1155/1401 1671/1156/1402 1686/1171/1417 1685/1170/1416
f 1671/1156/1402 1672/1157/1403 1687/1172/1418 1686/1171/1417
f 1672/1157/1403 1673/1158/1404 1688/1173/1419 1687/1172/1418
f 1673/1158/1404 1674/1159/1405 1689/1174/1420 1688/1173/1419
f 834/1175/1182 880/1176/1180 1465/950/1196 849/1177/1421
f 880/1176/1180 881/1178/1179 1466/951/1197 1465/950/1196
f 881/1178/1179 882/1179/1178 1467/954/1200 1466/951/1197
f 882/1179/1178 883/1180/1177 1468/956/1202 1467/954/1200
f 883/1180/1177 884/1181/1176 1469/958/1204 1468/956/1202
f 884/1181/1176 885/1182/1175 1470/960/1206 1469/958/1204
f 885/1182/1175 886/1183/1174 1471/962/1208 1470/960/1206
f 886/1183/1174 887/1184/1173 1472/964/1210 1471/962/1208
f 887/1184/1173 888/1185/1172 1473/966/1212 1472/964/1210
f 888/1185/1172 889/1186/1171 1474/968/1214 1473/966/1212
f 889/1186/1171 890/1187/1170 1475/970/1216 1474/968/1214
f 890/1187/1170 891/1188/1169 1476/972/1218 1475/970/1216
f 891/1188/1169 892/1189/1168 1477/974/1220 1476/972/1218
f 892/1189/1168 893/1190/1167 1478/976/1222 1477/974/1220
f 893/1190/1167 894/1191/1166 1479/978/1224 1478/976/1222
f 894/1191/1166 833/1192/893 970/1193/892 1479/978/1224
f 1479/978/1224 970/1193/892 971/1194/891 1494/979/1225
f 1494/979/1225 971/1194/891 972/1195/890 1509/994/1240
f 1509/994/1240 972/1195/890 973/1196/889 1524/1009/1255
f 1524/1009/1255 973/1196/889 974/1197/888 1539/1024/1270
f 1539/1024/1270 974/1197/888 975/1198/887 1554/1039/1285
f 1554/1039/1285 975/1198/887 976/1199/886 1569/1054/1300
f 1569/1054/1300 976/1199/886 977/1200/885 1584/1069/1315
f 1584/1069/1315 977/1200/885 978/1201/884 1599/1084/1330
f 1599/1084/1330 978/1201/884 979/1202/883 1614/1099/1345
f 1614/1099/1345 979/1202/883 980/1203/882 1629/1114/1360
f 1629/1114/1360 980/1203/882 981/1204/881 1644/1129/1375
f 1644/1129/1375 981/1204/881 982/1205/880 1659/1144/1390
f 1659/1144/1390 982/1205/880 983/1206/879 1674/1159/1405
f 1674/1159/1405 983/1206/879 984/1207/878 1689/1174/1420
f 1689/1174/1420 984/1207/878 831/1208/877 910/1209/1422
f 1688/1173/1419 1689/1174/1420 910/1209/1422 911/1210/1423
f 1687/1172/1418 1688/1173/1419 911/1210/1423 912/1211/1424
f 1686/1171/1417 1687/1172/1418 912/1211/1424 913/1212/1425
f 1685/1170/1416 1686/1171/1417 913/1212/1425 914/1213/1426
f 1684/1169/1415 1685/1170/1416 914/1213/1426 915/1214/1427
f 1683/1168/1414 1684/1169/1415 915/1214/1427 916/1215/1428
f 1682/1167/1413 1683/1168/1414 916/1215/1428 917/1216/1429
f 1681/1166/1412 1682/1167/1413 917/1216/1429 918/1217/1430
f 1680/1165/1411 1681/1166/1412 918/1217/1430 919/1218/1431
f 1679/1164/1410 1680/1165/1411 919/1218/1431 920/1219/1432
f 1678/1163/1409 1679/1164/1410 920/1219/1432 921/1220/1433
f 1677/1162/1408 1678/1163/1409 921/1220/1433 922/1221/1434
f 1676/1160/1406 1677/1162/1408 922/1221/1434 923/1222/1435
f 1675/1161/1407 1676/1160/1406 923/1222/1435 924/1223/1436
f 835/1224/1437 1675/1161/1407 924/1223/1436 832/1225/1438
f 836/1226/1439 1660/1146/1392 1675/1161/1407 835/1224/1437
f 837/1227/1440 1645/1131/1377 1660/1146/1392 836/1226/1439
f 838/1228/1441 1630/1116/1362 1645/1131/1377 837/1227/1440
f 839/1229/1442 1615/1101/1347 1630/1116/1362 838/1228/1441
f 840/1230/1443 1600/1086/1332 1615/1101/1347 839/1229/1442
f 841/1231/1444 1585/1071/1317 1600/1086/1332 840/1230/1443
f 842/1232/1445 1570/1056/1302 1585/1071/1317 841/1231/1444
f 843/1233/1446 1555/1041/1287 1570/1056/1302 842/1232/1445
f 844/1234/1447 1540/1026/1272 1555/1041/1287 843/1233/1446
f 845/1235/1448 1525/1011/1257 1540/1026/1272 844/1234/1447
f 846/1236/1449 1510/996/1242 1525/1011/1257 845/1235/1448
f 847/1237/1450 1495/981/1227 1510/996/1242 846/1236/1449
f 848/1238/1451 1480/953/1199 1495/981/1227 847/1237/1450
f 849/1177/1421 1465/950/1196 1480/953/1199 848/1238/1451
f 1690/1239/1452 1691/1240/1453 1706/1241/1454 1705/1242/1455
f 1691/1240/1453 1692/1243/1456 1707/1244/1457 1706/1241/1454
f 1692/1243/1456 1693/1245/1458 1708/1246/1459 1707/1244/1457
f 1693/1245/1458 1694/1247/1460 1709/1248/1461 1708/1246/1459
f 1694/1247/1460 1695/1249/1462 1710/1250/1463 1709/1248/1461
f 1695/1249/1462 1696/1251/1464 1711/1252/1465 1710/1250/1463
f 1696/1251/1464 1697/1253/1466 1712/1254/1467 1711/1252/1465
f 1697/1253/1466 1698/1255/1468 1713/1256/1469 1712/1254/1467
f 1698/1255/1468 1699/1257/1470 1714/1258/1471 1713/1256/1469
f 1699/1257/1470 1700/1259/1472 1715/1260/1473 1714/1258/1471
f 1700/1259/1472 1701/1261/1474 1716/1262/1475 1715/1260/1473
f 1701/1261/1474 1702/1263/1476 1717/1264/1477 1716/1262/1475
f 1702/1263/1476 1703/1265/1478 1718/1266/1479 1717/1264/1477
f 1703/1265/1478 1704/1267/1480 1719/1268/1481 1718/1266/1479
f 1705/1242/1455 1706/1241/1454 1721/1269/1482 1720/1270/1483
f 1706/1241/1454 1707/1244/1457 1722/1271/1484 1721/1269/1482
f 1707/1244/1457 1708/1246/1459 1723/1272/1485 1722/1271/1484
f 1708/1246/1459 1709/1248/1461 1724/1273/1486 1723/1272/1485
f 1709/1248/1461 1710/1250/1463 1725/1274/1487 1724/1273/1486
f 1710/1250/1463 1711/1252/1465 1726/1275/1488 1725/1274/1487
f 1711/1252/1465 1712/1254/1467 1727/1276/1489 1726/1275/1488
f 1712/1254/1467 1713/1256/1469 1728/1277/1490 1727/1276/1489
f 1713/1256/1469 1714/1258/1471 1729/1278/1491 1728/1277/1490
f 1714/1258/1471 1715/1260/1473 1730/1279/1492 1729/1278/1491
f 1715/1260/1473 1716/1262/1475 1731/1280/1493 1730/1279/1492
f 1716/1262/1475 1717/1264/1477 1732/1281/1494 1731/1280/1493
f 1717/1264/1477 1718/1266/1479 1733/1282/1495 1732/1281/1494
f 1718/1266/1479 1719/1268/1481 1734/1283/1496 1733/1282/1495
f 1720/1270/1483 1721/1269/1482 1736/1284/1497 1735/1285/1498
f 1721/1269/1482 1722/1271/1484 1737/1286/1499 1736/1284/1497
f 1722/1271/1484 1723/1272/1485 1738/1287/1500 1737/1286/1499
f 1723/1272/1485 1724/1273/1486 1739/1288/1501 1738/1287/1500
f 1724/1273/1486 1725/1274/1487 1740/1289/1502 1739/1288/1501
f 1725/1274/1487 1726/1275/1488 1741/1290/1503 1740/1289/1502
f 1726/1275/1488 1727/1276/1489 1742/1291/1504 1741/1290/1503
f 1727/1276/1489 1728/1277/1490 1743/1292/1505 1742/1291/1504
f 1728/1277/1490 1729/1278/1491 1744/1293/1506 1743/1292/1505
f 1729/1278/1491 1730/1279/1492 1745/1294/1507 1744/1293/1506
f 1730/1279/1492 1731/1280/1493 1746/1295/1508 1745/1294/1507
f 1731/1280/1493 1732/1281/1494 1747/1296/1509 1746/1295/1508
f 1732/1281/1494 1733/1282/1495 1748/1297/1510 1747/1296/1509
f 1733/1282/1495 1734/1283/1496 1749/1298/1511 1748/1297/1510
f 1735/1285/1498 1736/1284/1497 1751/1299/1512 1750/1300/1513
f 1736/1284/1497 1737/1286/1499 1752/1301/1514 1751/1299/1512
f 1737/1286/1499 1738/1287/1500 1753/1302/1515 1752/1301/1514
f 1738/1287/1500 1739/1288/1501 1754/1303/1516 1753/1302/1515
f 1739/1288/1501 1740/1289/1502 1755/1304/1517 1754/1303/1516
f 1740/1289/1502 1741/1290/1503 1756/1305/1518 1755/1304/1517
f 1741/1290/1503 1742/1291/1504 1757/1306/1519 1756/1305/1518
f 1742/1291/1504 1743/1292/1505 1758/1307/1520 1757/1306/1519
f 1743/1292/1505 1744/1293/1506 1759/1308/1521 1758/1307/1520
f 1744/1293/1506 1745/1294/1507 1760/1309/1522 1759/1308/1521
f 1745/1294/1507 1746/1295/1508 1761/1310/1523 1760/1309/1522
f 1746/1295/1508 1747/1296/1509 1762/1311/1524 1761/1310/1523
f 1747/1296/1509 1748/1297/1510 1763/1312/1525 1762/1311/1524
f 1748/1297/1510 1749/1298/1511 1764/1313/1526 1763/1312/1525
f 1750/1300/1513 1751/1299/1512 1766/1314/1527 1765/1315/1528
f 1751/1299/1512 1752/1301/1514 1767/1316/1529 1766/1314/1527
f 1752/1301/1514 1753/1302/1515 1768/1317/1530 1767/1316/1529
f 1753/1302/1515 1754/1303/1516 1769/1318/1531 1768/1317/1530
f 1754/1303/1516 1755/1304/1517 1770/1319/1532 1769/1318/1531
f 1755/1304/1517 1756/1305/1518 1771/1320/1533 1770/1319/1532
f 1756/1305/1518 1757/1306/1519 1772/1321/1534 1771/1320/1533
f 1757/1306/1519 1758/1307/1520 1773/1322/1535 1772/1321/1534
f 1758/1307/1520 1759/1308/1521 1774/1323/1536 1773/1322/1535
f 1759/1308/1521 1760/1309/1522 1775/1324/1537 1774/1323/1536
f 1760/1309/1522 1761/1310/1523 1776/1325/1538 1775/1324/1537
f 1761/1310/1523 1762/1311/1524 1777/1326/1539 1776/1325/1538
f 1762/1311/1524 1763/1312/1525 1778/1327/1540 1777/1326/1539
f 1763/1312/1525 1764/1313/1526 1779/1328/1541 1778/1327/1540
f 1765/1315/1528 1766/1314/1527 1781/1329/1542 1780/1330/1543
f 1766/1314/1527 1767/1316/1529 1782/1331/1544 1781/1329/1542
f 1767/1316/1529 1768/1317/1530 1783/1332/1545 1782/1331/1544
f 1768/1317/1530 1769/1318/1531 1784/1333/1546 1783/1332/1545
f 1769/1318/1531 1770/1319/1532 1785/1334/1547 1784/1333/1546
f 1770/1319/1532 1771/1320/1533 1786/1335/1548 1785/1334/1547
f 1771/1320/1533 1772/1321/1534 1787/1336/1549 1786/1335/1548
f 1772/1321/1534 1773/1322/1535 1788/1337/1550 1787/1336/1549
f 1773/1322/1535 1774/1323/1536 1789/1338/1551 1788/1337/1550
f 1774/1323/1536 1775/1324/1537 1790/1339/1552 1789/1338/1551
f 1775/1324/1537 1776/1325/1538 1791/1340/1553 1790/1339/1552
f 1776/1325/1538 1777/1326/1539 1792/1341/1554 1791/1340/1553
f 1777/1326/1539 1778/1327/1540 1793/1342/1555 1792/1341/1554
f 1778/1327/1540 1779/1328/1541 1794/1343/1556 1793/1342/1555
f 1780/1330/1543 1781/1329/1542 1796/1344/1557 1795/1345/1558
f 1781/1329/1542 1782/1331/1544 1797/1346/1559 1796/1344/1557
f 1782/1331/1544 1783/1332/1545 1798/1347/1560 1797/1346/1559
f 1783/1332/1545 1784/1333/1546 1799/1348/1561 1798/1347/1560
f 1784/1333/1546 1785/1334/1547 1800/1349/1562 1799/1348/1561
f 1785/1334/1547 1786/1335/1548 1801/1350/1563 1800/1349/1562
f 1786/1335/1548 1787/1336/1549 1802/1351/1564 1801/1350/1563
f 1787/1336/1549 1788/1337/1550 1803/1352/1565 1802/1351/1564
f 1788/1337/1550 1789/1338/1551 1804/1353/1566 1803/1352/1565
f 1789/1338/1551 1790/1339/1552 1805/1354/1567 1804/1353/1566
f 1790/1339/1552 1791/1340/1553 1806/1355/1568 1805/1354/1567
f 1791/1340/1553 1792/1341/1554 1807/1356/1569 1806/1355/1568
f 1792/1341/1554 1793/1342/1555 1808/1357/1570 1807/1356/1569
f 1793/1342/1555 1794/1343/1556 1809/1358/1571 1808/1357/1570
f 1795/1345/1558 1796/1344/1557 1811/1359/1572 1810/1360/1573
f 1796/1344/1557 1797/1346/1559 1812/1361/1574 1811/1359/1572
f 1797/1346/1559 1798/1347/1560 1813/1362/1575 1812/1361/1574
f 1798/1347/1560 1799/1348/1561 1814/1363/1576 1813/1362/1575
f 1799/1348/1561 1800/1349/1562 1815/1364/1577 1814/1363/1576
f 1800/1349/1562 1801/1350/1563 1816/1365/1578 1815/1364/1577
f 1801/1350/1563 1802/1351/1564 1817/1366/1579 1816/1365/1578
f 1802/1351/1564 1803/1352/1565 1818/1367/1580 1817/1366/1579
f 1803/1352/1565 1804/1353/1566 1819/1368/1581 1818/1367/1580
f 1804/1353/1566 1805/1354/1567 1820/1369/1582 1819/1368/1581
f 1805/1354/1567 1806/1355/1568 1821/1370/1583 1820/1369/1582
f 1806/1355/1568 1807/1356/1569 1822/1371/1584 1821/1370/1583
f 1807/1356/1569 1808/1357/1570 1823/1372/1585 1822/1371/1584
f 1808/1357/1570 1809/1358/1571 1824/1373/1586 1823/1372/1585
f 1810/1360/1573 1811/1359/1572 1826/1374/1587 1825/1375/1588
f 1811/1359/1572 1812/1361/1574 1827/1376/1589 1826/1374/1587
f 1812/1361/1574 1813/1362/1575 1828/1377/1590 1827/1376/1589
f 1813/1362/1575 1814/1363/1576 1829/1378/1591 1828/1377/1590
f 1814/1363/1576 1815/1364/1577 1830/1379/1592 1829/1378/1591
f 1815/1364/1577 1816/1365/1578 1831/1380/1593 1830/1379/1592
f 1816/1365/1578 1817/1366/1579 1832/1381/1594 1831/1380/1593
f 1817/1366/1579 1818/1367/1580 1833/1382/1595 1832/1381/1594
f 1818/1367/1580 1819/1368/1581 1834/1383/1596 1833/1382/1595
f 1819/1368/1581 1820/1369/1582 1835/1384/1597 1834/1383/1596
f 1820/1369/1582 1821/1370/1583 1836/1385/1598 1835/1384/1597
f 1821/1370/1583 1822/1371/1584 1837/1386/1599 1836/1385/1598
f 1822/1371/1584 1823/1372/1585 1838/1387/1600 1837/1386/1599
f 1823/1372/1585 1824/1373/1586 1839/1388/1601 1838/1387/1600
f 1825/1375/1588 1826/1374/1587 1841/1389/1602 1840/1390/1603
f 1826/1374/1587 1827/1376/1589 1842/1391/1604 1841/1389/1602
f 1827/1376/1589 1828/1377/1590 1843/1392/1605 1842/1391/1604
f 1828/1377/1590 1829/1378/1591 1844/1393/1606 1843/1392/1605
f 1829/1378/1591 1830/1379/1592 1845/1394/1607 1844/1393/1606
f 1830/1379/1592 1831/1380/1593 1846/1395/1608 1845/1394/1607
f 1831/1380/1593 1832/1381/1594 1847/1396/1609 1846/1395/1608
f 1832/1381/1594 1833/1382/1595 1848/1397/1610 1847/1396/1609
f 1833/1382/1595 1834/1383/1596 1849/1398/1611 1848/1397/1610
f 1834/1383/1596 1835/1384/1597 1850/1399/1612 1849/1398/1611
f 1835/1384/1597 1836/1385/1598 1851/1400/1613 1850/1399/1612
f 1836/1385/1598 1837/1386/1599 1852/1401/1614 1851/1400/1613
f 1837/1386/1599 1838/1387/1600 1853/1402/1615 1852/1401/1614
f 1838/1387/1600 1839/1388/1601 1854/1403/1616 1853/1402/1615
f 1840/1390/1603 1841/1389/1602 1856/1404/1617 1855/1405/1618
f 1841/1389/1602 1842/1391/1604 1857/1406/1619 1856/1404/1617
f 1842/1391/1604 1843/1392/1605 1858/1407/1620 1857/1406/1619
f 1843/1392/1605 1844/1393/1606 1859/1408/1621 1858/1407/1620
f 1844/1393/1606 1845/1394/1607 1860/1409/1622 1859/1408/1621
f 1845/1394/1607 1846/1395/1608 1861/1410/1623 1860/1409/1622
f 1846/1395/1608 1847/1396/1609 1862/1411/1624 1861/1410/1623
f 1847/1396/1609 1848/1397/1610 1863/1412/1625 1862/1411/1624
f 1848/1397/1610 1849/1398/1611 1864/1413/1626 1863/1412/1625
f 1849/1398/1611 1850/1399/1612 1865/1414/1627 1864/1413/1626
f 1850/1399/1612 1851/1400/1613 1866/1415/1628 1865/1414/1627
f 1851/1400/1613 1852/1401/1614 1867/1416/1629 1866/1415/1628
f 1852/1401/1614 1853/1402/1615 1868/1417/1630 1867/1416/1629
f 1853/1402/1615 1854/1403/1616 1869/1418/1631 1868/1417/1630
f 1855/1405/1618 1856/1404/1617 1871/1419/1632 1870/1420/1633
f 1856/1404/1617 1857/1406/1619 1872/1421/1634 1871/1419/1632
f 1857/1406/1619 1858/1407/1620 1873/1422/1635 1872/1421/1634
f 1858/1407/1620 1859/1408/1621 1874/1423/1636 1873/1422/1635
f 1859/1408/1621 1860/1409/1622 1875/1424/1637 1874/1423/1636
f 1860/1409/1622 1861/1410/1623 1876/1425/1638 1875/1424/1637
f 1861/1410/1623 1862/1411/1624 1877/1426/1639 1876/1425/1638
f 1862/1411/1624 1863/1412/1625 1878/1427/1640 1877/1426/1639
f 1863/1412/1625 1864/1413/1626 1879/1428/1641 1878/1427/1640
f 1864/1413/1626 1865/1414/1627 1880/1429/1642 1879/1428/1641
f 1865/1414/1627 1866/1415/1628 1881/1430/1643 1880/1429/1642
f 1866/1415/1628 1867/1416/1629 1882/1431/1644 1881/1430/1643
f 1867/1416/1629 1868/1417/1630 1883/1432/1645 1882/1431/1644
f 1868/1417/1630 1869/1418/1631 1884/1433/1646 1883/1432/1645
f 1870/1420/1633 1871/1419/1632 1886/1434/1647 1885/1435/1648
f 1871/1419/1632 1872/1421/1634 1887/1436/1649 1886/1434/1647
f 1872/1421/1634 1873/1422/1635 1888/1437/1650 1887/1436/1649
f 1873/1422/1635 1874/1423/1636 1889/1438/1651 1888/1437/1650
f 1874/1423/1636 1875/1424/1637 1890/1439/1652 1889/1438/1651
f 1875/1424/1637 1876/1425/1638 1891/1440/1653 1890/1439/1652
f 1876/1425/1638 1877/1426/1639 1892/1441/1654 1891/1440/1653
f 1877/1426/1639 1878/1427/1640 1893/1442/1655 1892/1441/1654
f 1878/1427/1640 1879/1428/1641 1894/1443/1656 1893/1442/1655
f 1879/1428/1641 1880/1429/1642 1895/1444/1657 1894/1443/1656
f 1880/1429/1642 1881/1430/1643 1896/1445/1658 1895/1444/1657
f 1881/1430/1643 1882/1431/1644 1897/1446/1659 1896/1445/1658
f 1882/1431/1644 1883/1432/1645 1898/1447/1660 1897/1446/1659
f 1883/1432/1645 1884/1433/1646 1899/1448/1661 1898/1447/1660
f 1885/1435/1648 1886/1434/1647 1901/1449/1662 1900/1450/1663
f 1886/1434/1647 1887/1436/1649 1902/1451/1664 1901/1449/1662
f 1887/1436/1649 1888/1437/1650 1903/1452/1665 1902/1451/1664
f 1888/1437/1650 1889/1438/1651 1904/1453/1666 1903/1452/1665
f 1889/1438/1651 1890/1439/1652 1905/1454/1667 1904/1453/1666
f 1890/1439/1652 1891/1440/1653 1906/1455/1668 1905/1454/1667
f 1891/1440/1653 1892/1441/1654 1907/1456/1669 1906/1455/1668
f 1892/1441/1654 1893/1442/1655 1908/1457/1670 1907/1456/1669
f 1893/1442/1655 1894/1443/1656 1909/1458/1671 1908/1457/1670
f 1894/1443/1656 1895/1444/1657 1910/1459/1672 1909/1458/1671
f 1895/1444/1657 1896/1445/1658 1911/1460/1673 1910/1459/1672
f 1896/1445/1658 1897/1446/1659 1912/1461/1674 1911/1460/1673
f 1897/1446/1659 1898/1447/1660 1913/1462/1675 1912/1461/1674
f 1898/1447/1660 1899/1448/1661 1914/1463/1676 1913/1462/1675
f 832/1464/1438 864/1465/1677 1690/1239/1452 835/1466/1437
f 864/1465/1677 863/1467/1678 1691/1240/1453 1690/1239/1452
f 863/1467/1678 862/1468/1679 1692/1243/1456 1691/1240/1453
f 862/1468/1679 861/1469/1680 1693/1245/1458 1692/1243/1456
f 861/1469/1680 860/1470/1681 1694/1247/1460 1693/1245/1458
f 860/1470/1681 859/1471/1682 1695/1249/1462 1694/1247/1460
f 859/1471/1682 858/1472/1683 1696/1251/1464 1695/1249/1462
f 858/1472/1683 857/1473/1684 1697/1253/1466 1696/1251/1464
f 857/1473/1684 856/1474/1685 1698/1255/1468 1697/1253/1466
f 856/1474/1685 855/1475/1686 1699/1257/1470 1698/1255/1468
f 855/1475/1686 854/1476/1687 1700/1259/1472 1699/1257/1470
f 854/1476/1687 853/1477/1688 1701/1261/1474 1700/1259/1472
f 853/1477/1688 852/1478/1689 1702/1263/1476 1701/1261/1474
f 852/1478/1689 851/1479/1690 1703/1265/1478 1702/1263/1476
f 851/1479/1690 850/1480/1691 1704/1267/1480 1703/1265/1478
f 850/1480/1691 828/1481/1692 1014/1482/1693 1704/1267/1480
f 1704/1267/1480 1014/1482/1693 1013/1483/1694 1719/1268/1481
f 1719/1268/1481 1013/1483/1694 1012/1484/1695 1734/1283/1496
f 1734/1283/1496 1012/1484/1695 1011/1485/1696 1749/1298/1511
f 1749/1298/1511 1011/1485/1696 1010/1486/1697 1764/1313/1526
f 1764/1313/1526 1010/1486/1697 1009/1487/1698 1779/1328/1541
f 1779/1328/1541 1009/1487/1698 1008/1488/1699 1794/1343/1556
f 1794/1343/1556 1008/1488/1699 1007/1489/1700 1809/1358/1571
f 1809/1358/1571 1007/1489/1700 1006/1490/1701 1824/1373/1586
f 1824/1373/1586 1006/1490/1701 1005/1491/1702 1839/1388/1601
f 1839/1388/1601 1005/1491/1702 1004/1492/1703 1854/1403/1616
f 1854/1403/1616 1004/1492/1703 1003/1493/1704 1869/1418/1631
f 1869/1418/1631 1003/1493/1704 1002/1494/1705 1884/1433/1646
f 1884/1433/1646 1002/1494/1705 1001/1495/1706 1899/1448/1661
f 1899/1448/1661 1001/1495/1706 1000/1496/1707 1914/1463/1676
f 1914/1463/1676 1000/1496/1707 830/887/1149 969/1497/1151
f 1913/1462/1675 1914/1463/1676 969/1497/1151 968/1498/1195
f 1912/1461/1674 1913/1462/1675 968/1498/1195 967/1499/1194
f 1911/1460/1673 1912/1461/1674 967/1499/1194 966/1500/1193
f 1910/1459/1672 1911/1460/1673 966/1500/1193 965/1501/1192
f 1909/1458/1671 1910/1459/1672 965/1501/1192 964/1502/1191
f 1908/1457/1670 1909/1458/1671 964/1502/1191 963/1503/1190
f 1907/1456/1669 1908/1457/1670 963/1503/1190 962/1504/1189
f 1906/1455/1668 1907/1456/1669 962/1504/1189 961/1505/1188
f 1905/1454/1667 1906/1455/1668 961/1505/1188 960/1506/1187
f 1904/1453/1666 1905/1454/1667 960/1506/1187 959/1507/1186
f 1903/1452/1665 1904/1453/1666 959/1507/1186 958/1508/1185
f 1902/1451/1664 1903/1452/1665 958/1508/1185 957/1509/1184
f 1901/1449/1662 1902/1451/1664 957/1509/1184 956/1510/1183
f 1900/1450/1663 1901/1449/1662 956/1510/1183 955/1511/1181
f 849/1512/1421 1900/1450/1663 955/1511/1181 834/1513/1182
f 848/1514/1451 1885/1435/1648 1900/1450/1663 849/1512/1421
f 847/1515/1450 1870/1420/1633 1885/1435/1648 848/1514/1451
f 846/1516/1449 1855/1405/1618 1870/1420/1633 847/1515/1450
f 845/1517/1448 1840/1390/1603 1855/1405/1618 846/1516/1449
f 844/1518/1447 1825/1375/1588 1840/1390/1603 845/1517/1448
f 843/1519/1446 1810/1360/1573 1825/1375/1588 844/1518/1447
f 842/1520/1445 1795/1345/1558 1810/1360/1573 843/1519/1446
f 841/1521/1444 1780/1330/1543 1795/1345/1558 842/1520/1445
f 840/1522/1443 1765/1315/1528 1780/1330/1543 841/1521/1444
f 839/1523/1442 1750/1300/1513 1765/1315/1528 840/1522/1443
f 838/1524/1441 1735/1285/1498 1750/1300/1513 839/1523/1442
f 837/1525/1440 1720/1270/1483 1735/1285/1498 838/1524/1441
f 836/1526/1439 1705/1242/1455 1720/1270/1483 837/1525/1440
f 835/1466/1437 1690/1239/1452 1705/1242/1455 836/1526/1439
f 1915/1527/1708 1916/1528/1709 1931/1529/1710 1930/1530/1711
f 1916/1528/1709 1917/1531/1712 1932/1532/1713 1931/1529/1710
f 1917/1531/1712 1918/1533/1714 1933/1534/1715 1932/1532/1713
f 1918/1533/1714 1919/1535/1716 1934/1536/1717 1933/1534/1715
f 1919/1535/1716 1920/1537/1718 1935/1538/1719 1934/1536/1717
f 1920/1537/1718 1921/1539/1720 1936/1540/1721 1935/1538/1719
f 1921/1539/1720 1922/1541/1722 1937/1542/1723 1936/1540/1721
f 1922/1541/1722 1923/1543/1724 1938/1544/1725 1937/1542/1723
f 1923/1543/1724 1924/1545/1726 1939/1546/1727 1938/1544/1725
f 1924/1545/1726 1925/1547/1728 1940/1548/1729 1939/1546/1727
f 1925/1547/1728 1926/1549/1730 1941/1550/1731 1940/1548/1729
f 1926/1549/1730 1927/1551/1732 1942/1552/1733 1941/1550/1731
f 1927/1551/1732 1928/1553/1734 1943/1554/1735 1942/1552/1733
f 1928/1553/1734 1929/1555/1736 1944/1556/1737 1943/1554/1735
f 1930/1530/1711 1931/1529/1710 1946/1557/1738 1945/1558/1739
f 1931/1529/1710 1932/1532/1713 1947/1559/1740 1946/1557/1738
f 1932/1532/1713 1933/1534/1715 1948/1560/1741 1947/1559/1740
f 1933/1534/1715 1934/1536/1717 1949/1561/1742 1948/1560/1741
f 1934/1536/1717 1935/1538/1719 1950/1562/1743 1949/1561/1742
f 1935/1538/1719 1936/1540/1721 1951/1563/1744 1950/1562/1743
f 1936/1540/1721 1937/1542/1723 1952/1564/1745 1951/1563/1744
f 1937/1542/1723 1938/1544/1725 1953/1565/1746 1952/1564/1745
f 1938/1544/1725 1939/1546/1727 1954/1566/1747 1953/1565/1746
f 1939/1546/1727 1940/1548/1729 1955/1567/1748 1954/1566/1747
f 1940/1548/1729 1941/1550/1731 1956/1568/1749 1955/1567/1748
f 1941/1550/1731 1942/1552/1733 1957/1569/1750 1956/1568/1749
f 1942/1552/1733 1943/1554/1735 1958/1570/1751 1957/1569/1750
f 1943/1554/1735 1944/1556/1737 1959/1571/1752 1958/1570/1751
f 1945/1558/1739 1946/1557/1738 1961/1572/1753 1960/1573/1754
f 1946/1557/1738 1947/1559/1740 1962/1574/1755 1961/1572/1753
f 1947/1559/1740 1948/1560/1741 1963/1575/1756 1962/1574/1755
f 1948/1560/1741 1949/1561/1742 1964/1576/1757 1963/1575/1756
f 1949/1561/1742 1950/1562/1743 1965/1577/1758 1964/1576/1757
f 1950/1562/1743 1951/1563/1744 1966/1578/1759 1965/1577/1758
f 1951/1563/1744 1952/1564/1745 1967/1579/1760 1966/1578/1759
f 1952/1564/1745 1953/1565/1746 1968/1580/1761 1967/1579/1760
f 1953/1565/1746 1954/1566/1747 1969/1581/1762 1968/1580/1761
f 1954/1566/1747 1955/1567/1748 1970/1582/1763 1969/1581/1762
f 1955/1567/1748 1956/1568/1749 1971/1583/1764 1970/1582/1763
f 1956/1568/1749 1957/1569/1750 1972/1584/1765 1971/1583/1764
f 1957/1569/1750 1958/1570/1751 1973/1585/1766 1972/1584/1765
f 1958/1570/1751 1959/1571/1752 1974/1586/1767 1973/1585/1766
f 1960/1573/1754 1961/1572/1753 1976/1587/1768 1975/1588/1769
f 1961/1572/1753 1962/1574/1755 1977/1589/1770 1976/1587/1768
f 1962/1574/1755 1963/1575/1756 1978/1590/1771 1977/1589/1770
f 1963/1575/1756 1964/1576/1757 1979/1591/1772 1978/1590/1771
f 1964/1576/1757 1965/1577/1758 1980/1592/1773 1979/1591/1772
f 1965/1577/1758 1966/1578/1759 1981/1593/1774 1980/1592/1773
f 1966/1578/1759 1967/1579/1760 1982/1594/1775 1981/1593/1774
f 1967/1579/1760 1968/1580/1761 1983/1595/1776 1982/1594/1775
f 1968/1580/1761 1969/1581/1762 1984/1596/1777 1983/1595/1776
f 1969/1581/1762 1970/1582/1763 1985/1597/1778 1984/1596/1777
f 1970/1582/1763 1971/1583/1764 1986/1598/1779 1985/1597/1778
f 1971/1583/1764 1972/1584/1765 1987/1599/1780 1986/1598/1779
f 1972/1584/1765 1973/1585/1766 1988/1600/1781 1987/1599/1780
f 1973/1585/1766 1974/1586/1767 1989/1601/1782 1988/1600/1781
f 1975/1588/1769 1976/1587/1768 1991/1602/1783 1990/1603/1784
f 1976/1587/1768 1977/1589/1770 1992/1604/1785 1991/1602/1783
f 1977/1589/1770 1978/1590/1771 1993/1605/1786 1992/1604/1785
f 1978/1590/1771 1979/1591/1772 1994/1606/1787 1993/1605/1786
f 1979/1591/1772 1980/1592/1773 1995/1607/1788 1994/1606/1787
f 1980/1592/1773 1981/1593/1774 1996/1608/1789 1995/1607/1788
f 1981/1593/1774 1982/1594/1775 1997/1609/1790 1996/1608/1789
f 1982/1594/1775 1983/1595/1776 1998/1610/1791 1997/1609/1790
f 1983/1595/1776 1984/1596/1777 1999/1611/1792 1998/1610/1791
f 1984/1596/1777 1985/1597/1778 2000/1612/1793 1999/1611/1792
f 1985/1597/1778 1986/1598/1779 2001/1613/1794 2000/1612/1793
f 1986/1598/1779 1987/1599/1780 2002/1614/1795 2001/1613/1794
f 1987/1599/1780 1988/1600/1781 2003/1615/1796 2002/1614/1795
f 1988/1600/1781 1989/1601/1782 2004/1616/1797 2003/1615/1796
f 1990/1603/1784 1991/1602/1783 2006/1617/1798 2005/1618/1799
f 1991/1602/1783 1992/1604/1785 2007/1619/1800 2006/1617/1798
f 1992/1604/1785 1993/1605/1786 2008/1620/1801 2007/1619/1800
f 1993/1605/1786 1994/1606/1787 2009/1621/1802 2008/1620/1801
f 1994/1606/1787 1995/1607/1788 2010/1622/1803 2009/1621/1802
f 1995/1607/1788 1996/1608/1789 2011/1623/1804 2010/1622/1803
f 1996/1608/1789 1997/1609/1790 2012/1624/1805 2011/1623/1804
f 1997/1609/1790 1998/1610/1791 2013/1625/1806 2012/1624/1805
f 1998/1610/1791 1999/1611/1792 2014/1626/1807 2013/1625/1806
f 1999/1611/1792 2000/1612/1793 2015/1627/1808 2014/1626/1807
f 2000/1612/1793 2001/1613/1794 2016/1628/1809 2015/1627/1808
f 2001/1613/1794 2002/1614/1795 2017/1629/1810 2016/1628/1809
f 2002/1614/1795 2003/1615/1796 2018/1630/1811 2017/1629/1810
f 2003/1615/1796 2004/1616/1797 2019/1631/1812 2018/1630/1811
f 2005/1618/1799 2006/1617/1798 2021/1632/1813 2020/1633/1814
f 2006/1617/1798 2007/1619/1800 2022/1634/1815 2021/1632/1813
f 2007/1619/1800 2008/1620/1801 2023/1635/1816 2022/1634/1815
f 2008/1620/1801 2009/1621/1802 2024/1636/1817 2023/1635/1816
f 2009/1621/1802 2010/1622/1803 2025/1637/1818 2024/1636/1817
f 2010/1622/1803 2011/1623/1804 2026/1638/1819 2025/1637/1818
f 2011/1623/1804 2012/1624/1805 2027/1639/1820 2026/1638/1819
f 2012/1624/1805 2013/1625/1806 2028/1640/1821 2027/1639/1820
f 2013/1625/1806 2014/1626/1807 2029/1641/1822 2028/1640/1821
f 2014/1626/1807 2015/1627/1808 2030/1642/1823 2029/1641/1822
f 2015/1627/1808 2016/1628/1809 2031/1643/1824 2030/1642/1823
f 2016/1628/1809 2017/1629/1810 2032/1644/1825 2031/1643/1824
f 2017/1629/1810 2018/1630/1811 2033/1645/1826 2032/1644/1825
f 2018/1630/1811 2019/1631/1812 2034/1646/1827 2033/1645/1826
f 2020/1633/1814 2021/1632/1813 2036/1647/1828 2035/1648/1829
f 2021/1632/1813 2022/1634/1815 2037/1649/1830 2036/1647/1828
f 2022/1634/1815 2023/1635/1816 2038/1650/1831 2037/1649/1830
f 2023/1635/1816 2024/1636/1817 2039/1651/1832 2038/1650/1831
f 2024/1636/1817 2025/1637/1818 2040/1652/1833 2039/1651/1832
f 2025/1637/1818 2026/1638/1819 2041/1653/1834 2040/1652/1833
f 2026/1638/1819 2027/1639/1820 2042/1654/1835 2041/1653/1834
f 2027/1639/1820 2028/1640/1821 2043/1655/1836 2042/1654/1835
f 2028/1640/1821 2029/1641/1822 2044/1656/1837 2043/1655/1836
f 2029/1641/1822 2030/1642/1823 2045/1657/1838 2044/1656/1837
f 2030/1642/1823 2031/1643/1824 2046/1658/1839 2045/1657/1838
f 2031/1643/1824 2032/1644/1825 2047/1659/1840 2046/1658/1839
f 2032/1644/1825 2033/1645/1826 2048/1660/1841 2047/1659/1840
f 2033/1645/1826 2034/1646/1827 2049/1661/1842 2048/1660/1841
f 2035/1648/1829 2036/1647/1828 2051/1662/1843 2050/1663/1844
f 2036/1647/1828 2037/1649/1830 2052/1664/1845 2051/1662/1843
f 2037/1649/1830 2038/1650/1831 2053/1665/1846 2052/1664/1845
f 2038/1650/1831 2039/1651/1832 2054/1666/1847 2053/1665/1846
f 2039/1651/1832 2040/1652/1833 2055/1667/1848 2054/1666/1847
f 2040/1652/1833 2041/1653/1834 2056/1668/1849 2055/1667/1848
f 2041/1653/1834 2042/1654/1835 2057/1669/1850 2056/1668/1849
f 2042/1654/1835 2043/1655/1836 2058/1670/1851 2057/1669/1850
f 2043/1655/1836 2044/1656/1837 2059/1671/1852 2058/1670/1851
f 2044/1656/1837 2045/1657/1838 2060/1672/1853 2059/1671/1852
f 2045/1657/1838 2046/1658/1839 2061/1673/1854 2060/1672/1853
f 2046/1658/1839 2047/1659/1840 2062/1674/1855 2061/1673/1854
f 2047/1659/1840 2048/1660/1841 2063/1675/1856 2062/1674/1855
f 2048/1660/1841 2049/1661/1842 2064/1676/1857 2063/1675/1856
f 2050/1663/1844 2051/1662/1843 2066/1677/1858 2065/1678/1859
f 2051/1662/1843 2052/1664/1845 2067/1679/1860 2066/1677/1858
f 2052/1664/1845 2053/1665/1846 2068/1680/1861 2067/1679/1860
f 2053/1665/1846 2054/1666/1847 2069/1681/1862 2068/1680/1861
f 2054/1666/1847 2055/1667/1848 2070/1682/1863 2069/1681/1862
f 2055/1667/1848 2056/1668/1849 2071/1683/1864 2070/1682/1863
f 2056/1668/1849 2057/1669/1850 2072/1684/1865 2071/1683/1864
f 2057/1669/1850 2058/1670/1851 2073/1685/1866 2072/1684/1865
f 2058/1670/1851 2059/1671/1852 2074/1686/1867 2073/1685/1866
f 2059/1671/1852 2060/1672/1853 2075/1687/1868 2074/1686/1867
f 2060/1672/1853 2061/1673/1854 2076/1688/1869 2075/1687/1868
f 2061/1673/1854 2062/1674/1855 2077/1689/1870 2076/1688/1869
f 2062/1674/1855 2063/1675/1856 2078/1690/1871 2077/1689/1870
f 2063/1675/1856 2064/1676/1857 2079/1691/1872 2078/1690/1871
f 2065/1678/1859 2066/1677/1858 2081/1692/1873 2080/1693/1874
f 2066/1677/1858 2067/1679/1860 2082/1694/1875 2081/1692/1873
f 2067/1679/1860 2068/1680/1861 2083/1695/1876 2082/1694/1875
f 2068/1680/1861 2069/1681/1862 2084/1696/1877 2083/1695/1876
f 2069/1681/1862 2070/1682/1863 2085/1697/1878 2084/1696/1877
f 2070/1682/1863 2071/1683/1864 2086/1698/1879 2085/1697/1878
f 2071/1683/1864 2072/1684/1865 2087/1699/1880 2086/1698/1879
f 2072/1684/1865 2073/1685/1866 2088/1700/1881 2087/1699/1880
f 2073/1685/1866 2074/1686/1867 2089/1701/1882 2088/1700/1881
f 2074/1686/1867 2075/1687/1868 2090/1702/1883 2089/1701/1882
f 2075/1687/1868 2076/1688/1869 2091/1703/1884 2090/1702/1883
f 2076/1688/1869 2077/1689/1870 2092/1704/1885 2091/1703/1884
f 2077/1689/1870 2078/1690/1871 2093/1705/1886 2092/1704/1885
f 2078/1690/1871 2079/1691/1872 2094/1706/1887 2093/1705/1886
f 2080/1693/1874 2081/1692/1873 2096/1707/1888 2095/1708/1889
f 2081/1692/1873 2082/1694/1875 2097/1709/1890 2096/1707/1888
f 2082/1694/1875 2083/1695/1876 2098/1710/1891 2097/1709/1890
f 2083/1695/1876 2084/1696/1877 2099/1711/1892 2098/1710/1891
f 2084/1696/1877 2085/1697/1878 2100/1712/1893 2099/1711/1892
f 2085/1697/1878 2086/1698/1879 2101/1713/1894 2100/1712/1893
f 2086/1698/1879 2087/1699/1880 2102/1714/1895 2101/1713/1894
f 2087/1699/1880 2088/1700/1881 2103/1715/1896 2102/1714/1895
f 2088/1700/1881 2089/1701/1882 2104/1716/1897 2103/1715/1896
f 2089/1701/1882 2090/1702/1883 2105/1717/1898 2104/1716/1897
f 2090/1702/1883 2091/1703/1884 2106/1718/1899 2105/1717/1898
f 2091/1703/1884 2092/1704/1885 2107/1719/1900 2106/1718/1899
f 2092/1704/1885 2093/1705/1886 2108/1720/1901 2107/1719/1900
f 2093/1705/1886 2094/1706/1887 2109/1721/1902 2108/1720/1901
f 2095/1708/1889 2096/1707/1888 2111/1722/1903 2110/1723/1904
f 2096/1707/1888 2097/1709/1890 2112/1724/1905 2111/1722/1903
f 2097/1709/1890 2098/1710/1891 2113/1725/1906 2112/1724/1905
f 2098/1710/1891 2099/1711/1892 2114/1726/1907 2113/1725/1906
f 2099/1711/1892 2100/1712/1893 2115/1727/1908 2114/1726/1907
f 2100/1712/1893 2101/1713/1894 2116/1728/1909 2115/1727/1908
f 2101/1713/1894 2102/1714/1895 2117/1729/1910 2116/1728/1909
f 2102/1714/1895 2103/1715/1896 2118/1730/1911 2117/1729/1910
f 2103/1715/1896 2104/1716/1897 2119/1731/1912 2118/1730/1911
f 2104/1716/1897 2105/1717/1898 2120/1732/1913 2119/1731/1912
f 2105/1717/1898 2106/1718/1899 2121/1733/1914 2120/1732/1913
f 2106/1718/1899 2107/1719/1900 2122/1734/1915 2121/1733/1914
f 2107/1719/1900 2108/1720/1901 2123/1735/1916 2122/1734/1915
f 2108/1720/1901 2109/1721/1902 2124/1736/1917 2123/1735/1916
f 2110/1723/1904 2111/1722/1903 2126/1737/1918 2125/1738/1919
f 2111/1722/1903 2112/1724/1905 2127/1739/1920 2126/1737/1918
f 2112/1724/1905 2113/1725/1906 2128/1740/1921 2127/1739/1920
f 2113/1725/1906 2114/1726/1907 2129/1741/1922 2128/1740/1921
f 2114/1726/1907 2115/1727/1908 2130/1742/1923 2129/1741/1922
f 2115/1727/1908 2116/1728/1909 2131/1743/1924 2130/1742/1923
f 2116/1728/1909 2117/1729/1910 2132/1744/1925 2131/1743/1924
f 2117/1729/1910 2118/1730/1911 2133/1745/1926 2132/1744/1925
f 2118/1730/1911 2119/1731/1912 2134/1746/1927 2133/1745/1926
f 2119/1731/1912 2120/1732/1913 2135/1747/1928 2134/1746/1927
f 2120/1732/1913 2121/1733/1914 2136/1748/1929 2135/1747/1928
f 2121/1733/1914 2122/1734/1915 2137/1749/1930 2136/1748/1929
f 2122/1734/1915 2123/1735/1916 2138/1750/1931 2137/1749/1930
f 2123/1735/1916 2124/1736/1917 2139/1751/1932 2138/1750/1931
f 828/1481/1692 879/1752/1933 1915/1527/1708 1014/1482/1693
f 879/1752/1933 878/1753/1934 1916/1528/1709 1915/1527/1708
f 878/1753/1934 877/1754/1935 1917/1531/1712 1916/1528/1709
f 877/1754/1935 876/1755/1936 1918/1533/1714 1917/1531/1712
f 876/1755/1936 875/1756/1937 1919/1535/1716 1918/1533/1714
f 875/1756/1937 874/1757/1938 1920/1537/1718 1919/1535/1716
f 874/1757/1938 873/1758/1939 1921/1539/1720 1920/1537/1718
f 873/1758/1939 872/1759/1940 1922/1541/1722 1921/1539/1720
f 872/1759/1940 871/1760/1941 1923/1543/1724 1922/1541/1722
f 871/1760/1941 870/1761/1942 1924/1545/1726 1923/1543/1724
f 870/1761/1942 869/1762/1943 1925/1547/1728 1924/1545/1726
f 869/1762/1943 868/1763/1944 1926/1549/1730 1925/1547/1728
f 868/1763/1944 867/1764/1945 1927/1551/1732 1926/1549/1730
f 867/1764/1945 866/1765/1946 1928/1553/1734 1927/1551/1732
f 866/1765/1946 865/1766/1947 1929/1555/1736 1928/1553/1734
f 865/1766/1947 827/598/860 940/600/862 1929/1555/1736
f 1929/1555/1736 940/600/862 941/661/923 1944/1556/1737
f 1944/1556/1737 941/661/923 942/660/922 1959/1571/1752
f 1959/1571/1752 942/660/922 943/659/921 1974/1586/1767
f 1974/1586/1767 943/659/921 944/658/920 1989/1601/1782
f 1989/1601/1782 944/658/920 945/657/919 2004/1616/1797
f 2004/1616/1797 945/657/919 946/656/918 2019/1631/1812
f 2019/1631/1812 946/656/918 947/655/917 2034/1646/1827
f 2034/1646/1827 947/655/917 948/654/916 2049/1661/1842
f 2049/1661/1842 948/654/916 949/653/915 2064/1676/1857
f 2064/1676/1857 949/653/915 950/652/914 2079/1691/1872
f 2079/1691/1872 950/652/914 951/651/913 2094/1706/1887
f 2094/1706/1887 951/651/913 952/650/912 2109/1721/1902
f 2109/1721/1902 952/650/912 953/649/911 2124/1736/1917
f 2124/1736/1917 953/649/911 954/647/909 2139/1751/1932
f 2139/1751/1932 954/647/909 829/648/910 895/903/1165
f 2138/1750/1931 2139/1751/1932 895/903/1165 896/902/1164
f 2137/1749/1930 2138/1750/1931 896/902/1164 897/901/1163
f 2136/1748/1929 2137/1749/1930 897/901/1163 898/900/1162
f 2135/1747/1928 2136/1748/1929 898/900/1162 899/899/1161
f 2134/1746/1927 2135/1747/1928 899/899/1161 900/898/1160
f 2133/1745/1926 2134/1746/1927 900/898/1160 901/897/1159
f 2132/1744/1925 2133/1745/1926 901/897/1159 902/896/1158
f 2131/1743/1924 2132/1744/1925 902/896/1158 903/895/1157
f 2130/1742/1923 2131/1743/1924 903/895/1157 904/894/1156
f 2129/1741/1922 2130/1742/1923 904/894/1156 905/893/1155
f 2128/1740/1921 2129/1741/1922 905/893/1155 906/892/1154
f 2127/1739/1920 2128/1740/1921 906/892/1154 907/891/1153
f 2126/1737/1918 2127/1739/1920 907/891/1153 908/890/1152
f 2125/1738/1919 2126/1737/1918 908/890/1152 909/888/1150
f 1000/1496/1707 2125/1738/1919 909/888/1150 830/887/1149
f 1001/1495/1706 2110/1723/1904 2125/1738/1919 1000/1496/1707
f 1002/1494/1705 2095/1708/1889 2110/1723/1904 1001/1495/1706
f 1003/1493/1704 2080/1693/1874 2095/1708/1889 1002/1494/1705
f 1004/1492/1703 2065/1678/1859 2080/1693/1874 1003/1493/1704
f 1005/1491/1702 2050/1663/1844 2065/1678/1859 1004/1492/1703
f 1006/1490/1701 2035/1648/1829 2050/1663/1844 1005/1491/1702
f 1007/1489/1700 2020/1633/1814 2035/1648/1829 1006/1490/1701
f 1008/1488/1699 2005/1618/1799 2020/1633/1814 1007/1489/1700
f 1009/1487/1698 1990/1603/1784 2005/1618/1799 1008/1488/1699
f 1010/1486/1697 1975/1588/1769 1990/1603/1784 1009/1487/1698
f 1011/1485/1696 1960/1573/1754 1975/1588/1769 1010/1486/1697
f 1012/1484/1695 1945/1558/1739 1960/1573/1754 1011/1485/1696
f 1013/1483/1694 1930/1530/1711 1945/1558/1739 1012/1484/1695
f 1014/1482/1693 1915/1527/1708 1930/1530/1711 1013/1483/1694
f 2140/1767/1948 2141/1768/1949 2156/1769/1950 2155/1770/1951
f 2141/1768/1949 2142/1771/1952 2157/1772/1953 2156/1769/1950
f 2142/1771/1952 2143/1773/1954 2158/1774/1955 2157/1772/1953
f 2143/1773/1954 2144/1775/1956 2159/1776/1957 2158/1774/1955
f 2144/1775/1956 2145/1777/1958 2160/1778/1959 2159/1776/1957
f 2145/1777/1958 2146/1779/1960 2161/1780/1961 2160/1778/1959
f 2146/1779/1960 2147/1781/1962 2162/1782/1963 2161/1780/1961
f 2147/1781/1962 2148/1783/1964 2163/1784/1965 2162/1782/1963
f 2148/1783/1964 2149/1785/1966 2164/1786/1967 2163/1784/1965
f 2149/1785/1966 2150/1787/1968 2165/1788/1969 2164/1786/1967
f 2150/1787/1968 2151/1789/1970 2166/1790/1971 2165/1788/1969
f 2151/1789/1970 2152/1791/1972 2167/1792/1973 2166/1790/1971
f 2152/1791/1972 2153/1793/1974 2168/1794/1975 2167/1792/1973
f 2153/1793/1974 2154/1795/1976 2169/1796/1977 2168/1794/1975
f 2155/1770/1951 2156/1769/1950 2171/1797/1978 2170/1798/1979
f 2156/1769/1950 2157/1772/1953 2172/1799/1980 2171/1797/1978
f 2157/1772/1953 2158/1774/1955 2173/1800/1981 2172/1799/1980
f 2158/1774/1955 2159/1776/1957 2174/1801/1982 2173/1800/1981
f 2159/1776/1957 2160/1778/1959 2175/1802/1983 2174/1801/1982
f 2160/1778/1959 2161/1780/1961 2176/1803/1984 2175/1802/1983
f 2161/1780/1961 2162/1782/1963 2177/1804/1985 2176/1803/1984
f 2162/1782/1963 2163/1784/1965 2178/1805/1986 2177/1804/1985
f 2163/1784/1965 2164/1786/1967 2179/1806/1987 2178/1805/1986
f 2164/1786/1967 2165/1788/1969 2180/1807/1988 2179/1806/1987
f 2165/1788/1969 2166/1790/1971 2181/1808/1989 2180/1807/1988
f 2166/1790/1971 2167/1792/1973 2182/1809/1990 2181/1808/1989
f 2167/1792/1973 2168/1794/1975 2183/1810/1991 2182/1809/1990
f 2168/1794/1975 2169/1796/1977 2184/1811/1992 2183/1810/1991
f 2170/1798/1979 2171/1797/1978 2186/1812/1993 2185/1813/1994
f 2171/1797/1978 2172/1799/1980 2187/1814/1995 2186/1812/1993
f 2172/1799/1980 2173/1800/1981 2188/1815/1996 2187/1814/1995
f 2173/1800/1981 2174/1801/1982 2189/1816/1997 2188/1815/1996
f 2174/1801/1982 2175/1802/1983 2190/1817/1998 2189/1816/1997
f 2175/1802/1983 2176/1803/1984 2191/1818/1999 2190/1817/1998
f 2176/1803/1984 2177/1804/1985 2192/1819/2000 2191/1818/1999
f 2177/1804/1985 2178/1805/1986 2193/1820/2001 2192/1819/2000
f 2178/1805/1986 2179/1806/1987 2194/1821/2002 2193/1820/2001
f 2179/1806/1987 2180/1807/1988 2195/1822/2003 2194/1821/2002
f 2180/1807/1988 2181/1808/1989 2196/1823/2004 2195/1822/2003
f 2181/1808/1989 2182/1809/1990 2197/1824/2005 2196/1823/2004
f 2182/1809/1990 2183/1810/1991 2198/1825/2006 2197/1824/2005
f 2183/1810/1991 2184/1811/1992 2199/1826/2007 2198/1825/2006
f 2185/1813/1994 2186/1812/1993 2201/1827/2008 2200/1828/2009
f 2186/1812/1993 2187/1814/1995 2202/1829/2010 2201/1827/2008
f 2187/1814/1995 2188/1815/1996 2203/1830/2011 2202/1829/2010
f 2188/1815/1996 2189/1816/1997 2204/1831/2012 2203/1830/2011
f 2189/1816/1997 2190/1817/1998 2205/1832/2013 2204/1831/2012
f 2190/1817/1998 2191/1818/1999 2206/1833/2014 2205/1832/2013
f 2191/1818/1999 2192/1819/2000 2207/1834/2015 2206/1833/2014
f 2192/1819/2000 2193/1820/2001 2208/1835/2016 2207/1834/2015
f 2193/1820/2001 2194/1821/2002 2209/1836/2017 2208/1835/2016
f 2194/1821/2002 2195/1822/2003 2210/1837/2018 2209/1836/2017
f 2195/1822/2003 2196/1823/2004 2211/1838/2019 2210/1837/2018
f 2196/1823/2004 2197/1824/2005 2212/1839/2020 2211/1838/2019
f 2197/1824/2005 2198/1825/2006 2213/1840/2021 2212/1839/2020
f 2198/1825/2006 2199/1826/2007 2214/1841/2022 2213/1840/2021
f 2200/1828/2009 2201/1827/2008 2216/1842/2023 2215/1843/2024
f 2201/1827/2008 2202/1829/2010 2217/1844/2025 2216/1842/2023
f 2202/1829/2010 2203/1830/2011 2218/1845/2026 2217/1844/2025
f 2203/1830/2011 2204/1831/2012 2219/1846/2027 2218/1845/2026
f 2204/1831/2012 2205/1832/2013 2220/1847/2028 2219/1846/2027
f 2205/1832/2013 2206/1833/2014 2221/1848/2029 2220/1847/2028
f 2206/1833/2014 2207/1834/2015 2222/1849/2030 2221/1848/2029
f 2207/1834/2015 2208/1835/2016 2223/1850/2031 2222/1849/2030
f 2208/1835/2016 2209/1836/2017 2224/1851/2032 2223/1850/2031
f 2209/1836/2017 2210/1837/2018 2225/1852/2033 2224/1851/2032
f 2210/1837/2018 2211/1838/2019 2226/1853/2034 2225/1852/2033
f 2211/1838/2019 2212/1839/2020 2227/1854/2035 2226/1853/2034
f 2212/1839/2020 2213/1840/2021 2228/1855/2036 2227/1854/2035
f 2213/1840/2021 2214/1841/2022 2229/1856/2037 2228/1855/2036
f 2215/1843/2024 2216/1842/2023 2231/1857/2038 2230/1858/2039
f 2216/1842/2023 2217/1844/2025 2232/1859/2040 2231/1857/2038
f 2217/1844/2025 2218/1845/2026 2233/1860/2041 2232/1859/2040
f 2218/1845/2026 2219/1846/2027 2234/1861/2042 2233/1860/2041
f 2219/1846/2027 2220/1847/2028 2235/1862/2043 2234/1861/2042
f 2220/1847/2028 2221/1848/2029 2236/1863/2044 2235/1862/2043
f 2221/1848/2029 2222/1849/2030 2237/1864/2045 2236/1863/2044
f 2222/1849/2030 2223/1850/2031 2238/1865/2046 2237/1864/2045
f 2223/1850/2031 2224/1851/2032 2239/1866/2047 2238/1865/2046
f 2224/1851/2032 2225/1852/2033 2240/1867/2048 2239/1866/2047
f 2225/1852/2033 2226/1853/2034 2241/1868/2049 2240/1867/2048
f 2226/1853/2034 2227/1854/2035 2242/1869/2050 2241/1868/2049
f 2227/1854/2035 2228/1855/2036 2243/1870/2051 2242/1869/2050
f 2228/1855/2036 2229/1856/2037 2244/1871/2052 2243/1870/2051
f 2230/1858/2039 2231/1857/2038 2246/1872/2053 2245/1873/2054
f 2231/1857/2038 2232/1859/2040 2247/1874/2055 2246/1872/2053
f 2232/1859/2040 2233/1860/2041 2248/1875/2056 2247/1874/2055
f 2233/1860/2041 2234/1861/2042 2249/1876/2057 2248/1875/2056
f 2234/1861/2042 2235/1862/2043 2250/1877/2058 2249/1876/2057
f 2235/1862/2043 2236/1863/2044 2251/1878/2059 2250/1877/2058
f 2236/1863/2044 2237/1864/2045 2252/1879/2060 2251/1878/2059
f 2237/1864/2045 2238/1865/2046 2253/1880/2061 2252/1879/2060
f 2238/1865/2046 2239/1866/2047 2254/1881/2062 2253/1880/2061
f 2239/1866/2047 2240/1867/2048 2255/1882/2063 2254/1881/2062
f 2240/1867/2048 2241/1868/2049 2256/1883/2064 2255/1882/2063
f 2241/1868/2049 2242/1869/2050 2257/1884/2065 2256/1883/2064
f 2242/1869/2050 2243/1870/2051 2258/1885/2066 2257/1884/2065
f 2243/1870/2051 2244/1871/2052 2259/1886/2067 2258/1885/2066
f 2245/1873/2054 2246/1872/2053 2261/1887/2068 2260/1888/2069
f 2246/1872/2053 2247/1874/2055 2262/1889/2070 2261/1887/2068
f 2247/1874/2055 2248/1875/2056 2263/1890/2071 2262/1889/2070
f 2248/1875/2056 2249/1876/2057 2264/1891/2072 2263/1890/2071
f 2249/1876/2057 2250/1877/2058 2265/1892/2073 2264/1891/2072
f 2250/1877/2058 2251/1878/2059 2266/1893/2074 2265/1892/2073
f 2251/1878/2059 2252/1879/2060 2267/1894/2075 2266/1893/2074
f 2252/1879/2060 2253/1880/2061 2268/1895/2076 2267/1894/2075
f 2253/1880/2061 2254/1881/2062 2269/1896/2077 2268/1895/2076
f 2254/1881/2062 2255/1882/2063 2270/1897/2078 2269/1896/2077
f 2255/1882/2063 2256/1883/2064 2271/1898/2079 2270/1897/2078
f 2256/1883/2064 2257/1884/2065 2272/1899/2080 2271/1898/2079
f 2257/1884/2065 2258/1885/2066 2273/1900/2081 2272/1899/2080
f 2258/1885/2066 2259/1886/2067 2274/1901/2082 2273/1900/2081
f 2260/1888/2069 2261/1887/2068 2276/1902/2083 2275/1903/2084
f 2261/1887/2068 2262/1889/2070 2277/1904/2085 2276/1902/2083
f 2262/1889/2070 2263/1890/2071 2278/1905/2086 2277/1904/2085
f 2263/1890/2071 2264/1891/2072 2279/1906/2087 2278/1905/2086
f 2264/1891/2072 2265/1892/2073 2280/1907/2088 2279/1906/2087
f 2265/1892/2073 2266/1893/2074 2281/1908/2089 2280/1907/2088
f 2266/1893/2074 2267/1894/2075 2282/1909/2090 2281/1908/2089
f 2267/1894/2075 2268/1895/2076 2283/1910/2091 2282/1909/2090
f 2268/1895/2076 2269/1896/2077 2284/1911/2092 2283/1910/2091
f 2269/1896/2077 2270/1897/2078 2285/1912/2093 2284/1911/2092
f 2270/1897/2078 2271/1898/2079 2286/1913/2094 2285/1912/2093
f 2271/1898/2079 2272/1899/2080 2287/1914/2095 2286/1913/2094
f 2272/1899/2080 2273/1900/2081 2288/1915/2096 2287/1914/2095
f 2273/1900/2081 2274/1901/2082 2289/1916/2097 2288/1915/2096
f 2275/1903/2084 2276/1902/2083 2291/1917/2098 2290/1918/2099
f 2276/1902/2083 2277/1904/2085 2292/1919/2100 2291/1917/2098
f 2277/1904/2085 2278/1905/2086 2293/1920/2101 2292/1919/2100
f 2278/1905/2086 2279/1906/2087 2294/1921/2102 2293/1920/2101
f 2279/1906/2087 2280/1907/2088 2295/1922/2103 2294/1921/2102
f 2280/1907/2088 2281/1908/2089 2296/1923/2104 2295/1922/2103
f 2281/1908/2089 2282/1909/2090 2297/1924/2105 2296/1923/2104
f 2282/1909/2090 2283/1910/2091 2298/1925/2106 2297/1924/2105
f 2283/1910/2091 2284/1911/2092 2299/1926/2107 2298/1925/2106
f 2284/1911/2092 2285/1912/2093 2300/1927/2108 2299/1926/2107
f 2285/1912/2093 2286/1913/2094 2301/1928/2109 2300/1927/2108
f 2286/1913/2094 2287/1914/2095 2302/1929/2110 2301/1928/2109
f 2287/1914/2095 2288/1915/2096 2303/1930/2111 2302/1929/2110
f 2288/1915/2096 2289/1916/2097 2304/1931/2112 2303/1930/2111
f 2290/1918/2099 2291/1917/2098 2306/1932/2113 2305/1933/2114
f 2291/1917/2098 2292/1919/2100 2307/1934/2115 2306/1932/2113
f 2292/1919/2100 2293/1920/2101 2308/1935/2116 2307/1934/2115
f 2293/1920/2101 2294/1921/2102 2309/1936/2117 2308/1935/2116
f 2294/1921/2102 2295/1922/2103 2310/1937/2118 2309/1936/2117
f 2295/1922/2103 2296/1923/2104 2311/1938/2119 2310/1937/2118
f 2296/1923/2104 2297/1924/2105 2312/1939/2120 2311/1938/2119
f 2297/1924/2105 2298/1925/2106 2313/1940/2121 2312/1939/2120
f 2298/1925/2106 2299/1926/2107 2314/1941/2122 2313/1940/2121
f 2299/1926/2107 2300/1927/2108 2315/1942/2123 2314/1941/2122
f 2300/1927/2108 2301/1928/2109 2316/1943/2124 2315/1942/2123
f 2301/1928/2109 2302/1929/2110 2317/1944/2125 2316/1943/2124
f 2302/1929/2110 2303/1930/2111 2318/1945/2126 2317/1944/2125
f 2303/1930/2111 2304/1931/2112 2319/1946/2127 2318/1945/2126
f 2305/1933/2114 2306/1932/2113 2321/1947/2128 2320/1948/2129
f 2306/1932/2113 2307/1934/2115 2322/1949/2130 2321/1947/2128
f 2307/1934/2115 2308/1935/2116 2323/1950/2131 2322/1949/2130
f 2308/1935/2116 2309/1936/2117 2324/1951/2132 2323/1950/2131
f 2309/1936/2117 2310/1937/2118 2325/1952/2133 2324/1951/2132
f 2310/1937/2118 2311/1938/2119 2326/1953/2134 2325/1952/2133
f 2311/1938/2119 2312/1939/2120 2327/1954/2135 2326/1953/2134
f 2312/1939/2120 2313/1940/2121 2328/1955/2136 2327/1954/2135
f 2313/1940/2121 2314/1941/2122 2329/1956/2137 2328/1955/2136
f 2314/1941/2122 2315/1942/2123 2330/1957/2138 2329/1956/2137
f 2315/1942/2123 2316/1943/2124 2331/1958/2139 2330/1957/2138
f 2316/1943/2124 2317/1944/2125 2332/1959/2140 2331/1958/2139
f 2317/1944/2125 2318/1945/2126 2333/1960/2141 2332/1959/2140
f 2318/1945/2126 2319/1946/2127 2334/1961/2142 2333/1960/2141
f 2320/1948/2129 2321/1947/2128 2336/1962/2143 2335/1963/2144
f 2321/1947/2128 2322/1949/2130 2337/1964/2145 2336/1962/2143
f 2322/1949/2130 2323/1950/2131 2338/1965/2146 2337/1964/2145
f 2323/1950/2131 2324/1951/2132 2339/1966/2147 2338/1965/2146
f 2324/1951/2132 2325/1952/2133 2340/1967/2148 2339/1966/2147
f 2325/1952/2133 2326/1953/2134 2341/1968/2149 2340/1967/2148
f 2326/1953/2134 2327/1954/2135 2342/1969/2150 2341/1968/2149
f 2327/1954/2135 2328/1955/2136 2343/1970/2151 2342/1969/2150
f 2328/1955/2136 2329/1956/2137 2344/1971/2152 2343/1970/2151
f 2329/1956/2137 2330/1957/2138 2345/1972/2153 2344/1971/2152
f 2330/1957/2138 2331/1958/2139 2346/1973/2154 2345/1972/2153
f 2331/1958/2139 2332/1959/2140 2347/1974/2155 2346/1973/2154
f 2332/1959/2140 2333/1960/2141 2348/1975/2156 2347/1974/2155
f 2333/1960/2141 2334/1961/2142 2349/1976/2157 2348/1975/2156
f 2335/1963/2144 2336/1962/2143 2351/1977/2158 2350/1978/2159
f 2336/1962/2143 2337/1964/2145 2352/1979/2160 2351/1977/2158
f 2337/1964/2145 2338/1965/2146 2353/1980/2161 2352/1979/2160
f 2338/1965/2146 2339/1966/2147 2354/1981/2162 2353/1980/2161
f 2339/1966/2147 2340/1967/2148 2355/1982/2163 2354/1981/2162
f 2340/1967/2148 2341/1968/2149 2356/1983/2164 2355/1982/2163
f 2341/1968/2149 2342/1969/2150 2357/1984/2165 2356/1983/2164
f 2342/1969/2150 2343/1970/2151 2358/1985/2166 2357/1984/2165
f 2343/1970/2151 2344/1971/2152 2359/1986/2167 2358/1985/2166
f 2344/1971/2152 2345/1972/2153 2360/1987/2168 2359/1986/2167
f 2345/1972/2153 2346/1973/2154 2361/1988/2169 2360/1987/2168
f 2346/1973/2154 2347/1974/2155 2362/1989/2170 2361/1988/2169
f 2347/1974/2155 2348/1975/2156 2363/1990/2171 2362/1989/2170
f 2348/1975/2156 2349/1976/2157 2364/1991/2172 2363/1990/2171
f 832/1225/1438 924/1223/1436 2140/1767/1948 864/1992/1677
f 924/1223/1436 923/1222/1435 2141/1768/1949 2140/1767/1948
f 923/1222/1435 922/1221/1434 2142/1771/1952 2141/1768/1949
f 922/1221/1434 921/1220/1433 2143/1773/1954 2142/1771/1952
f 921/1220/1433 920/1219/1432 2144/1775/1956 2143/1773/1954
f 920/1219/1432 919/1218/1431 2145/1777/1958 2144/1775/1956
f 919/1218/1431 918/1217/1430 2146/1779/1960 2145/1777/1958
f 918/1217/1430 917/1216/1429 2147/1781/1962 2146/1779/1960
f 917/1216/1429 916/1215/1428 2148/1783/1964 2147/1781/1962
f 916/1215/1428 915/1214/1427 2149/1785/1966 2148/1783/1964
f 915/1214/1427 914/1213/1426 2150/1787/1968 2149/1785/1966
f 914/1213/1426 913/1212/1425 2151/1789/1970 2150/1787/1968
f 913/1212/1425 912/1211/1424 2152/1791/1972 2151/1789/1970
f 912/1211/1424 911/1210/1423 2153/1793/1974 2152/1791/1972
f 911/1210/1423 910/1209/1422 2154/1795/1976 2153/1793/1974
f 910/1209/1422 831/1208/877 985/1993/876 2154/1795/1976
f 2154/1795/1976 985/1993/876 986/1994/875 2169/1796/1977
f 2169/1796/1977 986/1994/875 987/1995/874 2184/1811/1992
f 2184/1811/1992 987/1995/874 988/1996/873 2199/1826/2007
f 2199/1826/2007 988/1996/873 989/1997/872 2214/1841/2022
f 2214/1841/2022 989/1997/872 990/1998/871 2229/1856/2037
f 2229/1856/2037 990/1998/871 991/1999/870 2244/1871/2052
f 2244/1871/2052 991/1999/870 992/2000/869 2259/1886/2067
f 2259/1886/2067 992/2000/869 993/2001/868 2274/1901/2082
f 2274/1901/2082 993/2001/868 994/2002/867 2289/1916/2097
f 2289/1916/2097 994/2002/867 995/2003/866 2304/1931/2112
f 2304/1931/2112 995/2003/866 996/2004/865 2319/1946/2127
f 2319/1946/2127 996/2004/865 997/2005/864 2334/1961/2142
f 2334/1961/2142 997/2005/864 998/2006/863 2349/1976/2157
f 2349/1976/2157 998/2006/863 999/2007/861 2364/1991/2172
f 2364/1991/2172 999/2007/861 827/598/860 865/1766/1947
f 2363/1990/2171 2364/1991/2172 865/1766/1947 866/1765/1946
f 2362/1989/2170 2363/1990/2171 866/1765/1946 867/1764/1945
f 2361/1988/2169 2362/1989/2170 867/1764/1945 868/1763/1944
f 2360/1987/2168 2361/1988/2169 868/1763/1944 869/1762/1943
f 2359/1986/2167 2360/1987/2168 869/1762/1943 870/1761/1942
f 2358/1985/2166 2359/1986/2167 870/1761/1942 871/1760/1941
f 2357/1984/2165 2358/1985/2166 871/1760/1941 872/1759/1940
f 2356/1983/2164 2357/1984/2165 872/1759/1940 873/1758/1939
f 2355/1982/2163 2356/1983/2164 873/1758/1939 874/1757/1938
f 2354/1981/2162 2355/1982/2163 874/1757/1938 875/1756/1937
f 2353/1980/2161 2354/1981/2162 875/1756/1937 876/1755/1936
f 2352/1979/2160 2353/1980/2161 876/1755/1936 877/1754/1935
f 2351/1977/2158 2352/1979/2160 877/1754/1935 878/1753/1934
f 2350/1978/2159 2351/1977/2158 878/1753/1934 879/1752/1933
f 850/2008/1691 2350/1978/2159 879/1752/1933 828/1481/1692
f 851/2009/1690 2335/1963/2144 2350/1978/2159 850/2008/1691
f 852/2010/1689 2320/1948/2129 2335/1963/2144 851/2009/1690
f 853/2011/1688 2305/1933/2114 2320/1948/2129 852/2010/1689
f 854/2012/1687 2290/1918/2099 2305/1933/2114 853/2011/1688
f 855/2013/1686 2275/1903/2084 2290/1918/2099 854/2012/1687
f 856/2014/1685 2260/1888/2069 2275/1903/2084 855/2013/1686
f 857/2015/1684 2245/1873/2054 2260/1888/2069 856/2014/1685
f 858/2016/1683 2230/1858/2039 2245/1873/2054 857/2015/1684
f 859/2017/1682 2215/1843/2024 2230/1858/2039 858/2016/1683
f 860/2018/1681 2200/1828/2009 2215/1843/2024 859/2017/1682
f 861/2019/1680 2185/1813/1994 2200/1828/2009 860/2018/1681
f 862/2020/1679 2170/1798/1979 2185/1813/1994 861/2019/1680
f 863/2021/1678 2155/1770/1951 2170/1798/1979 862/2020/1679
f 864/1992/1677 2140/1767/1948 2155/1770/1951 863/2021/1678
f 2553/373/2173 2554/374/2174 2569/375/2175 2568/376/2176
f 2554/374/2174 2555/377/2177 2570/378/2178 2569/375/2175
f 2555/377/2177 2556/379/2179 2571/380/2180 2570/378/2178
f 2556/379/2179 2557/381/2181 2572/382/2182 2571/380/2180
f 2557/381/2181 2558/383/2183 2573/384/2184 2572/382/2182
f 2558/383/2183 2559/385/2185 2574/386/2186 2573/384/2184
f 2559/385/2185 2560/387/2187 2575/388/2188 2574/386/2186
f 2560/387/2187 2561/389/2189 2576/390/2190 2575/388/2188
f 2561/389/2189 2562/391/2191 2577/392/2192 2576/390/2190
f 2562/391/2191 2563/393/2193 2578/394/2194 2577/392/2192
f 2563/393/2193 2564/395/2195 2579/396/2196 2578/394/2194
f 2564/395/2195 2565/397/2197 2580/398/2198 2579/396/2196
f 2565/397/2197 2566/399/2199 2581/400/2200 2580/398/2198
f 2566/399/2199 2567/401/2201 2582/402/2202 2581/400/2200
f 2568/376/2176 2569/375/2175 2584/403/2203 2583/404/2204
f 2569/375/2175 2570/378/2178 2585/405/2205 2584/403/2203
f 2570/378/2178 2571/380/2180 2586/406/2206 2585/405/2205
f 2571/380/2180 2572/382/2182 2587/407/2207 2586/406/2206
f 2572/382/2182 2573/384/2184 2588/408/2208 2587/407/2207
f 2573/384/2184 2574/386/2186 2589/409/2209 2588/408/2208
f 2574/386/2186 2575/388/2188 2590/410/2210 2589/409/2209
f 2575/388/2188 2576/390/2190 2591/411/2211 2590/410/2210
f 2576/390/2190 2577/392/2192 2592/412/2212 2591/411/2211
f 2577/392/2192 2578/394/2194 2593/413/2213 2592/412/2212
f 2578/394/2194 2579/396/2196 2594/414/2214 2593/413/2213
f 2579/396/2196 2580/398/2198 2595/415/2215 2594/414/2214
f 2580/398/2198 2581/400/2200 2596/416/2216 2595/415/2215
f 2581/400/2200 2582/402/2202 2597/417/2217 2596/416/2216
f 2583/404/2204 2584/403/2203 2599/418/2218 2598/419/2219
f 2584/403/2203 2585/405/2205 2600/420/2220 2599/418/2218
f 2585/405/2205 2586/406/2206 2601/421/2221 2600/420/2220
f 2586/406/2206 2587/407/2207 2602/422/2222 2601/421/2221
f 2587/407/2207 2588/408/2208 2603/423/2223 2602/422/2222
f 2588/408/2208 2589/409/2209 2604/424/2224 2603/423/2223
f 2589/409/2209 2590/410/2210 2605/425/2225 2604/424/2224
f 2590/410/2210 2591/411/2211 2606/426/2226 2605/425/2225
f 2591/411/2211 2592/412/2212 2607/427/2227 2606/426/2226
f 2592/412/2212 2593/413/2213 2608/428/2228 2607/427/2227
f 2593/413/2213 2594/414/2214 2609/429/2229 2608/428/2228
f 2594/414/2214 2595/415/2215 2610/430/2230 2609/429/2229
f 2595/415/2215 2596/416/2216 2611/431/2231 2610/430/2230
f 2596/416/2216 2597/417/2217 2612/432/2232 2611/431/2231
f 2598/419/2219 2599/418/2218 2614/433/2233 2613/434/2234
f 2599/418/2218 2600/420/2220 2615/435/2235 2614/433/2233
f 2600/420/2220 2601/421/2221 2616/436/2236 2615/435/2235
f 2601/421/2221 2602/422/2222 2617/437/2237 2616/436/2236
f 2602/422/2222 2603/423/2223 2618/438/2238 2617/437/2237
f 2603/423/2223 2604/424/2224 2619/439/2239 2618/438/2238
f 2604/424/2224 2605/425/2225 2620/440/2240 2619/439/2239
f 2605/425/2225 2606/426/2226 2621/441/2241 2620/440/2240
f 2606/426/2226 2607/427/2227 2622/442/2242 2621/441/2241
f 2607/427/2227 2608/428/2228 2623/443/2243 2622/442/2242
f 2608/428/2228 2609/429/2229 2624/444/2244 2623/443/2243
f 2609/429/2229 2610/430/2230 2625/445/2245 2624/444/2244
f 2610/430/2230 2611/431/2231 2626/446/2246 2625/445/2245
f 2611/431/2231 2612/432/2232 2627/447/2247 2626/446/2246
f 2613/434/2234 2614/433/2233 2629/448/2248 2628/449/2249
f 2614/433/2233 2615/435/2235 2630/450/2250 2629/448/2248
f 2615/435/2235 2616/436/2236 2631/451/2251 2630/450/2250
f 2616/436/2236 2617/437/2237 2632/452/2252 2631/451/2251
f 2617/437/2237 2618/438/2238 2633/453/2253 2632/452/2252
f 2618/438/2238 2619/439/2239 2634/454/2254 2633/453/2253
f 2619/439/2239 2620/440/2240 2635/455/2255 2634/454/2254
f 2620/440/2240 2621/441/2241 2636/456/2256 2635/455/2255
f 2621/441/2241 2622/442/2242 2637/457/2257 2636/456/2256
f 2622/442/2242 2623/443/2243 2638/458/2258 2637/457/2257
f 2623/443/2243 2624/444/2244 2639/459/2259 2638/458/2258
f 2624/444/2244 2625/445/2245 2640/460/2260 2639/459/2259
f 2625/445/2245 2626/446/2246 2641/461/2261 2640/460/2260
f 2626/446/2246 2627/447/2247 2642/462/2262 2641/461/2261
f 2628/449/2249 2629/448/2248 2644/463/2263 2643/464/2264
f 2629/448/2248 2630/450/2250 2645/465/2265 2644/463/2263
f 2630/450/2250 2631/451/2251 2646/466/2266 2645/465/2265
f 2631/451/2251 2632/452/2252 2647/467/2267 2646/466/2266
f 2632/452/2252 2633/453/2253 2648/468/2268 2647/467/2267
f 2633/453/2253 2634/454/2254 2649/469/2269 2648/468/2268
f 2634/454/2254 2635/455/2255 2650/470/2270 2649/469/2269
f 2635/455/2255 2636/456/2256 2651/471/2271 2650/470/2270
f 2636/456/2256 2637/457/2257 2652/472/2272 2651/471/2271
f 2637/457/2257 2638/458/2258 2653/473/2273 2652/472/2272
f 2638/458/2258 2639/459/2259 2654/474/2274 2653/473/2273
f 2639/459/2259 2640/460/2260 2655/475/2275 2654/474/2274
f 2640/460/2260 2641/461/2261 2656/476/2276 2655/475/2275
f 2641/461/2261 2642/462/2262 2657/477/2277 2656/476/2276
f 2643/464/2264 2644/463/2263 2659/478/2278 2658/479/2279
f 2644/463/2263 2645/465/2265 2660/480/2280 2659/478/2278
f 2645/465/2265 2646/466/2266 2661/481/2281 2660/480/2280
f 2646/466/2266 2647/467/2267 2662/482/2282 2661/481/2281
f 2647/467/2267 2648/468/2268 2663/483/2283 2662/482/2282
f 2648/468/2268 2649/469/2269 2664/484/2284 2663/483/2283
f 2649/469/2269 2650/470/2270 2665/485/2285 2664/484/2284
f 2650/470/2270 2651/471/2271 2666/486/2286 2665/485/2285
f 2651/471/2271 2652/472/2272 2667/487/2287 2666/486/2286
f 2652/472/2272 2653/473/2273 2668/488/2288 2667/487/2287
f 2653/473/2273 2654/474/2274 2669/489/2289 2668/488/2288
f 2654/474/2274 2655/475/2275 2670/490/2290 2669/489/2289
f 2655/475/2275 2656/476/2276 2671/491/2291 2670/490/2290
f 2656/476/2276 2657/477/2277 2672/492/2292 2671/491/2291
f 2658/479/2279 2659/478/2278 2674/493/2293 2673/494/2294
f 2659/478/2278 2660/480/2280 2675/495/2295 2674/493/2293
f 2660/480/2280 2661/481/2281 2676/496/2296 2675/495/2295
f 2661/481/2281 2662/482/2282 2677/497/2297 2676/496/2296
f 2662/482/2282 2663/483/2283 2678/498/2298 2677/497/2297
f 2663/483/2283 2664/484/2284 2679/499/2299 2678/498/2298
f 2664/484/2284 2665/485/2285 2680/500/2300 2679/499/2299
f 2665/485/2285 2666/486/2286 2681/501/2301 2680/500/2300
f 2666/486/2286 2667/487/2287 2682/502/2302 2681/501/2301
f 2667/487/2287 2668/488/2288 2683/503/2303 2682/502/2302
f 2668/488/2288 2669/489/2289 2684/504/2304 2683/503/2303
f 2669/489/2289 2670/490/2290 2685/505/2305 2684/504/2304
f 2670/490/2290 2671/491/2291 2686/506/2306 2685/505/2305
f 2671/491/2291 2672/492/2292 2687/507/2307 2686/506/2306
f 2673/494/2294 2674/493/2293 2689/508/2308 2688/509/2309
f 2674/493/2293 2675/495/2295 2690/510/2310 2689/508/2308
f 2675/495/2295 2676/496/2296 2691/511/2311 2690/510/2310
f 2676/496/2296 2677/497/2297 2692/512/2312 2691/511/2311
f 2677/497/2297 2678/498/2298 2693/513/2313 2692/512/2312
f 2678/498/2298 2679/499/2299 2694/514/2314 2693/513/2313
f 2679/499/2299 2680/500/2300 2695/515/2315 2694/514/2314
f 2680/500/2300 2681/501/2301 2696/516/2316 2695/515/2315
f 2681/501/2301 2682/502/2302 2697/517/2317 2696/516/2316
f 2682/502/2302 2683/503/2303 2698/518/2318 2697/517/2317
f 2683/503/2303 2684/504/2304 2699/519/2319 2698/518/2318
f 2684/504/2304 2685/505/2305 2700/520/2320 2699/519/2319
f 2685/505/2305 2686/506/2306 2701/521/2321 2700/520/2320
f 2686/506/2306 2687/507/2307 2702/522/2322 2701/521/2321
f 2688/509/2309 2689/508/2308 2704/523/2323 2703/524/2324
f 2689/508/2308 2690/510/2310 2705/525/2325 2704/523/2323
f 2690/510/2310 2691/511/2311 2706/526/2326 2705/525/2325
f 2691/511/2311 2692/512/2312 2707/527/2327 2706/526/2326
f 2692/512/2312 2693/513/2313 2708/528/2328 2707/527/2327
f 2693/513/2313 2694/514/2314 2709/529/2329 2708/528/2328
f 2694/514/2314 2695/515/2315 2710/530/2330 2709/529/2329
f 2695/515/2315 2696/516/2316 2711/531/2331 2710/530/2330
f 2696/516/2316 2697/517/2317 2712/532/2332 2711/531/2331
f 2697/517/2317 2698/518/2318 2713/533/2333 2712/532/2332
f 2698/518/2318 2699/519/2319 2714/534/2334 2713/533/2333
f 2699/519/2319 2700/520/2320 2715/535/2335 2714/534/2334
f 2700/520/2320 2701/521/2321 2716/536/2336 2715/535/2335
f 2701/521/2321 2702/522/2322 2717/537/2337 2716/536/2336
f 2703/524/2324 2704/523/2323 2719/538/2338 2718/539/2339
f 2704/523/2323 2705/525/2325 2720/540/2340 2719/538/2338
f 2705/525/2325 2706/526/2326 2721/541/2341 2720/540/2340
f 2706/526/2326 2707/527/2327 2722/542/2342 2721/541/2341
f 2707/527/2327 2708/528/2328 2723/543/2343 2722/542/2342
f 2708/528/2328 2709/529/2329 2724/544/2344 2723/543/2343
f 2709/529/2329 2710/530/2330 2725/545/2345 2724/544/2344
f 2710/530/2330 2711/531/2331 2726/546/2346 2725/545/2345
f 2711/531/2331 2712/532/2332 2727/547/2347 2726/546/2346
f 2712/532/2332 2713/533/2333 2728/548/2348 2727/547/2347
f 2713/533/2333 2714/534/2334 2729/549/2349 2728/548/2348
f 2714/534/2334 2715/535/2335 2730/550/2350 2729/549/2349
f 2715/535/2335 2716/536/2336 2731/551/2351 2730/550/2350
f 2716/536/2336 2717/537/2337 2732/552/2352 2731/551/2351
f 2718/539/2339 2719/538/2338 2734/553/2353 2733/554/2354
f 2719/538/2338 2720/540/2340 2735/555/2355 2734/553/2353
f 2720/540/2340 2721/541/2341 2736/556/2356 2735/555/2355
f 2721/541/2341 2722/542/2342 2737/557/2357 2736/556/2356
f 2722/542/2342 2723/543/2343 2738/558/2358 2737/557/2357
f 2723/543/2343 2724/544/2344 2739/559/2359 2738/558/2358
f 2724/544/2344 2725/545/2345 2740/560/2360 2739/559/2359
f 2725/545/2345 2726/546/2346 2741/561/2361 2740/560/2360
f 2726/546/2346 2727/547/2347 2742/562/2362 2741/561/2361
f 2727/547/2347 2728/548/2348 2743/563/2363 2742/562/2362
f 2728/548/2348 2729/549/2349 2744/564/2364 2743/563/2363
f 2729/549/2349 2730/550/2350 2745/565/2365 2744/564/2364
f 2730/550/2350 2731/551/2351 2746/566/2366 2745/565/2365
f 2731/551/2351 2732/552/2352 2747/567/2367 2746/566/2366
f 2733/554/2354 2734/553/2353 2749/568/2368 2748/569/2369
f 2734/553/2353 2735/555/2355 2750/570/2370 2749/568/2368
f 2735/555/2355 2736/556/2356 2751/571/2371 2750/570/2370
f 2736/556/2356 2737/557/2357 2752/572/2372 2751/571/2371
f 2737/557/2357 2738/558/2358 2753/573/2373 2752/572/2372
f 2738/558/2358 2739/559/2359 2754/574/2374 2753/573/2373
f 2739/559/2359 2740/560/2360 2755/575/2375 2754/574/2374
f 2740/560/2360 2741/561/2361 2756/576/2376 2755/575/2375
f 2741/561/2361 2742/562/2362 2757/577/2377 2756/576/2376
f 2742/562/2362 2743/563/2363 2758/578/2378 2757/577/2377
f 2743/563/2363 2744/564/2364 2759/579/2379 2758/578/2378
f 2744/564/2364 2745/565/2365 2760/580/2380 2759/579/2379
f 2745/565/2365 2746/566/2366 2761/581/2381 2760/580/2380
f 2746/566/2366 2747/567/2367 2762/582/2382 2761/581/2381
f 2748/569/2369 2749/568/2368 2764/583/2383 2763/584/2384
f 2749/568/2368 2750/570/2370 2765/585/2385 2764/583/2383
f 2750/570/2370 2751/571/2371 2766/586/2386 2765/585/2385
f 2751/571/2371 2752/572/2372 2767/587/2387 2766/586/2386
f 2752/572/2372 2753/573/2373 2768/588/2388 2767/587/2387
f 2753/573/2373 2754/574/2374 2769/589/2389 2768/588/2388
f 2754/574/2374 2755/575/2375 2770/590/2390 2769/589/2389
f 2755/575/2375 2756/576/2376 2771/591/2391 2770/590/2390
f 2756/576/2376 2757/577/2377 2772/592/2392 2771/591/2391
f 2757/577/2377 2758/578/2378 2773/593/2393 2772/592/2392
f 2758/578/2378 2759/579/2379 2774/594/2394 2773/593/2393
f 2759/579/2379 2760/580/2380 2775/595/2395 2774/594/2394
f 2760/580/2380 2761/581/2381 2776/596/2396 2775/595/2395
f 2761/581/2381 2762/582/2382 2777/597/2397 2776/596/2396
f 2365/598/2398 2537/599/2399 2553/373/2173 2478/600/2400
f 2537/599/2399 2536/601/2401 2554/374/2174 2553/373/2173
f 2536/601/2401 2535/602/2402 2555/377/2177 2554/374/2174
f 2535/602/2402 2534/603/2403 2556/379/2179 2555/377/2177
f 2534/603/2403 2533/604/2404 2557/381/2181 2556/379/2179
f 2533/604/2404 2532/605/2405 2558/383/2183 2557/381/2181
f 2532/605/2405 2531/606/2406 2559/385/2185 2558/383/2183
f 2531/606/2406 2530/607/2407 2560/387/2187 2559/385/2185
f 2530/607/2407 2529/608/2408 2561/389/2189 2560/387/2187
f 2529/608/2408 2528/609/2409 2562/391/2191 2561/389/2189
f 2528/609/2409 2527/610/2410 2563/393/2193 2562/391/2191
f 2527/610/2410 2526/611/2411 2564/395/2195 2563/393/2193
f 2526/611/2411 2525/612/2412 2565/397/2197 2564/395/2195
f 2525/612/2412 2524/613/2413 2566/399/2199 2565/397/2197
f 2524/613/2413 2523/614/2414 2567/401/2201 2566/399/2199
f 2523/614/2414 2369/615/2415 2522/616/2416 2567/401/2201
f 2567/401/2201 2522/616/2416 2521/617/2417 2582/402/2202
f 2582/402/2202 2521/617/2417 2520/618/2418 2597/417/2217
f 2597/417/2217 2520/618/2418 2519/619/2419 2612/432/2232
f 2612/432/2232 2519/619/2419 2518/620/2420 2627/447/2247
f 2627/447/2247 2518/620/2420 2517/621/2421 2642/462/2262
f 2642/462/2262 2517/621/2421 2516/622/2422 2657/477/2277
f 2657/477/2277 2516/622/2422 2515/623/2423 2672/492/2292
f 2672/492/2292 2515/623/2423 2514/624/2424 2687/507/2307
f 2687/507/2307 2514/624/2424 2513/625/2425 2702/522/2322
f 2702/522/2322 2513/625/2425 2512/626/2426 2717/537/2337
f 2717/537/2337 2512/626/2426 2511/627/2427 2732/552/2352
f 2732/552/2352 2511/627/2427 2510/628/2428 2747/567/2367
f 2747/567/2367 2510/628/2428 2509/629/2429 2762/582/2382
f 2762/582/2382 2509/629/2429 2508/630/2430 2777/597/2397
f 2777/597/2397 2508/630/2430 2371/631/2431 2477/632/2432
f 2776/596/2396 2777/597/2397 2477/632/2432 2476/633/2433
f 2775/595/2395 2776/596/2396 2476/633/2433 2475/634/2434
f 2774/594/2394 2775/595/2395 2475/634/2434 2474/635/2435
f 2773/593/2393 2774/594/2394 2474/635/2435 2473/636/2436
f 2772/592/2392 2773/593/2393 2473/636/2436 2472/637/2437
f 2771/591/2391 2772/592/2392 2472/637/2437 2471/638/2438
f 2770/590/2390 2771/591/2391 2471/638/2438 2470/639/2439
f 2769/589/2389 2770/590/2390 2470/639/2439 2469/640/2440
f 2768/588/2388 2769/589/2389 2469/640/2440 2468/641/2441
f 2767/587/2387 2768/588/2388 2468/641/2441 2467/642/2442
f 2766/586/2386 2767/587/2387 2467/642/2442 2466/643/2443
f 2765/585/2385 2766/586/2386 2466/643/2443 2465/644/2444
f 2764/583/2383 2765/585/2385 2465/644/2444 2464/645/2445
f 2763/584/2384 2764/583/2383 2464/645/2445 2463/646/2446
f 2492/647/2447 2763/584/2384 2463/646/2446 2367/648/2448
f 2491/649/2449 2748/569/2369 2763/584/2384 2492/647/2447
f 2490/650/2450 2733/554/2354 2748/569/2369 2491/649/2449
f 2489/651/2451 2718/539/2339 2733/554/2354 2490/650/2450
f 2488/652/2452 2703/524/2324 2718/539/2339 2489/651/2451
f 2487/653/2453 2688/509/2309 2703/524/2324 2488/652/2452
f 2486/654/2454 2673/494/2294 2688/509/2309 2487/653/2453
f 2485/655/2455 2658/479/2279 2673/494/2294 2486/654/2454
f 2484/656/2456 2643/464/2264 2658/479/2279 2485/655/2455
f 2483/657/2457 2628/449/2249 2643/464/2264 2484/656/2456
f 2482/658/2458 2613/434/2234 2628/449/2249 2483/657/2457
f 2481/659/2459 2598/419/2219 2613/434/2234 2482/658/2458
f 2480/660/2460 2583/404/2204 2598/419/2219 2481/659/2459
f 2479/661/2461 2568/376/2176 2583/404/2204 2480/660/2460
f 2478/600/2400 2553/373/2173 2568/376/2176 2479/661/2461
f 2778/662/2462 2779/663/2463 2794/664/2464 2793/665/2465
f 2779/663/2463 2780/666/2466 2795/667/2467 2794/664/2464
f 2780/666/2466 2781/668/2468 2796/669/2469 2795/667/2467
f 2781/668/2468 2782/670/2470 2797/671/2471 2796/669/2469
f 2782/670/2470 2783/672/2472 2798/673/2473 2797/671/2471
f 2783/672/2472 2784/674/2474 2799/675/2475 2798/673/2473
f 2784/674/2474 2785/676/2476 2800/677/2477 2799/675/2475
f 2785/676/2476 2786/678/2478 2801/679/2479 2800/677/2477
f 2786/678/2478 2787/680/2480 2802/681/2481 2801/679/2479
f 2787/680/2480 2788/682/2482 2803/683/2483 2802/681/2481
f 2788/682/2482 2789/684/2484 2804/685/2485 2803/683/2483
f 2789/684/2484 2790/686/2486 2805/687/2487 2804/685/2485
f 2790/686/2486 2791/688/2488 2806/689/2489 2805/687/2487
f 2791/688/2488 2792/690/2490 2807/691/2491 2806/689/2489
f 2793/665/2465 2794/664/2464 2809/692/2492 2808/693/2493
f 2794/664/2464 2795/667/2467 2810/694/2494 2809/692/2492
f 2795/667/2467 2796/669/2469 2811/695/2495 2810/694/2494
f 2796/669/2469 2797/671/2471 2812/696/2496 2811/695/2495
f 2797/671/2471 2798/673/2473 2813/697/2497 2812/696/2496
f 2798/673/2473 2799/675/2475 2814/698/2498 2813/697/2497
f 2799/675/2475 2800/677/2477 2815/699/2499 2814/698/2498
f 2800/677/2477 2801/679/2479 2816/700/2500 2815/699/2499
f 2801/679/2479 2802/681/2481 2817/701/2501 2816/700/2500
f 2802/681/2481 2803/683/2483 2818/702/2502 2817/701/2501
f 2803/683/2483 2804/685/2485 2819/703/2503 2818/702/2502
f 2804/685/2485 2805/687/2487 2820/704/2504 2819/703/2503
f 2805/687/2487 2806/689/2489 2821/705/2505 2820/704/2504
f 2806/689/2489 2807/691/2491 2822/706/2506 2821/705/2505
f 2808/693/2493 2809/692/2492 2824/707/2507 2823/708/2508
f 2809/692/2492 2810/694/2494 2825/709/2509 2824/707/2507
f 2810/694/2494 2811/695/2495 2826/710/2510 2825/709/2509
f 2811/695/2495 2812/696/2496 2827/711/2511 2826/710/2510
f 2812/696/2496 2813/697/2497 2828/712/2512 2827/711/2511
f 2813/697/2497 2814/698/2498 2829/713/2513 2828/712/2512
f 2814/698/2498 2815/699/2499 2830/714/2514 2829/713/2513
f 2815/699/2499 2816/700/2500 2831/715/2515 2830/714/2514
f 2816/700/2500 2817/701/2501 2832/716/2516 2831/715/2515
f 2817/701/2501 2818/702/2502 2833/717/2517 2832/716/2516
f 2818/702/2502 2819/703/2503 2834/718/2518 2833/717/2517
f 2819/703/2503 2820/704/2504 2835/719/2519 2834/718/2518
f 2820/704/2504 2821/705/2505 2836/720/2520 2835/719/2519
f 2821/705/2505 2822/706/2506 2837/721/2521 2836/720/2520
f 2823/708/2508 2824/707/2507 2839/722/2522 2838/723/2523
f 2824/707/2507 2825/709/2509 2840/724/2524 2839/722/2522
f 2825/709/2509 2826/710/2510 2841/725/2525 2840/724/2524
f 2826/710/2510 2827/711/2511 2842/726/2526 2841/725/2525
f 2827/711/2511 2828/712/2512 2843/727/2527 2842/726/2526
f 2828/712/2512 2829/713/2513 2844/728/2528 2843/727/2527
f 2829/713/2513 2830/714/2514 2845/729/2529 2844/728/2528
f 2830/714/2514 2831/715/2515 2846/730/2530 2845/729/2529
f 2831/715/2515 2832/716/2516 2847/731/2531 2846/730/2530
f 2832/716/2516 2833/717/2517 2848/732/2532 2847/731/2531
f 2833/717/2517 2834/718/2518 2849/733/2533 2848/732/2532
f 2834/718/2518 2835/719/2519 2850/734/2534 2849/733/2533
f 2835/719/2519 2836/720/2520 2851/735/2535 2850/734/2534
f 2836/720/2520 2837/721/2521 2852/736/2536 2851/735/2535
f 2838/723/2523 2839/722/2522 2854/737/2537 2853/738/2538
f 2839/722/2522 2840/724/2524 2855/739/2539 2854/737/2537
f 2840/724/2524 2841/725/2525 2856/740/2540 2855/739/2539
f 2841/725/2525 2842/726/2526 2857/741/2541 2856/740/2540
f 2842/726/2526 2843/727/2527 2858/742/2542 2857/741/2541
f 2843/727/2527 2844/728/2528 2859/743/2543 2858/742/2542
f 2844/728/2528 2845/729/2529 2860/744/2544 2859/743/2543
f 2845/729/2529 2846/730/2530 2861/745/2545 2860/744/2544
f 2846/730/2530 2847/731/2531 2862/746/2546 2861/745/2545
f 2847/731/2531 2848/732/2532 2863/747/2547 2862/746/2546
f 2848/732/2532 2849/733/2533 2864/748/2548 2863/747/2547
f 2849/733/2533 2850/734/2534 2865/749/2549 2864/748/2548
f 2850/734/2534 2851/735/2535 2866/750/2550 2865/749/2549
f 2851/735/2535 2852/736/2536 2867/751/2551 2866/750/2550
f 2853/738/2538 2854/737/2537 2869/752/2552 2868/753/2553
f 2854/737/2537 2855/739/2539 2870/754/2554 2869/752/2552
f 2855/739/2539 2856/740/2540 2871/755/2555 2870/754/2554
f 2856/740/2540 2857/741/2541 2872/756/2556 2871/755/2555
f 2857/741/2541 2858/742/2542 2873/757/2557 2872/756/2556
f 2858/742/2542 2859/743/2543 2874/758/2558 2873/757/2557
f 2859/743/2543 2860/744/2544 2875/759/2559 2874/758/2558
f 2860/744/2544 2861/745/2545 2876/760/2560 2875/759/2559
f 2861/745/2545 2862/746/2546 2877/761/2561 2876/760/2560
f 2862/746/2546 2863/747/2547 2878/762/2562 2877/761/2561
f 2863/747/2547 2864/748/2548 2879/763/2563 2878/762/2562
f 2864/748/2548 2865/749/2549 2880/764/2564 2879/763/2563
f 2865/749/2549 2866/750/2550 2881/765/2565 2880/764/2564
f 2866/750/2550 2867/751/2551 2882/766/2566 2881/765/2565
f 2868/753/2553 2869/752/2552 2884/767/2567 2883/768/2568
f 2869/752/2552 2870/754/2554 2885/769/2569 2884/767/2567
f 2870/754/2554 2871/755/2555 2886/770/2570 2885/769/2569
f 2871/755/2555 2872/756/2556 2887/771/2571 2886/770/2570
f 2872/756/2556 2873/757/2557 2888/772/2572 2887/771/2571
f 2873/757/2557 2874/758/2558 2889/773/2573 2888/772/2572
f 2874/758/2558 2875/759/2559 2890/774/2574 2889/773/2573
f 2875/759/2559 2876/760/2560 2891/775/2575 2890/774/2574
f 2876/760/2560 2877/761/2561 2892/776/2576 2891/775/2575
f 2877/761/2561 2878/762/2562 2893/777/2577 2892/776/2576
f 2878/762/2562 2879/763/2563 2894/778/2578 2893/777/2577
f 2879/763/2563 2880/764/2564 2895/779/2579 2894/778/2578
f 2880/764/2564 2881/765/2565 2896/780/2580 2895/779/2579
f 2881/765/2565 2882/766/2566 2897/781/2581 2896/780/2580
f 2883/768/2568 2884/767/2567 2899/782/2582 2898/783/2583
f 2884/767/2567 2885/769/2569 2900/784/2584 2899/782/2582
f 2885/769/2569 2886/770/2570 2901/785/2585 2900/784/2584
f 2886/770/2570 2887/771/2571 2902/786/2586 2901/785/2585
f 2887/771/2571 2888/772/2572 2903/787/2587 2902/786/2586
f 2888/772/2572 2889/773/2573 2904/788/2588 2903/787/2587
f 2889/773/2573 2890/774/2574 2905/789/2589 2904/788/2588
f 2890/774/2574 2891/775/2575 2906/790/2590 2905/789/2589
f 2891/775/2575 2892/776/2576 2907/791/2591 2906/790/2590
f 2892/776/2576 2893/777/2577 2908/792/2592 2907/791/2591
f 2893/777/2577 2894/778/2578 2909/793/2593 2908/792/2592
f 2894/778/2578 2895/779/2579 2910/794/2594 2909/793/2593
f 2895/779/2579 2896/780/2580 2911/795/2595 2910/794/2594
f 2896/780/2580 2897/781/2581 2912/796/2596 2911/795/2595
f 2898/783/2583 2899/782/2582 2914/797/2597 2913/798/2598
f 2899/782/2582 2900/784/2584 2915/799/2599 2914/797/2597
f 2900/784/2584 2901/785/2585 2916/800/2600 2915/799/2599
f 2901/785/2585 2902/786/2586 2917/801/2601 2916/800/2600
f 2902/786/2586 2903/787/2587 2918/802/2602 2917/801/2601
f 2903/787/2587 2904/788/2588 2919/803/2603 2918/802/2602
f 2904/788/2588 2905/789/2589 2920/804/2604 2919/803/2603
f 2905/789/2589 2906/790/2590 2921/805/2605 2920/804/2604
f 2906/790/2590 2907/791/2591 2922/806/2606 2921/805/2605
f 2907/791/2591 2908/792/2592 2923/807/2607 2922/806/2606
f 2908/792/2592 2909/793/2593 2924/808/2608 2923/807/2607
f 2909/793/2593 2910/794/2594 2925/809/2609 2924/808/2608
f 2910/794/2594 2911/795/2595 2926/810/2610 2925/809/2609
f 2911/795/2595 2912/796/2596 2927/811/2611 2926/810/2610
f 2913/798/2598 2914/797/2597 2929/812/2612 2928/813/2613
f 2914/797/2597 2915/799/2599 2930/814/2614 2929/812/2612
f 2915/799/2599 2916/800/2600 2931/815/2615 2930/814/2614
f 2916/800/2600 2917/801/2601 2932/816/2616 2931/815/2615
f 2917/801/2601 2918/802/2602 2933/817/2617 2932/816/2616
f 2918/802/2602 2919/803/2603 2934/818/2618 2933/817/2617
f 2919/803/2603 2920/804/2604 2935/819/2619 2934/818/2618
f 2920/804/2604 2921/805/2605 2936/820/2620 2935/819/2619
f 2921/805/2605 2922/806/2606 2937/821/2621 2936/820/2620
f 2922/806/2606 2923/807/2607 2938/822/2622 2937/821/2621
f 2923/807/2607 2924/808/2608 2939/823/2623 2938/822/2622
f 2924/808/2608 2925/809/2609 2940/824/2624 2939/823/2623
f 2925/809/2609 2926/810/2610 2941/825/2625 2940/824/2624
f 2926/810/2610 2927/811/2611 2942/826/2626 2941/825/2625
f 2928/813/2613 2929/812/2612 2944/827/2627 2943/828/2628
f 2929/812/2612 2930/814/2614 2945/829/2629 2944/827/2627
f 2930/814/2614 2931/815/2615 2946/830/2630 2945/829/2629
f 2931/815/2615 2932/816/2616 2947/831/2631 2946/830/2630
f 2932/816/2616 2933/817/2617 2948/832/2632 2947/831/2631
f 2933/817/2617 2934/818/2618 2949/833/2633 2948/832/2632
f 2934/818/2618 2935/819/2619 2950/834/2634 2949/833/2633
f 2935/819/2619 2936/820/2620 2951/835/2635 2950/834/2634
f 2936/820/2620 2937/821/2621 2952/836/2636 2951/835/2635
f 2937/821/2621 2938/822/2622 2953/837/2637 2952/836/2636
f 2938/822/2622 2939/823/2623 2954/838/2638 2953/837/2637
f 2939/823/2623 2940/824/2624 2955/839/2639 2954/838/2638
f 2940/824/2624 2941/825/2625 2956/840/2640 2955/839/2639
f 2941/825/2625 2942/826/2626 2957/841/2641 2956/840/2640
f 2943/828/2628 2944/827/2627 2959/842/2642 2958/843/2643
f 2944/827/2627 2945/829/2629 2960/844/2644 2959/842/2642
f 2945/829/2629 2946/830/2630 2961/845/2645 2960/844/2644
f 2946/830/2630 2947/831/2631 2962/846/2646 2961/845/2645
f 2947/831/2631 2948/832/2632 2963/847/2647 2962/846/2646
f 2948/832/2632 2949/833/2633 2964/848/2648 2963/847/2647
f 2949/833/2633 2950/834/2634 2965/849/2649 2964/848/2648
f 2950/834/2634 2951/835/2635 2966/850/2650 2965/849/2649
f 2951/835/2635 2952/836/2636 2967/851/2651 2966/850/2650
f 2952/836/2636 2953/837/2637 2968/852/2652 2967/851/2651
f 2953/837/2637 2954/838/2638 2969/853/2653 2968/852/2652
f 2954/838/2638 2955/839/2639 2970/854/2654 2969/853/2653
f 2955/839/2639 2956/840/2640 2971/855/2655 2970/854/2654
f 2956/840/2640 2957/841/2641 2972/856/2656 2971/855/2655
f 2958/843/2643 2959/842/2642 2974/857/2657 2973/858/2658
f 2959/842/2642 2960/844/2644 2975/859/2659 2974/857/2657
f 2960/844/2644 2961/845/2645 2976/860/2660 2975/859/2659
f 2961/845/2645 2962/846/2646 2977/861/2661 2976/860/2660
f 2962/846/2646 2963/847/2647 2978/862/2662 2977/861/2661
f 2963/847/2647 2964/848/2648 2979/863/2663 2978/862/2662
f 2964/848/2648 2965/849/2649 2980/864/2664 2979/863/2663
f 2965/849/2649 2966/850/2650 2981/865/2665 2980/864/2664
f 2966/850/2650 2967/851/2651 2982/866/2666 2981/865/2665
f 2967/851/2651 2968/852/2652 2983/867/2667 2982/866/2666
f 2968/852/2652 2969/853/2653 2984/868/2668 2983/867/2667
f 2969/853/2653 2970/854/2654 2985/869/2669 2984/868/2668
f 2970/854/2654 2971/855/2655 2986/870/2670 2985/869/2669
f 2971/855/2655 2972/856/2656 2987/871/2671 2986/870/2670
f 2973/858/2658 2974/857/2657 2989/872/2672 2988/873/2673
f 2974/857/2657 2975/859/2659 2990/874/2674 2989/872/2672
f 2975/859/2659 2976/860/2660 2991/875/2675 2990/874/2674
f 2976/860/2660 2977/861/2661 2992/876/2676 2991/875/2675
f 2977/861/2661 2978/862/2662 2993/877/2677 2992/876/2676
f 2978/862/2662 2979/863/2663 2994/878/2678 2993/877/2677
f 2979/863/2663 2980/864/2664 2995/879/2679 2994/878/2678
f 2980/864/2664 2981/865/2665 2996/880/2680 2995/879/2679
f 2981/865/2665 2982/866/2666 2997/881/2681 2996/880/2680
f 2982/866/2666 2983/867/2667 2998/882/2682 2997/881/2681
f 2983/867/2667 2984/868/2668 2999/883/2683 2998/882/2682
f 2984/868/2668 2985/869/2669 3000/884/2684 2999/883/2683
f 2985/869/2669 2986/870/2670 3001/885/2685 3000/884/2684
f 2986/870/2670 2987/871/2671 3002/886/2686 3001/885/2685
f 2368/887/2687 2447/888/2688 2778/662/2462 2507/889/2689
f 2447/888/2688 2446/890/2690 2779/663/2463 2778/662/2462
f 2446/890/2690 2445/891/2691 2780/666/2466 2779/663/2463
f 2445/891/2691 2444/892/2692 2781/668/2468 2780/666/2466
f 2444/892/2692 2443/893/2693 2782/670/2470 2781/668/2468
f 2443/893/2693 2442/894/2694 2783/672/2472 2782/670/2470
f 2442/894/2694 2441/895/2695 2784/674/2474 2783/672/2472
f 2441/895/2695 2440/896/2696 2785/676/2476 2784/674/2474
f 2440/896/2696 2439/897/2697 2786/678/2478 2785/676/2476
f 2439/897/2697 2438/898/2698 2787/680/2480 2786/678/2478
f 2438/898/2698 2437/899/2699 2788/682/2482 2787/680/2480
f 2437/899/2699 2436/900/2700 2789/684/2484 2788/682/2482
f 2436/900/2700 2435/901/2701 2790/686/2486 2789/684/2484
f 2435/901/2701 2434/902/2702 2791/688/2488 2790/686/2486
f 2434/902/2702 2433/903/2703 2792/690/2490 2791/688/2488
f 2433/903/2703 2367/648/2448 2463/904/2446 2792/690/2490
f 2792/690/2490 2463/904/2446 2464/905/2445 2807/691/2491
f 2807/691/2491 2464/905/2445 2465/906/2444 2822/706/2506
f 2822/706/2506 2465/906/2444 2466/907/2443 2837/721/2521
f 2837/721/2521 2466/907/2443 2467/908/2442 2852/736/2536
f 2852/736/2536 2467/908/2442 2468/909/2441 2867/751/2551
f 2867/751/2551 2468/909/2441 2469/910/2440 2882/766/2566
f 2882/766/2566 2469/910/2440 2470/911/2439 2897/781/2581
f 2897/781/2581 2470/911/2439 2471/912/2438 2912/796/2596
f 2912/796/2596 2471/912/2438 2472/913/2437 2927/811/2611
f 2927/811/2611 2472/913/2437 2473/914/2436 2942/826/2626
f 2942/826/2626 2473/914/2436 2474/915/2435 2957/841/2641
f 2957/841/2641 2474/915/2435 2475/916/2434 2972/856/2656
f 2972/856/2656 2475/916/2434 2476/917/2433 2987/871/2671
f 2987/871/2671 2476/917/2433 2477/918/2432 3002/886/2686
f 3002/886/2686 2477/918/2432 2371/919/2431 2432/920/2704
f 3001/885/2685 3002/886/2686 2432/920/2704 2431/921/2705
f 3000/884/2684 3001/885/2685 2431/921/2705 2430/922/2706
f 2999/883/2683 3000/884/2684 2430/922/2706 2429/923/2707
f 2998/882/2682 2999/883/2683 2429/923/2707 2428/924/2708
f 2997/881/2681 2998/882/2682 2428/924/2708 2427/925/2709
f 2996/880/2680 2997/881/2681 2427/925/2709 2426/926/2710
f 2995/879/2679 2996/880/2680 2426/926/2710 2425/927/2711
f 2994/878/2678 2995/879/2679 2425/927/2711 2424/928/2712
f 2993/877/2677 2994/878/2678 2424/928/2712 2423/929/2713
f 2992/876/2676 2993/877/2677 2423/929/2713 2422/930/2714
f 2991/875/2675 2992/876/2676 2422/930/2714 2421/931/2715
f 2990/874/2674 2991/875/2675 2421/931/2715 2420/932/2716
f 2989/872/2672 2990/874/2674 2420/932/2716 2419/933/2717
f 2988/873/2673 2989/872/2672 2419/933/2717 2418/934/2718
f 2493/935/2719 2988/873/2673 2418/934/2718 2372/936/2720
f 2494/937/2721 2973/858/2658 2988/873/2673 2493/935/2719
f 2495/938/2722 2958/843/2643 2973/858/2658 2494/937/2721
f 2496/939/2723 2943/828/2628 2958/843/2643 2495/938/2722
f 2497/940/2724 2928/813/2613 2943/828/2628 2496/939/2723
f 2498/941/2725 2913/798/2598 2928/813/2613 2497/940/2724
f 2499/942/2726 2898/783/2583 2913/798/2598 2498/941/2725
f 2500/943/2727 2883/768/2568 2898/783/2583 2499/942/2726
f 2501/944/2728 2868/753/2553 2883/768/2568 2500/943/2727
f 2502/945/2729 2853/738/2538 2868/753/2553 2501/944/2728
f 2503/946/2730 2838/723/2523 2853/738/2538 2502/945/2729
f 2504/947/2731 2823/708/2508 2838/723/2523 2503/946/2730
f 2505/948/2732 2808/693/2493 2823/708/2508 2504/947/2731
f 2506/949/2733 2793/665/2465 2808/693/2493 2505/948/2732
f 2507/889/2689 2778/662/2462 2793/665/2465 2506/949/2733
f 3003/950/2734 3004/951/2735 3019/952/2736 3018/953/2737
f 3004/951/2735 3005/954/2738 3020/955/2739 3019/952/2736
f 3005/954/2738 3006/956/2740 3021/957/2741 3020/955/2739
f 3006/956/2740 3007/958/2742 3022/959/2743 3021/957/2741
f 3007/958/2742 3008/960/2744 3023/961/2745 3022/959/2743
f 3008/960/2744 3009/962/2746 3024/963/2747 3023/961/2745
f 3009/962/2746 3010/964/2748 3025/965/2749 3024/963/2747
f 3010/964/2748 3011/966/2750 3026/967/2751 3025/965/2749
f 3011/966/2750 3012/968/2752 3027/969/2753 3026/967/2751
f 3012/968/2752 3013/970/2754 3028/971/2755 3027/969/2753
f 3013/970/2754 3014/972/2756 3029/973/2757 3028/971/2755
f 3014/972/2756 3015/974/2758 3030/975/2759 3029/973/2757
f 3015/974/2758 3016/976/2760 3031/977/2761 3030/975/2759
f 3016/976/2760 3017/978/2762 3032/979/2763 3031/977/2761
f 3018/953/2737 3019/952/2736 3034/980/2764 3033/981/2765
f 3019/952/2736 3020/955/2739 3035/982/2766 3034/980/2764
f 3020/955/2739 3021/957/2741 3036/983/2767 3035/982/2766
f 3021/957/2741 3022/959/2743 3037/984/2768 3036/983/2767
f 3022/959/2743 3023/961/2745 3038/985/2769 3037/984/2768
f 3023/961/2745 3024/963/2747 3039/986/2770 3038/985/2769
f 3024/963/2747 3025/965/2749 3040/987/2771 3039/986/2770
f 3025/965/2749 3026/967/2751 3041/988/2772 3040/987/2771
f 3026/967/2751 3027/969/2753 3042/989/2773 3041/988/2772
f 3027/969/2753 3028/971/2755 3043/990/2774 3042/989/2773
f 3028/971/2755 3029/973/2757 3044/991/2775 3043/990/2774
f 3029/973/2757 3030/975/2759 3045/992/2776 3044/991/2775
f 3030/975/2759 3031/977/2761 3046/993/2777 3045/992/2776
f 3031/977/2761 3032/979/2763 3047/994/2778 3046/993/2777
f 3033/981/2765 3034/980/2764 3049/995/2779 3048/996/2780
f 3034/980/2764 3035/982/2766 3050/997/2781 3049/995/2779
f 3035/982/2766 3036/983/2767 3051/998/2782 3050/997/2781
f 3036/983/2767 3037/984/2768 3052/999/2783 3051/998/2782
f 3037/984/2768 3038/985/2769 3053/1000/2784 3052/999/2783
f 3038/985/2769 3039/986/2770 3054/1001/2785 3053/1000/2784
f 3039/986/2770 3040/987/2771 3055/1002/2786 3054/1001/2785
f 3040/987/2771 3041/988/2772 3056/1003/2787 3055/1002/2786
f 3041/988/2772 3042/989/2773 3057/1004/2788 3056/1003/2787
f 3042/989/2773 3043/990/2774 3058/1005/2789 3057/1004/2788
f 3043/990/2774 3044/991/2775 3059/1006/2790 3058/1005/2789
f 3044/991/2775 3045/992/2776 3060/1007/2791 3059/1006/2790
f 3045/992/2776 3046/993/2777 3061/1008/2792 3060/1007/2791
f 3046/993/2777 3047/994/2778 3062/1009/2793 3061/1008/2792
f 3048/996/2780 3049/995/2779 3064/1010/2794 3063/1011/2795
f 3049/995/2779 3050/997/2781 3065/1012/2796 3064/1010/2794
f 3050/997/2781 3051/998/2782 3066/1013/2797 3065/1012/2796
f 3051/998/2782 3052/999/2783 3067/1014/2798 3066/1013/2797
f 3052/999/2783 3053/1000/2784 3068/1015/2799 3067/1014/2798
f 3053/1000/2784 3054/1001/2785 3069/1016/2800 3068/1015/2799
f 3054/1001/2785 3055/1002/2786 3070/1017/2801 3069/1016/2800
f 3055/1002/2786 3056/1003/2787 3071/1018/2802 3070/1017/2801
f 3056/1003/2787 3057/1004/2788 3072/1019/2803 3071/1018/2802
f 3057/1004/2788 3058/1005/2789 3073/1020/2804 3072/1019/2803
f 3058/1005/2789 3059/1006/2790 3074/1021/2805 3073/1020/2804
f 3059/1006/2790 3060/1007/2791 3075/1022/2806 3074/1021/2805
f 3060/1007/2791 3061/1008/2792 3076/1023/2807 3075/1022/2806
f 3061/1008/2792 3062/1009/2793 3077/1024/2808 3076/1023/2807
f 3063/1011/2795 3064/1010/2794 3079/1025/2809 3078/1026/2810
f 3064/1010/2794 3065/1012/2796 3080/1027/2811 3079/1025/2809
f 3065/1012/2796 3066/1013/2797 3081/1028/2812 3080/1027/2811
f 3066/1013/2797 3067/1014/2798 3082/1029/2813 3081/1028/2812
f 3067/1014/2798 3068/1015/2799 3083/1030/2814 3082/1029/2813
f 3068/1015/2799 3069/1016/2800 3084/1031/2815 3083/1030/2814
f 3069/1016/2800 3070/1017/2801 3085/1032/2816 3084/1031/2815
f 3070/1017/2801 3071/1018/2802 3086/1033/2817 3085/1032/2816
f 3071/1018/2802 3072/1019/2803 3087/1034/2818 3086/1033/2817
f 3072/1019/2803 3073/1020/2804 3088/1035/2819 3087/1034/2818
f 3073/1020/2804 3074/1021/2805 3089/1036/2820 3088/1035/2819
f 3074/1021/2805 3075/1022/2806 3090/1037/2821 3089/1036/2820
f 3075/1022/2806 3076/1023/2807 3091/1038/2822 3090/1037/2821
f 3076/1023/2807 3077/1024/2808 3092/1039/2823 3091/1038/2822
f 3078/1026/2810 3079/1025/2809 3094/1040/2824 3093/1041/2825
f 3079/1025/2809 3080/1027/2811 3095/1042/2826 3094/1040/2824
f 3080/1027/2811 3081/1028/2812 3096/1043/2827 3095/1042/2826
f 3081/1028/2812 3082/1029/2813 3097/1044/2828 3096/1043/2827
f 3082/1029/2813 3083/1030/2814 3098/1045/2829 3097/1044/2828
f 3083/1030/2814 3084/1031/2815 3099/1046/2830 3098/1045/2829
f 3084/1031/2815 3085/1032/2816 3100/1047/2831 3099/1046/2830
f 3085/1032/2816 3086/1033/2817 3101/1048/2832 3100/1047/2831
f 3086/1033/2817 3087/1034/2818 3102/1049/2833 3101/1048/2832
f 3087/1034/2818 3088/1035/2819 3103/1050/2834 3102/1049/2833
f 3088/1035/2819 3089/1036/2820 3104/1051/2835 3103/1050/2834
f 3089/1036/2820 3090/1037/2821 3105/1052/2836 3104/1051/2835
f 3090/1037/2821 3091/1038/2822 3106/1053/2837 3105/1052/2836
f 3091/1038/2822 3092/1039/2823 3107/1054/2838 3106/1053/2837
f 3093/1041/2825 3094/1040/2824 3109/1055/2839 3108/1056/2840
f 3094/1040/2824 3095/1042/2826 3110/1057/2841 3109/1055/2839
f 3095/1042/2826 3096/1043/2827 3111/1058/2842 3110/1057/2841
f 3096/1043/2827 3097/1044/2828 3112/1059/2843 3111/1058/2842
f 3097/1044/2828 3098/1045/2829 3113/1060/2844 3112/1059/2843
f 3098/1045/2829 3099/1046/2830 3114/1061/2845 3113/1060/2844
f 3099/1046/2830 3100/1047/2831 3115/1062/2846 3114/1061/2845
f 3100/1047/2831 3101/1048/2832 3116/1063/2847 3115/1062/2846
f 3101/1048/2832 3102/1049/2833 3117/1064/2848 3116/1063/2847
f 3102/1049/2833 3103/1050/2834 3118/1065/2849 3117/1064/2848
f 3103/1050/2834 3104/1051/2835 3119/1066/2850 3118/1065/2849
f 3104/1051/2835 3105/1052/2836 3120/1067/2851 3119/1066/2850
f 3105/1052/2836 3106/1053/2837 3121/1068/2852 3120/1067/2851
f 3106/1053/2837 3107/1054/2838 3122/1069/2853 3121/1068/2852
f 3108/1056/2840 3109/1055/2839 3124/1070/2854 3123/1071/2855
f 3109/1055/2839 3110/1057/2841 3125/1072/2856 3124/1070/2854
f 3110/1057/2841 3111/1058/2842 3126/1073/2857 3125/1072/2856
f 3111/1058/2842 3112/1059/2843 3127/1074/2858 3126/1073/2857
f 3112/1059/2843 3113/1060/2844 3128/1075/2859 3127/1074/2858
f 3113/1060/2844 3114/1061/2845 3129/1076/2860 3128/1075/2859
f 3114/1061/2845 3115/1062/2846 3130/1077/2861 3129/1076/2860
f 3115/1062/2846 3116/1063/2847 3131/1078/2862 3130/1077/2861
f 3116/1063/2847 3117/1064/2848 3132/1079/2863 3131/1078/2862
f 3117/1064/2848 3118/1065/2849 3133/1080/2864 3132/1079/2863
f 3118/1065/2849 3119/1066/2850 3134/1081/2865 3133/1080/2864
f 3119/1066/2850 3120/1067/2851 3135/1082/2866 3134/1081/2865
f 3120/1067/2851 3121/1068/2852 3136/1083/2867 3135/1082/2866
f 3121/1068/2852 3122/1069/2853 3137/1084/2868 3136/1083/2867
f 3123/1071/2855 3124/1070/2854 3139/1085/2869 3138/1086/2870
f 3124/1070/2854 3125/1072/2856 3140/1087/2871 3139/1085/2869
f 3125/1072/2856 3126/1073/2857 3141/1088/2872 3140/1087/2871
f 3126/1073/2857 3127/1074/2858 3142/1089/2873 3141/1088/2872
f 3127/1074/2858 3128/1075/2859 3143/1090/2874 3142/1089/2873
f 3128/1075/2859 3129/1076/2860 3144/1091/2875 3143/1090/2874
f 3129/1076/2860 3130/1077/2861 3145/1092/2876 3144/1091/2875
f 3130/1077/2861 3131/1078/2862 3146/1093/2877 3145/1092/2876
f 3131/1078/2862 3132/1079/2863 3147/1094/2878 3146/1093/2877
f 3132/1079/2863 3133/1080/2864 3148/1095/2879 3147/1094/2878
f 3133/1080/2864 3134/1081/2865 3149/1096/2880 3148/1095/2879
f 3134/1081/2865 3135/1082/2866 3150/1097/2881 3149/1096/2880
f 3135/1082/2866 3136/1083/2867 3151/1098/2882 3150/1097/2881
f 3136/1083/2867 3137/1084/2868 3152/1099/2883 3151/1098/2882
f 3138/1086/2870 3139/1085/2869 3154/1100/2884 3153/1101/2885
f 3139/1085/2869 3140/1087/2871 3155/1102/2886 3154/1100/2884
f 3140/1087/2871 3141/1088/2872 3156/1103/2887 3155/1102/2886
f 3141/1088/2872 3142/1089/2873 3157/1104/2888 3156/1103/2887
f 3142/1089/2873 3143/1090/2874 3158/1105/2889 3157/1104/2888
f 3143/1090/2874 3144/1091/2875 3159/1106/2890 3158/1105/2889
f 3144/1091/2875 3145/1092/2876 3160/1107/2891 3159/1106/2890
f 3145/1092/2876 3146/1093/2877 3161/1108/2892 3160/1107/2891
f 3146/1093/2877 3147/1094/2878 3162/1109/2893 3161/1108/2892
f 3147/1094/2878 3148/1095/2879 3163/1110/2894 3162/1109/2893
f 3148/1095/2879 3149/1096/2880 3164/1111/2895 3163/1110/2894
f 3149/1096/2880 3150/1097/2881 3165/1112/2896 3164/1111/2895
f 3150/1097/2881 3151/1098/2882 3166/1113/2897 3165/1112/2896
f 3151/1098/2882 3152/1099/2883 3167/1114/2898 3166/1113/2897
f 3153/1101/2885 3154/1100/2884 3169/1115/2899 3168/1116/2900
f 3154/1100/2884 3155/1102/2886 3170/1117/2901 3169/1115/2899
f 3155/1102/2886 3156/1103/2887 3171/1118/2902 3170/1117/2901
f 3156/1103/2887 3157/1104/2888 3172/1119/2903 3171/1118/2902
f 3157/1104/2888 3158/1105/2889 3173/1120/2904 3172/1119/2903
f 3158/1105/2889 3159/1106/2890 3174/1121/2905 3173/1120/2904
f 3159/1106/2890 3160/1107/2891 3175/1122/2906 3174/1121/2905
f 3160/1107/2891 3161/1108/2892 3176/1123/2907 3175/1122/2906
f 3161/1108/2892 3162/1109/2893 3177/1124/2908 3176/1123/2907
f 3162/1109/2893 3163/1110/2894 3178/1125/2909 3177/1124/2908
f 3163/1110/2894 3164/1111/2895 3179/1126/2910 3178/1125/2909
f 3164/1111/2895 3165/1112/2896 3180/1127/2911 3179/1126/2910
f 3165/1112/2896 3166/1113/2897 3181/1128/2912 3180/1127/2911
f 3166/1113/2897 3167/1114/2898 3182/1129/2913 3181/1128/2912
f 3168/1116/2900 3169/1115/2899 3184/1130/2914 3183/1131/2915
f 3169/1115/2899 3170/1117/2901 3185/1132/2916 3184/1130/2914
f 3170/1117/2901 3171/1118/2902 3186/1133/2917 3185/1132/2916
f 3171/1118/2902 3172/1119/2903 3187/1134/2918 3186/1133/2917
f 3172/1119/2903 3173/1120/2904 3188/1135/2919 3187/1134/2918
f 3173/1120/2904 3174/1121/2905 3189/1136/2920 3188/1135/2919
f 3174/1121/2905 3175/1122/2906 3190/1137/2921 3189/1136/2920
f 3175/1122/2906 3176/1123/2907 3191/1138/2922 3190/1137/2921
f 3176/1123/2907 3177/1124/2908 3192/1139/2923 3191/1138/2922
f 3177/1124/2908 3178/1125/2909 3193/1140/2924 3192/1139/2923
f 3178/1125/2909 3179/1126/2910 3194/1141/2925 3193/1140/2924
f 3179/1126/2910 3180/1127/2911 3195/1142/2926 3194/1141/2925
f 3180/1127/2911 3181/1128/2912 3196/1143/2927 3195/1142/2926
f 3181/1128/2912 3182/1129/2913 3197/1144/2928 3196/1143/2927
f 3183/1131/2915 3184/1130/2914 3199/1145/2929 3198/1146/2930
f 3184/1130/2914 3185/1132/2916 3200/1147/2931 3199/1145/2929
f 3185/1132/2916 3186/1133/2917 3201/1148/2932 3200/1147/2931
f 3186/1133/2917 3187/1134/2918 3202/1149/2933 3201/1148/2932
f 3187/1134/2918 3188/1135/2919 3203/1150/2934 3202/1149/2933
f 3188/1135/2919 3189/1136/2920 3204/1151/2935 3203/1150/2934
f 3189/1136/2920 3190/1137/2921 3205/1152/2936 3204/1151/2935
f 3190/1137/2921 3191/1138/2922 3206/1153/2937 3205/1152/2936
f 3191/1138/2922 3192/1139/2923 3207/1154/2938 3206/1153/2937
f 3192/1139/2923 3193/1140/2924 3208/1155/2939 3207/1154/2938
f 3193/1140/2924 3194/1141/2925 3209/1156/2940 3208/1155/2939
f 3194/1141/2925 3195/1142/2926 3210/1157/2941 3209/1156/2940
f 3195/1142/2926 3196/1143/2927 3211/1158/2942 3210/1157/2941
f 3196/1143/2927 3197/1144/2928 3212/1159/2943 3211/1158/2942
f 3198/1146/2930 3199/1145/2929 3214/1160/2944 3213/1161/2945
f 3199/1145/2929 3200/1147/2931 3215/1162/2946 3214/1160/2944
f 3200/1147/2931 3201/1148/2932 3216/1163/2947 3215/1162/2946
f 3201/1148/2932 3202/1149/2933 3217/1164/2948 3216/1163/2947
f 3202/1149/2933 3203/1150/2934 3218/1165/2949 3217/1164/2948
f 3203/1150/2934 3204/1151/2935 3219/1166/2950 3218/1165/2949
f 3204/1151/2935 3205/1152/2936 3220/1167/2951 3219/1166/2950
f 3205/1152/2936 3206/1153/2937 3221/1168/2952 3220/1167/2951
f 3206/1153/2937 3207/1154/2938 3222/1169/2953 3221/1168/2952
f 3207/1154/2938 3208/1155/2939 3223/1170/2954 3222/1169/2953
f 3208/1155/2939 3209/1156/2940 3224/1171/2955 3223/1170/2954
f 3209/1156/2940 3210/1157/2941 3225/1172/2956 3224/1171/2955
f 3210/1157/2941 3211/1158/2942 3226/1173/2957 3225/1172/2956
f 3211/1158/2942 3212/1159/2943 3227/1174/2958 3226/1173/2957
f 2372/1175/2720 2418/1176/2718 3003/950/2734 2387/1177/2959
f 2418/1176/2718 2419/1178/2717 3004/951/2735 3003/950/2734
f 2419/1178/2717 2420/1179/2716 3005/954/2738 3004/951/2735
f 2420/1179/2716 2421/1180/2715 3006/956/2740 3005/954/2738
f 2421/1180/2715 2422/1181/2714 3007/958/2742 3006/956/2740
f 2422/1181/2714 2423/1182/2713 3008/960/2744 3007/958/2742
f 2423/1182/2713 2424/1183/2712 3009/962/2746 3008/960/2744
f 2424/1183/2712 2425/1184/2711 3010/964/2748 3009/962/2746
f 2425/1184/2711 2426/1185/2710 3011/966/2750 3010/964/2748
f 2426/1185/2710 2427/1186/2709 3012/968/2752 3011/966/2750
f 2427/1186/2709 2428/1187/2708 3013/970/2754 3012/968/2752
f 2428/1187/2708 2429/1188/2707 3014/972/2756 3013/970/2754
f 2429/1188/2707 2430/1189/2706 3015/974/2758 3014/972/2756
f 2430/1189/2706 2431/1190/2705 3016/976/2760 3015/974/2758
f 2431/1190/2705 2432/1191/2704 3017/978/2762 3016/976/2760
f 2432/1191/2704 2371/1192/2431 2508/1193/2430 3017/978/2762
f 3017/978/2762 2508/1193/2430 2509/1194/2429 3032/979/2763
f 3032/979/2763 2509/1194/2429 2510/1195/2428 3047/994/2778
f 3047/994/2778 2510/1195/2428 2511/1196/2427 3062/1009/2793
f 3062/1009/2793 2511/1196/2427 2512/1197/2426 3077/1024/2808
f 3077/1024/2808 2512/1197/2426 2513/1198/2425 3092/1039/2823
f 3092/1039/2823 2513/1198/2425 2514/1199/2424 3107/1054/2838
f 3107/1054/2838 2514/1199/2424 2515/1200/2423 3122/1069/2853
f 3122/1069/2853 2515/1200/2423 2516/1201/2422 3137/1084/2868
f 3137/1084/2868 2516/1201/2422 2517/1202/2421 3152/1099/2883
f 3152/1099/2883 2517/1202/2421 2518/1203/2420 3167/1114/2898
f 3167/1114/2898 2518/1203/2420 2519/1204/2419 3182/1129/2913
f 3182/1129/2913 2519/1204/2419 2520/1205/2418 3197/1144/2928
f 3197/1144/2928 2520/1205/2418 2521/1206/2417 3212/1159/2943
f 3212/1159/2943 2521/1206/2417 2522/1207/2416 3227/1174/2958
f 3227/1174/2958 2522/1207/2416 2369/1208/2415 2448/1209/2960
f 3226/1173/2957 3227/1174/2958 2448/1209/2960 2449/1210/2961
f 3225/1172/2956 3226/1173/2957 2449/1210/2961 2450/1211/2962
f 3224/1171/2955 3225/1172/2956 2450/1211/2962 2451/1212/2963
f 3223/1170/2954 3224/1171/2955 2451/1212/2963 2452/1213/2964
f 3222/1169/2953 3223/1170/2954 2452/1213/2964 2453/1214/2965
f 3221/1168/2952 3222/1169/2953 2453/1214/2965 2454/1215/2966
f 3220/1167/2951 3221/1168/2952 2454/1215/2966 2455/1216/2967
f 3219/1166/2950 3220/1167/2951 2455/1216/2967 2456/1217/2968
f 3218/1165/2949 3219/1166/2950 2456/1217/2968 2457/1218/2969
f 3217/1164/2948 3218/1165/2949 2457/1218/2969 2458/1219/2970
f 3216/1163/2947 3217/1164/2948 2458/1219/2970 2459/1220/2971
f 3215/1162/2946 3216/1163/2947 2459/1220/2971 2460/1221/2972
f 3214/1160/2944 3215/1162/2946 2460/1221/2972 2461/1222/2973
f 3213/1161/2945 3214/1160/2944 2461/1222/2973 2462/1223/2974
f 2373/1224/2975 3213/1161/2945 2462/1223/2974 2370/1225/2976
f 2374/1226/2977 3198/1146/2930 3213/1161/2945 2373/1224/2975
f 2375/1227/2978 3183/1131/2915 3198/1146/2930 2374/1226/2977
f 2376/1228/2979 3168/1116/2900 3183/1131/2915 2375/1227/2978
f 2377/1229/2980 3153/1101/2885 3168/1116/2900 2376/1228/2979
f 2378/1230/2981 3138/1086/2870 3153/1101/2885 2377/1229/2980
f 2379/1231/2982 3123/1071/2855 3138/1086/2870 2378/1230/2981
f 2380/1232/2983 3108/1056/2840 3123/1071/2855 2379/1231/2982
f 2381/1233/2984 3093/1041/2825 3108/1056/2840 2380/1232/2983
f 2382/1234/2985 3078/1026/2810 3093/1041/2825 2381/1233/2984
f 2383/1235/2986 3063/1011/2795 3078/1026/2810 2382/1234/2985
f 2384/1236/2987 3048/996/2780 3063/1011/2795 2383/1235/2986
f 2385/1237/2988 3033/981/2765 3048/996/2780 2384/1236/2987
f 2386/1238/2989 3018/953/2737 3033/981/2765 2385/1237/2988
f 2387/1177/2959 3003/950/2734 3018/953/2737 2386/1238/2989
f 3228/1239/2990 3229/1240/2991 3244/1241/2992 3243/1242/2993
f 3229/1240/2991 3230/1243/2994 3245/1244/2995 3244/1241/2992
f 3230/1243/2994 3231/1245/2996 3246/1246/2997 3245/1244/2995
f 3231/1245/2996 3232/1247/2998 3247/1248/2999 3246/1246/2997
f 3232/1247/2998 3233/1249/3000 3248/1250/3001 3247/1248/2999
f 3233/1249/3000 3234/1251/3002 3249/1252/3003 3248/1250/3001
f 3234/1251/3002 3235/1253/3004 3250/1254/3005 3249/1252/3003
f 3235/1253/3004 3236/1255/3006 3251/1256/3007 3250/1254/3005
f 3236/1255/3006 3237/1257/3008 3252/1258/3009 3251/1256/3007
f 3237/1257/3008 3238/1259/3010 3253/1260/3011 3252/1258/3009
f 3238/1259/3010 3239/1261/3012 3254/1262/3013 3253/1260/3011
f 3239/1261/3012 3240/1263/3014 3255/1264/3015 3254/1262/3013
f 3240/1263/3014 3241/1265/3016 3256/1266/3017 3255/1264/3015
f 3241/1265/3016 3242/1267/3018 3257/1268/3019 3256/1266/3017
f 3243/1242/2993 3244/1241/2992 3259/1269/3020 3258/1270/3021
f 3244/1241/2992 3245/1244/2995 3260/1271/3022 3259/1269/3020
f 3245/1244/2995 3246/1246/2997 3261/1272/3023 3260/1271/3022
f 3246/1246/2997 3247/1248/2999 3262/1273/3024 3261/1272/3023
f 3247/1248/2999 3248/1250/3001 3263/1274/3025 3262/1273/3024
f 3248/1250/3001 3249/1252/3003 3264/1275/3026 3263/1274/3025
f 3249/1252/3003 3250/1254/3005 3265/1276/3027 3264/1275/3026
f 3250/1254/3005 3251/1256/3007 3266/1277/3028 3265/1276/3027
f 3251/1256/3007 3252/1258/3009 3267/1278/3029 3266/1277/3028
f 3252/1258/3009 3253/1260/3011 3268/1279/3030 3267/1278/3029
f 3253/1260/3011 3254/1262/3013 3269/1280/3031 3268/1279/3030
f 3254/1262/3013 3255/1264/3015 3270/1281/3032 3269/1280/3031
f 3255/1264/3015 3256/1266/3017 3271/1282/3033 3270/1281/3032
f 3256/1266/3017 3257/1268/3019 3272/1283/3034 3271/1282/3033
f 3258/1270/3021 3259/1269/3020 3274/1284/3035 3273/1285/3036
f 3259/1269/3020 3260/1271/3022 3275/1286/3037 3274/1284/3035
f 3260/1271/3022 3261/1272/3023 3276/1287/3038 3275/1286/3037
f 3261/1272/3023 3262/1273/3024 3277/1288/3039 3276/1287/3038
f 3262/1273/3024 3263/1274/3025 3278/1289/3040 3277/1288/3039
f 3263/1274/3025 3264/1275/3026 3279/1290/3041 3278/1289/3040
f 3264/1275/3026 3265/1276/3027 3280/1291/3042 3279/1290/3041
f 3265/1276/3027 3266/1277/3028 3281/1292/3043 3280/1291/3042
f 3266/1277/3028 3267/1278/3029 3282/1293/3044 3281/1292/3043
f 3267/1278/3029 3268/1279/3030 3283/1294/3045 3282/1293/3044
f 3268/1279/3030 3269/1280/3031 3284/1295/3046 3283/1294/3045
f 3269/1280/3031 3270/1281/3032 3285/1296/3047 3284/1295/3046
f 3270/1281/3032 3271/1282/3033 3286/1297/3048 3285/1296/3047
f 3271/1282/3033 3272/1283/3034 3287/1298/3049 3286/1297/3048
f 3273/1285/3036 3274/1284/3035 3289/1299/3050 3288/1300/3051
f 3274/1284/3035 3275/1286/3037 3290/1301/3052 3289/1299/3050
f 3275/1286/3037 3276/1287/3038 3291/1302/3053 3290/1301/3052
f 3276/1287/3038 3277/1288/3039 3292/1303/3054 3291/1302/3053
f 3277/1288/3039 3278/1289/3040 3293/1304/3055 3292/1303/3054
f 3278/1289/3040 3279/1290/3041 3294/1305/3056 3293/1304/3055
f 3279/1290/3041 3280/1291/3042 3295/1306/3057 3294/1305/3056
f 3280/1291/3042 3281/1292/3043 3296/1307/3058 3295/1306/3057
f 3281/1292/3043 3282/1293/3044 3297/1308/3059 3296/1307/3058
f 3282/1293/3044 3283/1294/3045 3298/1309/3060 3297/1308/3059
f 3283/1294/3045 3284/1295/3046 3299/1310/3061 3298/1309/3060
f 3284/1295/3046 3285/1296/3047 3300/1311/3062 3299/1310/3061
f 3285/1296/3047 3286/1297/3048 3301/1312/3063 3300/1311/3062
f 3286/1297/3048 3287/1298/3049 3302/1313/3064 3301/1312/3063
f 3288/1300/3051 3289/1299/3050 3304/1314/3065 3303/1315/3066
f 3289/1299/3050 3290/1301/3052 3305/1316/3067 3304/1314/3065
f 3290/1301/3052 3291/1302/3053 3306/1317/3068 3305/1316/3067
f 3291/1302/3053 3292/1303/3054 3307/1318/3069 3306/1317/3068
f 3292/1303/3054 3293/1304/3055 3308/1319/3070 3307/1318/3069
f 3293/1304/3055 3294/1305/3056 3309/1320/3071 3308/1319/3070
f 3294/1305/3056 3295/1306/3057 3310/1321/3072 3309/1320/3071
f 3295/1306/3057 3296/1307/3058 3311/1322/3073 3310/1321/3072
f 3296/1307/3058 3297/1308/3059 3312/1323/3074 3311/1322/3073
f 3297/1308/3059 3298/1309/3060 3313/1324/3075 3312/1323/3074
f 3298/1309/3060 3299/1310/3061 3314/1325/3076 3313/1324/3075
f 3299/1310/3061 3300/1311/3062 3315/1326/3077 3314/1325/3076
f 3300/1311/3062 3301/1312/3063 3316/1327/3078 3315/1326/3077
f 3301/1312/3063 3302/1313/3064 3317/1328/3079 3316/1327/3078
f 3303/1315/3066 3304/1314/3065 3319/1329/3080 3318/1330/3081
f 3304/1314/3065 3305/1316/3067 3320/1331/3082 3319/1329/3080
f 3305/1316/3067 3306/1317/3068 3321/1332/3083 3320/1331/3082
f 3306/1317/3068 3307/1318/3069 3322/1333/3084 3321/1332/3083
f 3307/1318/3069 3308/1319/3070 3323/1334/3085 3322/1333/3084
f 3308/1319/3070 3309/1320/3071 3324/1335/3086 3323/1334/3085
f 3309/1320/3071 3310/1321/3072 3325/1336/3087 3324/1335/3086
f 3310/1321/3072 3311/1322/3073 3326/1337/3088 3325/1336/3087
f 3311/1322/3073 3312/1323/3074 3327/1338/3089 3326/1337/3088
f 3312/1323/3074 3313/1324/3075 3328/1339/3090 3327/1338/3089
f 3313/1324/3075 3314/1325/3076 3329/1340/3091 3328/1339/3090
f 3314/1325/3076 3315/1326/3077 3330/1341/3092 3329/1340/3091
f 3315/1326/3077 3316/1327/3078 3331/1342/3093 3330/1341/3092
f 3316/1327/3078 3317/1328/3079 3332/1343/3094 3331/1342/3093
f 3318/1330/3081 3319/1329/3080 3334/1344/3095 3333/1345/3096
f 3319/1329/3080 3320/1331/3082 3335/1346/3097 3334/1344/3095
f 3320/1331/3082 3321/1332/3083 3336/1347/3098 3335/1346/3097
f 3321/1332/3083 3322/1333/3084 3337/1348/3099 3336/1347/3098
f 3322/1333/3084 3323/1334/3085 3338/1349/3100 3337/1348/3099
f 3323/1334/3085 3324/1335/3086 3339/1350/3101 3338/1349/3100
f 3324/1335/3086 3325/1336/3087 3340/1351/3102 3339/1350/3101
f 3325/1336/3087 3326/1337/3088 3341/1352/3103 3340/1351/3102
f 3326/1337/3088 3327/1338/3089 3342/1353/3104 3341/1352/3103
f 3327/1338/3089 3328/1339/3090 3343/1354/3105 3342/1353/3104
f 3328/1339/3090 3329/1340/3091 3344/1355/3106 3343/1354/3105
f 3329/1340/3091 3330/1341/3092 3345/1356/3107 3344/1355/3106
f 3330/1341/3092 3331/1342/3093 3346/1357/3108 3345/1356/3107
f 3331/1342/3093 3332/1343/3094 3347/1358/3109 3346/1357/3108
f 3333/1345/3096 3334/1344/3095 3349/1359/3110 3348/1360/3111
f 3334/1344/3095 3335/1346/3097 3350/1361/3112 3349/1359/3110
f 3335/1346/3097 3336/1347/3098 3351/1362/3113 3350/1361/3112
f 3336/1347/3098 3337/1348/3099 3352/1363/3114 3351/1362/3113
f 3337/1348/3099 3338/1349/3100 3353/1364/3115 3352/1363/3114
f 3338/1349/3100 3339/1350/3101 3354/1365/3116 3353/1364/3115
f 3339/1350/3101 3340/1351/3102 3355/1366/3117 3354/1365/3116
f 3340/1351/3102 3341/1352/3103 3356/1367/3118 3355/1366/3117
f 3341/1352/3103 3342/1353/3104 3357/1368/3119 3356/1367/3118
f 3342/1353/3104 3343/1354/3105 3358/1369/3120 3357/1368/3119
f 3343/1354/3105 3344/1355/3106 3359/1370/3121 3358/1369/3120
f 3344/1355/3106 3345/1356/3107 3360/1371/3122 3359/1370/3121
f 3345/1356/3107 3346/1357/3108 3361/1372/3123 3360/1371/3122
f 3346/1357/3108 3347/1358/3109 3362/1373/3124 3361/1372/3123
f 3348/1360/3111 3349/1359/3110 3364/1374/3125 3363/1375/3126
f 3349/1359/3110 3350/1361/3112 3365/1376/3127 3364/1374/3125
f 3350/1361/3112 3351/1362/3113 3366/1377/3128 3365/1376/3127
f 3351/1362/3113 3352/1363/3114 3367/1378/3129 3366/1377/3128
f 3352/1363/3114 3353/1364/3115 3368/1379/3130 3367/1378/3129
f 3353/1364/3115 3354/1365/3116 3369/1380/3131 3368/1379/3130
f 3354/1365/3116 3355/1366/3117 3370/1381/3132 3369/1380/3131
f 3355/1366/3117 3356/1367/3118 3371/1382/3133 3370/1381/3132
f 3356/1367/3118 3357/1368/3119 3372/1383/3134 3371/1382/3133
f 3357/1368/3119 3358/1369/3120 3373/1384/3135 3372/1383/3134
f 3358/1369/3120 3359/1370/3121 3374/1385/3136 3373/1384/3135
f 3359/1370/3121 3360/1371/3122 3375/1386/3137 3374/1385/3136
f 3360/1371/3122 3361/1372/3123 3376/1387/3138 3375/1386/3137
f 3361/1372/3123 3362/1373/3124 3377/1388/3139 3376/1387/3138
f 3363/1375/3126 3364/1374/3125 3379/1389/3140 3378/1390/3141
f 3364/1374/3125 3365/1376/3127 3380/1391/3142 3379/1389/3140
f 3365/1376/3127 3366/1377/3128 3381/1392/3143 3380/1391/3142
f 3366/1377/3128 3367/1378/3129 3382/1393/3144 3381/1392/3143
f 3367/1378/3129 3368/1379/3130 3383/1394/3145 3382/1393/3144
f 3368/1379/3130 3369/1380/3131 3384/1395/3146 3383/1394/3145
f 3369/1380/3131 3370/1381/3132 3385/1396/3147 3384/1395/3146
f 3370/1381/3132 3371/1382/3133 3386/1397/3148 3385/1396/3147
f 3371/1382/3133 3372/1383/3134 3387/1398/3149 3386/1397/3148
f 3372/1383/3134 3373/1384/3135 3388/1399/3150 3387/1398/3149
f 3373/1384/3135 3374/1385/3136 3389/1400/3151 3388/1399/3150
f 3374/1385/3136 3375/1386/3137 3390/1401/3152 3389/1400/3151
f 3375/1386/3137 3376/1387/3138 3391/1402/3153 3390/1401/3152
f 3376/1387/3138 3377/1388/3139 3392/1403/3154 3391/1402/3153
f 3378/1390/3141 3379/1389/3140 3394/1404/3155 3393/1405/3156
f 3379/1389/3140 3380/1391/3142 3395/1406/3157 3394/1404/3155
f 3380/1391/3142 3381/1392/3143 3396/1407/3158 3395/1406/3157
f 3381/1392/3143 3382/1393/3144 3397/1408/3159 3396/1407/3158
f 3382/1393/3144 3383/1394/3145 3398/1409/3160 3397/1408/3159
f 3383/1394/3145 3384/1395/3146 3399/1410/3161 3398/1409/3160
f 3384/1395/3146 3385/1396/3147 3400/1411/3162 3399/1410/3161
f 3385/1396/3147 3386/1397/3148 3401/1412/3163 3400/1411/3162
f 3386/1397/3148 3387/1398/3149 3402/1413/3164 3401/1412/3163
f 3387/1398/3149 3388/1399/3150 3403/1414/3165 3402/1413/3164
f 3388/1399/3150 3389/1400/3151 3404/1415/3166 3403/1414/3165
f 3389/1400/3151 3390/1401/3152 3405/1416/3167 3404/1415/3166
f 3390/1401/3152 3391/1402/3153 3406/1417/3168 3405/1416/3167
f 3391/1402/3153 3392/1403/3154 3407/1418/3169 3406/1417/3168
f 3393/1405/3156 3394/1404/3155 3409/1419/3170 3408/1420/3171
f 3394/1404/3155 3395/1406/3157 3410/1421/3172 3409/1419/3170
f 3395/1406/3157 3396/1407/3158 3411/1422/3173 3410/1421/3172
f 3396/1407/3158 3397/1408/3159 3412/1423/3174 3411/1422/3173
f 3397/1408/3159 3398/1409/3160 3413/1424/3175 3412/1423/3174
f 3398/1409/3160 3399/1410/3161 3414/1425/3176 3413/1424/3175
f 3399/1410/3161 3400/1411/3162 3415/1426/3177 3414/1425/3176
f 3400/1411/3162 3401/1412/3163 3416/1427/3178 3415/1426/3177
f 3401/1412/3163 3402/1413/3164 3417/1428/3179 3416/1427/3178
f 3402/1413/3164 3403/1414/3165 3418/1429/3180 3417/1428/3179
f 3403/1414/3165 3404/1415/3166 3419/1430/3181 3418/1429/3180
f 3404/1415/3166 3405/1416/3167 3420/1431/3182 3419/1430/3181
f 3405/1416/3167 3406/1417/3168 3421/1432/3183 3420/1431/3182
f 3406/1417/3168 3407/1418/3169 3422/1433/3184 3421/1432/3183
f 3408/1420/3171 3409/1419/3170 3424/1434/3185 3423/1435/3186
f 3409/1419/3170 3410/1421/3172 3425/1436/3187 3424/1434/3185
f 3410/1421/3172 3411/1422/3173 3426/1437/3188 3425/1436/3187
f 3411/1422/3173 3412/1423/3174 3427/1438/3189 3426/1437/3188
f 3412/1423/3174 3413/1424/3175 3428/1439/3190 3427/1438/3189
f 3413/1424/3175 3414/1425/3176 3429/1440/3191 3428/1439/3190
f 3414/1425/3176 3415/1426/3177 3430/1441/3192 3429/1440/3191
f 3415/1426/3177 3416/1427/3178 3431/1442/3193 3430/1441/3192
f 3416/1427/3178 3417/1428/3179 3432/1443/3194 3431/1442/3193
f 3417/1428/3179 3418/1429/3180 3433/1444/3195 3432/1443/3194
f 3418/1429/3180 3419/1430/3181 3434/1445/3196 3433/1444/3195
f 3419/1430/3181 3420/1431/3182 3435/1446/3197 3434/1445/3196
f 3420/1431/3182 3421/1432/3183 3436/1447/3198 3435/1446/3197
f 3421/1432/3183 3422/1433/3184 3437/1448/3199 3436/1447/3198
f 3423/1435/3186 3424/1434/3185 3439/1449/3200 3438/1450/3201
f 3424/1434/3185 3425/1436/3187 3440/1451/3202 3439/1449/3200
f 3425/1436/3187 3426/1437/3188 3441/1452/3203 3440/1451/3202
f 3426/1437/3188 3427/1438/3189 3442/1453/3204 3441/1452/3203
f 3427/1438/3189 3428/1439/3190 3443/1454/3205 3442/1453/3204
f 3428/1439/3190 3429/1440/3191 3444/1455/3206 3443/1454/3205
f 3429/1440/3191 3430/1441/3192 3445/1456/3207 3444/1455/3206
f 3430/1441/3192 3431/1442/3193 3446/1457/3208 3445/1456/3207
f 3431/1442/3193 3432/1443/3194 3447/1458/3209 3446/1457/3208
f 3432/1443/3194 3433/1444/3195 3448/1459/3210 3447/1458/3209
f 3433/1444/3195 3434/1445/3196 3449/1460/3211 3448/1459/3210
f 3434/1445/3196 3435/1446/3197 3450/1461/3212 3449/1460/3211
f 3435/1446/3197 3436/1447/3198 3451/1462/3213 3450/1461/3212
f 3436/1447/3198 3437/1448/3199 3452/1463/3214 3451/1462/3213
f 2370/1464/2976 2402/1465/3215 3228/1239/2990 2373/1466/2975
f 2402/1465/3215 2401/1467/3216 3229/1240/2991 3228/1239/2990
f 2401/1467/3216 2400/1468/3217 3230/1243/2994 3229/1240/2991
f 2400/1468/3217 2399/1469/3218 3231/1245/2996 3230/1243/2994
f 2399/1469/3218 2398/1470/3219 3232/1247/2998 3231/1245/2996
f 2398/1470/3219 2397/1471/3220 3233/1249/3000 3232/1247/2998
f 2397/1471/3220 2396/1472/3221 3234/1251/3002 3233/1249/3000
f 2396/1472/3221 2395/1473/3222 3235/1253/3004 3234/1251/3002
f 2395/1473/3222 2394/1474/3223 3236/1255/3006 3235/1253/3004
f 2394/1474/3223 2393/1475/3224 3237/1257/3008 3236/1255/3006
f 2393/1475/3224 2392/1476/3225 3238/1259/3010 3237/1257/3008
f 2392/1476/3225 2391/1477/3226 3239/1261/3012 3238/1259/3010
f 2391/1477/3226 2390/1478/3227 3240/1263/3014 3239/1261/3012
f 2390/1478/3227 2389/1479/3228 3241/1265/3016 3240/1263/3014
f 2389/1479/3228 2388/1480/3229 3242/1267/3018 3241/1265/3016
f 2388/1480/3229 2366/1481/3230 2552/1482/3231 3242/1267/3018
f 3242/1267/3018 2552/1482/3231 2551/1483/3232 3257/1268/3019
f 3257/1268/3019 2551/1483/3232 2550/1484/3233 3272/1283/3034
f 3272/1283/3034 2550/1484/3233 2549/1485/3234 3287/1298/3049
f 3287/1298/3049 2549/1485/3234 2548/1486/3235 3302/1313/3064
f 3302/1313/3064 2548/1486/3235 2547/1487/3236 3317/1328/3079
f 3317/1328/3079 2547/1487/3236 2546/1488/3237 3332/1343/3094
f 3332/1343/3094 2546/1488/3237 2545/1489/3238 3347/1358/3109
f 3347/1358/3109 2545/1489/3238 2544/1490/3239 3362/1373/3124
f 3362/1373/3124 2544/1490/3239 2543/1491/3240 3377/1388/3139
f 3377/1388/3139 2543/1491/3240 2542/1492/3241 3392/1403/3154
f 3392/1403/3154 2542/1492/3241 2541/1493/3242 3407/1418/3169
f 3407/1418/3169 2541/1493/3242 2540/1494/3243 3422/1433/3184
f 3422/1433/3184 2540/1494/3243 2539/1495/3244 3437/1448/3199
f 3437/1448/3199 2539/1495/3244 2538/1496/3245 3452/1463/3214
f 3452/1463/3214 2538/1496/3245 2368/887/2687 2507/1497/2689
f 3451/1462/3213 3452/1463/3214 2507/1497/2689 2506/1498/2733
f 3450/1461/3212 3451/1462/3213 2506/1498/2733 2505/1499/2732
f 3449/1460/3211 3450/1461/3212 2505/1499/2732 2504/1500/2731
f 3448/1459/3210 3449/1460/3211 2504/1500/2731 2503/1501/2730
f 3447/1458/3209 3448/1459/3210 2503/1501/2730 2502/1502/2729
f 3446/1457/3208 3447/1458/3209 2502/1502/2729 2501/1503/2728
f 3445/1456/3207 3446/1457/3208 2501/1503/2728 2500/1504/2727
f 3444/1455/3206 3445/1456/3207 2500/1504/2727 2499/1505/2726
f 3443/1454/3205 3444/1455/3206 2499/1505/2726 2498/1506/2725
f 3442/1453/3204 3443/1454/3205 2498/1506/2725 2497/1507/2724
f 3441/1452/3203 3442/1453/3204 2497/1507/2724 2496/1508/2723
f 3440/1451/3202 3441/1452/3203 2496/1508/2723 2495/1509/2722
f 3439/1449/3200 3440/1451/3202 2495/1509/2722 2494/1510/2721
f 3438/1450/3201 3439/1449/3200 2494/1510/2721 2493/1511/2719
f 2387/1512/2959 3438/1450/3201 2493/1511/2719 2372/1513/2720
f 2386/1514/2989 3423/1435/3186 3438/1450/3201 2387/1512/2959
f 2385/1515/2988 3408/1420/3171 3423/1435/3186 2386/1514/2989
f 2384/1516/2987 3393/1405/3156 3408/1420/3171 2385/1515/2988
f 2383/1517/2986 3378/1390/3141 3393/1405/3156 2384/1516/2987
f 2382/1518/2985 3363/1375/3126 3378/1390/3141 2383/1517/2986
f 2381/1519/2984 3348/1360/3111 3363/1375/3126 2382/1518/2985
f 2380/1520/2983 3333/1345/3096 3348/1360/3111 2381/1519/2984
f 2379/1521/2982 3318/1330/3081 3333/1345/3096 2380/1520/2983
f 2378/1522/2981 3303/1315/3066 3318/1330/3081 2379/1521/2982
f 2377/1523/2980 3288/1300/3051 3303/1315/3066 2378/1522/2981
f 2376/1524/2979 3273/1285/3036 3288/1300/3051 2377/1523/2980
f 2375/1525/2978 3258/1270/3021 3273/1285/3036 2376/1524/2979
f 2374/1526/2977 3243/1242/2993 3258/1270/3021 2375/1525/2978
f 2373/1466/2975 3228/1239/2990 3243/1242/2993 2374/1526/2977
f 3453/1527/3246 3454/1528/3247 3469/1529/3248 3468/1530/3249
f 3454/1528/3247 3455/1531/3250 3470/1532/3251 3469/1529/3248
f 3455/1531/3250 3456/1533/3252 3471/1534/3253 3470/1532/3251
f 3456/1533/3252 3457/1535/3254 3472/1536/3255 3471/1534/3253
f 3457/1535/3254 3458/1537/3256 3473/1538/3257 3472/1536/3255
f 3458/1537/3256 3459/1539/3258 3474/1540/3259 3473/1538/3257
f 3459/1539/3258 3460/1541/3260 3475/1542/3261 3474/1540/3259
f 3460/1541/3260 3461/1543/3262 3476/1544/3263 3475/1542/3261
f 3461/1543/3262 3462/1545/3264 3477/1546/3265 3476/1544/3263
f 3462/1545/3264 3463/1547/3266 3478/1548/3267 3477/1546/3265
f 3463/1547/3266 3464/1549/3268 3479/1550/3269 3478/1548/3267
f 3464/1549/3268 3465/1551/3270 3480/1552/3271 3479/1550/3269
f 3465/1551/3270 3466/1553/3272 3481/1554/3273 3480/1552/3271
f 3466/1553/3272 3467/1555/3274 3482/1556/3275 3481/1554/3273
f 3468/1530/3249 3469/1529/3248 3484/1557/3276 3483/1558/3277
f 3469/1529/3248 3470/1532/3251 3485/1559/3278 3484/1557/3276
f 3470/1532/3251 3471/1534/3253 3486/1560/3279 3485/1559/3278
f 3471/1534/3253 3472/1536/3255 3487/1561/3280 3486/1560/3279
f 3472/1536/3255 3473/1538/3257 3488/1562/3281 3487/1561/3280
f 3473/1538/3257 3474/1540/3259 3489/1563/3282 3488/1562/3281
f 3474/1540/3259 3475/1542/3261 3490/1564/3283 3489/1563/3282
f 3475/1542/3261 3476/1544/3263 3491/1565/3284 3490/1564/3283
f 3476/1544/3263 3477/1546/3265 3492/1566/3285 3491/1565/3284
f 3477/1546/3265 3478/1548/3267 3493/1567/3286 3492/1566/3285
f 3478/1548/3267 3479/1550/3269 3494/1568/3287 3493/1567/3286
f 3479/1550/3269 3480/1552/3271 3495/1569/3288 3494/1568/3287
f 3480/1552/3271 3481/1554/3273 3496/1570/3289 3495/1569/3288
f 3481/1554/3273 3482/1556/3275 3497/1571/3290 3496/1570/3289
f 3483/1558/3277 3484/1557/3276 3499/1572/3291 3498/1573/3292
f 3484/1557/3276 3485/1559/3278 3500/1574/3293 3499/1572/3291
f 3485/1559/3278 3486/1560/3279 3501/1575/3294 3500/1574/3293
f 3486/1560/3279 3487/1561/3280 3502/1576/3295 3501/1575/3294
f 3487/1561/3280 3488/1562/3281 3503/1577/3296 3502/1576/3295
f 3488/1562/3281 3489/1563/3282 3504/1578/3297 3503/1577/3296
f 3489/1563/3282 3490/1564/3283 3505/1579/3298 3504/1578/3297
f 3490/1564/3283 3491/1565/3284 3506/1580/3299 3505/1579/3298
f 3491/1565/3284 3492/1566/3285 3507/1581/3300 3506/1580/3299
f 3492/1566/3285 3493/1567/3286 3508/1582/3301 3507/1581/3300
f 3493/1567/3286 3494/1568/3287 3509/1583/3302 3508/1582/3301
f 3494/1568/3287 3495/1569/3288 3510/1584/3303 3509/1583/3302
f 3495/1569/3288 3496/1570/3289 3511/1585/3304 3510/1584/3303
f 3496/1570/3289 3497/1571/3290 3512/1586/3305 3511/1585/3304
f 3498/1573/3292 3499/1572/3291 3514/1587/3306 3513/1588/3307
f 3499/1572/3291 3500/1574/3293 3515/1589/3308 3514/1587/3306
f 3500/1574/3293 3501/1575/3294 3516/1590/3309 3515/1589/3308
f 3501/1575/3294 3502/1576/3295 3517/1591/3310 3516/1590/3309
f 3502/1576/3295 3503/1577/3296 3518/1592/3311 3517/1591/3310
f 3503/1577/3296 3504/1578/3297 3519/1593/3312 3518/1592/3311
f 3504/1578/3297 3505/1579/3298 3520/1594/3313 3519/1593/3312
f 3505/1579/3298 3506/1580/3299 3521/1595/3314 3520/1594/3313
f 3506/1580/3299 3507/1581/3300 3522/1596/3315 3521/1595/3314
f 3507/1581/3300 3508/1582/3301 3523/1597/3316 3522/1596/3315
f 3508/1582/3301 3509/1583/3302 3524/1598/3317 3523/1597/3316
f 3509/1583/3302 3510/1584/3303 3525/1599/3318 3524/1598/3317
f 3510/1584/3303 3511/1585/3304 3526/1600/3319 3525/1599/3318
f 3511/1585/3304 3512/1586/3305 3527/1601/3320 3526/1600/3319
f 3513/1588/3307 3514/1587/3306 3529/1602/3321 3528/1603/3322
f 3514/1587/3306 3515/1589/3308 3530/1604/3323 3529/1602/3321
f 3515/1589/3308 3516/1590/3309 3531/1605/3324 3530/1604/3323
f 3516/1590/3309 3517/1591/3310 3532/1606/3325 3531/1605/3324
f 3517/1591/3310 3518/1592/3311 3533/1607/3326 3532/1606/3325
f 3518/1592/3311 3519/1593/3312 3534/1608/3327 3533/1607/3326
f 3519/1593/3312 3520/1594/3313 3535/1609/3328 3534/1608/3327
f 3520/1594/3313 3521/1595/3314 3536/1610/3329 3535/1609/3328
f 3521/1595/3314 3522/1596/3315 3537/1611/3330 3536/1610/3329
f 3522/1596/3315 3523/1597/3316 3538/1612/3331 3537/1611/3330
f 3523/1597/3316 3524/1598/3317 3539/1613/3332 3538/1612/3331
f 3524/1598/3317 3525/1599/3318 3540/1614/3333 3539/1613/3332
f 3525/1599/3318 3526/1600/3319 3541/1615/3334 3540/1614/3333
f 3526/1600/3319 3527/1601/3320 3542/1616/3335 3541/1615/3334
f 3528/1603/3322 3529/1602/3321 3544/1617/3336 3543/1618/3337
f 3529/1602/3321 3530/1604/3323 3545/1619/3338 3544/1617/3336
f 3530/1604/3323 3531/1605/3324 3546/1620/3339 3545/1619/3338
f 3531/1605/3324 3532/1606/3325 3547/1621/3340 3546/1620/3339
f 3532/1606/3325 3533/1607/3326 3548/1622/3341 3547/1621/3340
f 3533/1607/3326 3534/1608/3327 3549/1623/3342 3548/1622/3341
f 3534/1608/3327 3535/1609/3328 3550/1624/3343 3549/1623/3342
f 3535/1609/3328 3536/1610/3329 3551/1625/3344 3550/1624/3343
f 3536/1610/3329 3537/1611/3330 3552/1626/3345 3551/1625/3344
f 3537/1611/3330 3538/1612/3331 3553/1627/3346 3552/1626/3345
f 3538/1612/3331 3539/1613/3332 3554/1628/3347 3553/1627/3346
f 3539/1613/3332 3540/1614/3333 3555/1629/3348 3554/1628/3347
f 3540/1614/3333 3541/1615/3334 3556/1630/3349 3555/1629/3348
f 3541/1615/3334 3542/1616/3335 3557/1631/3350 3556/1630/3349
f 3543/1618/3337 3544/1617/3336 3559/1632/3351 3558/1633/3352
f 3544/1617/3336 3545/1619/3338 3560/1634/3353 3559/1632/3351
f 3545/1619/3338 3546/1620/3339 3561/1635/3354 3560/1634/3353
f 3546/1620/3339 3547/1621/3340 3562/1636/3355 3561/1635/3354
f 3547/1621/3340 3548/1622/3341 3563/1637/3356 3562/1636/3355
f 3548/1622/3341 3549/1623/3342 3564/1638/3357 3563/1637/3356
f 3549/1623/3342 3550/1624/3343 3565/1639/3358 3564/1638/3357
f 3550/1624/3343 3551/1625/3344 3566/1640/3359 3565/1639/3358
f 3551/1625/3344 3552/1626/3345 3567/1641/3360 3566/1640/3359
f 3552/1626/3345 3553/1627/3346 3568/1642/3361 3567/1641/3360
f 3553/1627/3346 3554/1628/3347 3569/1643/3362 3568/1642/3361
f 3554/1628/3347 3555/1629/3348 3570/1644/3363 3569/1643/3362
f 3555/1629/3348 3556/1630/3349 3571/1645/3364 3570/1644/3363
f 3556/1630/3349 3557/1631/3350 3572/1646/3365 3571/1645/3364
f 3558/1633/3352 3559/1632/3351 3574/1647/3366 3573/1648/3367
f 3559/1632/3351 3560/1634/3353 3575/1649/3368 3574/1647/3366
f 3560/1634/3353 3561/1635/3354 3576/1650/3369 3575/1649/3368
f 3561/1635/3354 3562/1636/3355 3577/1651/3370 3576/1650/3369
f 3562/1636/3355 3563/1637/3356 3578/1652/3371 3577/1651/3370
f 3563/1637/3356 3564/1638/3357 3579/1653/3372 3578/1652/3371
f 3564/1638/3357 3565/1639/3358 3580/1654/3373 3579/1653/3372
f 3565/1639/3358 3566/1640/3359 3581/1655/3374 3580/1654/3373
f 3566/1640/3359 3567/1641/3360 3582/1656/3375 3581/1655/3374
f 3567/1641/3360 3568/1642/3361 3583/1657/3376 3582/1656/3375
f 3568/1642/3361 3569/1643/3362 3584/1658/3377 3583/1657/3376
f 3569/1643/3362 3570/1644/3363 3585/1659/3378 3584/1658/3377
f 3570/1644/3363 3571/1645/3364 3586/1660/3379 3585/1659/3378
f 3571/1645/3364 3572/1646/3365 3587/1661/3380 3586/1660/3379
f 3573/1648/3367 3574/1647/3366 3589/1662/3381 3588/1663/3382
f 3574/1647/3366 3575/1649/3368 3590/1664/3383 3589/1662/3381
f 3575/1649/3368 3576/1650/3369 3591/1665/3384 3590/1664/3383
f 3576/1650/3369 3577/1651/3370 3592/1666/3385 3591/1665/3384
f 3577/1651/3370 3578/1652/3371 3593/1667/3386 3592/1666/3385
f 3578/1652/3371 3579/1653/3372 3594/1668/3387 3593/1667/3386
f 3579/1653/3372 3580/1654/3373 3595/1669/3388 3594/1668/3387
f 3580/1654/3373 3581/1655/3374 3596/1670/3389 3595/1669/3388
f 3581/1655/3374 3582/1656/3375 3597/1671/3390 3596/1670/3389
f 3582/1656/3375 3583/1657/3376 3598/1672/3391 3597/1671/3390
f 3583/1657/3376 3584/1658/3377 3599/1673/3392 3598/1672/3391
f 3584/1658/3377 3585/1659/3378 3600/1674/3393 3599/1673/3392
f 3585/1659/3378 3586/1660/3379 3601/1675/3394 3600/1674/3393
f 3586/1660/3379 3587/1661/3380 3602/1676/3395 3601/1675/3394
f 3588/1663/3382 3589/1662/3381 3604/1677/3396 3603/1678/3397
f 3589/1662/3381 3590/1664/3383 3605/1679/3398 3604/1677/3396
f 3590/1664/3383 3591/1665/3384 3606/1680/3399 3605/1679/3398
f 3591/1665/3384 3592/1666/3385 3607/1681/3400 3606/1680/3399
f 3592/1666/3385 3593/1667/3386 3608/1682/3401 3607/1681/3400
f 3593/1667/3386 3594/1668/3387 3609/1683/3402 3608/1682/3401
f 3594/1668/3387 3595/1669/3388 3610/1684/3403 3609/1683/3402
f 3595/1669/3388 3596/1670/3389 3611/1685/3404 3610/1684/3403
f 3596/1670/3389 3597/1671/3390 3612/1686/3405 3611/1685/3404
f 3597/1671/3390 3598/1672/3391 3613/1687/3406 3612/1686/3405
f 3598/1672/3391 3599/1673/3392 3614/1688/3407 3613/1687/3406
f 3599/1673/3392 3600/1674/3393 3615/1689/3408 3614/1688/3407
f 3600/1674/3393 3601/1675/3394 3616/1690/3409 3615/1689/3408
f 3601/1675/3394 3602/1676/3395 3617/1691/3410 3616/1690/3409
f 3603/1678/3397 3604/1677/3396 3619/1692/3411 3618/1693/3412
f 3604/1677/3396 3605/1679/3398 3620/1694/3413 3619/1692/3411
f 3605/1679/3398 3606/1680/3399 3621/1695/3414 3620/1694/3413
f 3606/1680/3399 3607/1681/3400 3622/1696/3415 3621/1695/3414
f 3607/1681/3400 3608/1682/3401 3623/1697/3416 3622/1696/3415
f 3608/1682/3401 3609/1683/3402 3624/1698/3417 3623/1697/3416
f 3609/1683/3402 3610/1684/3403 3625/1699/3418 3624/1698/3417
f 3610/1684/3403 3611/1685/3404 3626/1700/3419 3625/1699/3418
f 3611/1685/3404 3612/1686/3405 3627/1701/3420 3626/1700/3419
f 3612/1686/3405 3613/1687/3406 3628/1702/3421 3627/1701/3420
f 3613/1687/3406 3614/1688/3407 3629/1703/3422 3628/1702/3421
f 3614/1688/3407 3615/1689/3408 3630/1704/3423 3629/1703/3422
f 3615/1689/3408 3616/1690/3409 3631/1705/3424 3630/1704/3423
f 3616/1690/3409 3617/1691/3410 3632/1706/3425 3631/1705/3424
f 3618/1693/3412 3619/1692/3411 3634/1707/3426 3633/1708/3427
f 3619/1692/3411 3620/1694/3413 3635/1709/3428 3634/1707/3426
f 3620/1694/3413 3621/1695/3414 3636/1710/3429 3635/1709/3428
f 3621/1695/3414 3622/1696/3415 3637/1711/3430 3636/1710/3429
f 3622/1696/3415 3623/1697/3416 3638/1712/3431 3637/1711/3430
f 3623/1697/3416 3624/1698/3417 3639/1713/3432 3638/1712/3431
f 3624/1698/3417 3625/1699/3418 3640/1714/3433 3639/1713/3432
f 3625/1699/3418 3626/1700/3419 3641/1715/3434 3640/1714/3433
f 3626/1700/3419 3627/1701/3420 3642/1716/3435 3641/1715/3434
f 3627/1701/3420 3628/1702/3421 3643/1717/3436 3642/1716/3435
f 3628/1702/3421 3629/1703/3422 3644/1718/3437 3643/1717/3436
f 3629/1703/3422 3630/1704/3423 3645/1719/3438 3644/1718/3437
f 3630/1704/3423 3631/1705/3424 3646/1720/3439 3645/1719/3438
f 3631/1705/3424 3632/1706/3425 3647/1721/3440 3646/1720/3439
f 3633/1708/3427 3634/1707/3426 3649/1722/3441 3648/1723/3442
f 3634/1707/3426 3635/1709/3428 3650/1724/3443 3649/1722/3441
f 3635/1709/3428 3636/1710/3429 3651/1725/3444 3650/1724/3443
f 3636/1710/3429 3637/1711/3430 3652/1726/3445 3651/1725/3444
f 3637/1711/3430 3638/1712/3431 3653/1727/3446 3652/1726/3445
f 3638/1712/3431 3639/1713/3432 3654/1728/3447 3653/1727/3446
f 3639/1713/3432 3640/1714/3433 3655/1729/3448 3654/1728/3447
f 3640/1714/3433 3641/1715/3434 3656/1730/3449 3655/1729/3448
f 3641/1715/3434 3642/1716/3435 3657/1731/3450 3656/1730/3449
f 3642/1716/3435 3643/1717/3436 3658/1732/3451 3657/1731/3450
f 3643/1717/3436 3644/1718/3437 3659/1733/3452 3658/1732/3451
f 3644/1718/3437 3645/1719/3438 3660/1734/3453 3659/1733/3452
f 3645/1719/3438 3646/1720/3439 3661/1735/3454 3660/1734/3453
f 3646/1720/3439 3647/1721/3440 3662/1736/3455 3661/1735/3454
f 3648/1723/3442 3649/1722/3441 3664/1737/3456 3663/1738/3457
f 3649/1722/3441 3650/1724/3443 3665/1739/3458 3664/1737/3456
f 3650/1724/3443 3651/1725/3444 3666/1740/3459 3665/1739/3458
f 3651/1725/3444 3652/1726/3445 3667/1741/3460 3666/1740/3459
f 3652/1726/3445 3653/1727/3446 3668/1742/3461 3667/1741/3460
f 3653/1727/3446 3654/1728/3447 3669/1743/3462 3668/1742/3461
f 3654/1728/3447 3655/1729/3448 3670/1744/3463 3669/1743/3462
f 3655/1729/3448 3656/1730/3449 3671/1745/3464 3670/1744/3463
f 3656/1730/3449 3657/1731/3450 3672/1746/3465 3671/1745/3464
f 3657/1731/3450 3658/1732/3451 3673/1747/3466 3672/1746/3465
f 3658/1732/3451 3659/1733/3452 3674/1748/3467 3673/1747/3466
f 3659/1733/3452 3660/1734/3453 3675/1749/3468 3674/1748/3467
f 3660/1734/3453 3661/1735/3454 3676/1750/3469 3675/1749/3468
f 3661/1735/3454 3662/1736/3455 3677/1751/3470 3676/1750/3469
f 2366/1481/3230 2417/1752/3471 3453/1527/3246 2552/1482/3231
f 2417/1752/3471 2416/1753/3472 3454/1528/3247 3453/1527/3246
f 2416/1753/3472 2415/1754/3473 3455/1531/3250 3454/1528/3247
f 2415/1754/3473 2414/1755/3474 3456/1533/3252 3455/1531/3250
f 2414/1755/3474 2413/1756/3475 3457/1535/3254 3456/1533/3252
f 2413/1756/3475 2412/1757/3476 3458/1537/3256 3457/1535/3254
f 2412/1757/3476 2411/1758/3477 3459/1539/3258 3458/1537/3256
f 2411/1758/3477 2410/1759/3478 3460/1541/3260 3459/1539/3258
f 2410/1759/3478 2409/1760/3479 3461/1543/3262 3460/1541/3260
f 2409/1760/3479 2408/1761/3480 3462/1545/3264 3461/1543/3262
f 2408/1761/3480 2407/1762/3481 3463/1547/3266 3462/1545/3264
f 2407/1762/3481 2406/1763/3482 3464/1549/3268 3463/1547/3266
f 2406/1763/3482 2405/1764/3483 3465/1551/3270 3464/1549/3268
f 2405/1764/3483 2404/1765/3484 3466/1553/3272 3465/1551/3270
f 2404/1765/3484 2403/1766/3485 3467/1555/3274 3466/1553/3272
f 2403/1766/3485 2365/598/2398 2478/600/2400 3467/1555/3274
f 3467/1555/3274 2478/600/2400 2479/661/2461 3482/1556/3275
f 3482/1556/3275 2479/661/2461 2480/660/2460 3497/1571/3290
f 3497/1571/3290 2480/660/2460 2481/659/2459 3512/1586/3305
f 3512/1586/3305 2481/659/2459 2482/658/2458 3527/1601/3320
f 3527/1601/3320 2482/658/2458 2483/657/2457 3542/1616/3335
f 3542/1616/3335 2483/657/2457 2484/656/2456 3557/1631/3350
f 3557/1631/3350 2484/656/2456 2485/655/2455 3572/1646/3365
f 3572/1646/3365 2485/655/2455 2486/654/2454 3587/1661/3380
f 3587/1661/3380 2486/654/2454 2487/653/2453 3602/1676/3395
f 3602/1676/3395 2487/653/2453 2488/652/2452 3617/1691/3410
f 3617/1691/3410 2488/652/2452 2489/651/2451 3632/1706/3425
f 3632/1706/3425 2489/651/2451 2490/650/2450 3647/1721/3440
f 3647/1721/3440 2490/650/2450 2491/649/2449 3662/1736/3455
f 3662/1736/3455 2491/649/2449 2492/647/2447 3677/1751/3470
f 3677/1751/3470 2492/647/2447 2367/648/2448 2433/903/2703
f 3676/1750/3469 3677/1751/3470 2433/903/2703 2434/902/2702
f 3675/1749/3468 3676/1750/3469 2434/902/2702 2435/901/2701
f 3674/1748/3467 3675/1749/3468 2435/901/2701 2436/900/2700
f 3673/1747/3466 3674/1748/3467 2436/900/2700 2437/899/2699
f 3672/1746/3465 3673/1747/3466 2437/899/2699 2438/898/2698
f 3671/1745/3464 3672/1746/3465 2438/898/2698 2439/897/2697
f 3670/1744/3463 3671/1745/3464 2439/897/2697 2440/896/2696
f 3669/1743/3462 3670/1744/3463 2440/896/2696 2441/895/2695
f 3668/1742/3461 3669/1743/3462 2441/895/2695 2442/894/2694
f 3667/1741/3460 3668/1742/3461 2442/894/2694 2443/893/2693
f 3666/1740/3459 3667/1741/3460 2443/893/2693 2444/892/2692
f 3665/1739/3458 3666/1740/3459 2444/892/2692 2445/891/2691
f 3664/1737/3456 3665/1739/3458 2445/891/2691 2446/890/2690
f 3663/1738/3457 3664/1737/3456 2446/890/2690 2447/888/2688
f 2538/1496/3245 3663/1738/3457 2447/888/2688 2368/887/2687
f 2539/1495/3244 3648/1723/3442 3663/1738/3457 2538/1496/3245
f 2540/1494/3243 3633/1708/3427 3648/1723/3442 2539/1495/3244
f 2541/1493/3242 3618/1693/3412 3633/1708/3427 2540/1494/3243
f 2542/1492/3241 3603/1678/3397 3618/1693/3412 2541/1493/3242
f 2543/1491/3240 3588/1663/3382 3603/1678/3397 2542/1492/3241
f 2544/1490/3239 3573/1648/3367 3588/1663/3382 2543/1491/3240
f 2545/1489/3238 3558/1633/3352 3573/1648/3367 2544/1490/3239
f 2546/1488/3237 3543/1618/3337 3558/1633/3352 2545/1489/3238
f 2547/1487/3236 3528/1603/3322 3543/1618/3337 2546/1488/3237
f 2548/1486/3235 3513/1588/3307 3528/1603/3322 2547/1487/3236
f 2549/1485/3234 3498/1573/3292 3513/1588/3307 2548/1486/3235
f 2550/1484/3233 3483/1558/3277 3498/1573/3292 2549/1485/3234
f 2551/1483/3232 3468/1530/3249 3483/1558/3277 2550/1484/3233
f 2552/1482/3231 3453/1527/3246 3468/1530/3249 2551/1483/3232
f 3678/1767/3486 3679/1768/3487 3694/1769/3488 3693/1770/3489
f 3679/1768/3487 3680/1771/3490 3695/1772/3491 3694/1769/3488
f 3680/1771/3490 3681/1773/3492 3696/1774/3493 3695/1772/3491
f 3681/1773/3492 3682/1775/3494 3697/1776/3495 3696/1774/3493
f 3682/1775/3494 3683/1777/3496 3698/1778/3497 3697/1776/3495
f 3683/1777/3496 3684/1779/3498 3699/1780/3499 3698/1778/3497
f 3684/1779/3498 3685/1781/3500 3700/1782/3501 3699/1780/3499
f 3685/1781/3500 3686/1783/3502 3701/1784/3503 3700/1782/3501
f 3686/1783/3502 3687/1785/3504 3702/1786/3505 3701/1784/3503
f 3687/1785/3504 3688/1787/3506 3703/1788/3507 3702/1786/3505
f 3688/1787/3506 3689/1789/3508 3704/1790/3509 3703/1788/3507
f 3689/1789/3508 3690/1791/3510 3705/1792/3511 3704/1790/3509
f 3690/1791/3510 3691/1793/3512 3706/1794/3513 3705/1792/3511
f 3691/1793/3512 3692/1795/3514 3707/1796/3515 3706/1794/3513
f 3693/1770/3489 3694/1769/3488 3709/1797/3516 3708/1798/3517
f 3694/1769/3488 3695/1772/3491 3710/1799/3518 3709/1797/3516
f 3695/1772/3491 3696/1774/3493 3711/1800/3519 3710/1799/3518
f 3696/1774/3493 3697/1776/3495 3712/1801/3520 3711/1800/3519
f 3697/1776/3495 3698/1778/3497 3713/1802/3521 3712/1801/3520
f 3698/1778/3497 3699/1780/3499 3714/1803/3522 3713/1802/3521
f 3699/1780/3499 3700/1782/3501 3715/1804/3523 3714/1803/3522
f 3700/1782/3501 3701/1784/3503 3716/1805/3524 3715/1804/3523
f 3701/1784/3503 3702/1786/3505 3717/1806/3525 3716/1805/3524
f 3702/1786/3505 3703/1788/3507 3718/1807/3526 3717/1806/3525
f 3703/1788/3507 3704/1790/3509 3719/1808/3527 3718/1807/3526
f 3704/1790/3509 3705/1792/3511 3720/1809/3528 3719/1808/3527
f 3705/1792/3511 3706/1794/3513 3721/1810/3529 3720/1809/3528
f 3706/1794/3513 3707/1796/3515 3722/1811/3530 3721/1810/3529
f 3708/1798/3517 3709/1797/3516 3724/1812/3531 3723/1813/3532
f 3709/1797/3516 3710/1799/3518 3725/1814/3533 3724/1812/3531
f 3710/1799/3518 3711/1800/3519 3726/1815/3534 3725/1814/3533
f 3711/1800/3519 3712/1801/3520 3727/1816/3535 3726/1815/3534
f 3712/1801/3520 3713/1802/3521 3728/1817/3536 3727/1816/3535
f 3713/1802/3521 3714/1803/3522 3729/1818/3537 3728/1817/3536
f 3714/1803/3522 3715/1804/3523 3730/1819/3538 3729/1818/3537
f 3715/1804/3523 3716/1805/3524 3731/1820/3539 3730/1819/3538
f 3716/1805/3524 3717/1806/3525 3732/1821/3540 3731/1820/3539
f 3717/1806/3525 3718/1807/3526 3733/1822/3541 3732/1821/3540
f 3718/1807/3526 3719/1808/3527 3734/1823/3542 3733/1822/3541
f 3719/1808/3527 3720/1809/3528 3735/1824/3543 3734/1823/3542
f 3720/1809/3528 3721/1810/3529 3736/1825/3544 3735/1824/3543
f 3721/1810/3529 3722/1811/3530 3737/1826/3545 3736/1825/3544
f 3723/1813/3532 3724/1812/3531 3739/1827/3546 3738/1828/3547
f 3724/1812/3531 3725/1814/3533 3740/1829/3548 3739/1827/3546
f 3725/1814/3533 3726/1815/3534 3741/1830/3549 3740/1829/3548
f 3726/1815/3534 3727/1816/3535 3742/1831/3550 3741/1830/3549
f 3727/1816/3535 3728/1817/3536 3743/1832/3551 3742/1831/3550
f 3728/1817/3536 3729/1818/3537 3744/1833/3552 3743/1832/3551
f 3729/1818/3537 3730/1819/3538 3745/1834/3553 3744/1833/3552
f 3730/1819/3538 3731/1820/3539 3746/1835/3554 3745/1834/3553
f 3731/1820/3539 3732/1821/3540 3747/1836/3555 3746/1835/3554
f 3732/1821/3540 3733/1822/3541 3748/1837/3556 3747/1836/3555
f 3733/1822/3541 3734/1823/3542 3749/1838/3557 3748/1837/3556
f 3734/1823/3542 3735/1824/3543 3750/1839/3558 3749/1838/3557
f 3735/1824/3543 3736/1825/3544 3751/1840/3559 3750/1839/3558
f 3736/1825/3544 3737/1826/3545 3752/1841/3560 3751/1840/3559
f 3738/1828/3547 3739/1827/3546 3754/1842/3561 3753/1843/3562
f 3739/1827/3546 3740/1829/3548 3755/1844/3563 3754/1842/3561
f 3740/1829/3548 3741/1830/3549 3756/1845/3564 3755/1844/3563
f 3741/1830/3549 3742/1831/3550 3757/1846/3565 3756/1845/3564
f 3742/1831/3550 3743/1832/3551 3758/1847/3566 3757/1846/3565
f 3743/1832/3551 3744/1833/3552 3759/1848/3567 3758/1847/3566
f 3744/1833/3552 3745/1834/3553 3760/1849/3568 3759/1848/3567
f 3745/1834/3553 3746/1835/3554 3761/1850/3569 3760/1849/3568
f 3746/1835/3554 3747/1836/3555 3762/1851/3570 3761/1850/3569
f 3747/1836/3555 3748/1837/3556 3763/1852/3571 3762/1851/3570
f 3748/1837/3556 3749/1838/3557 3764/1853/3572 3763/1852/3571
f 3749/1838/3557 3750/1839/3558 3765/1854/3573 3764/1853/3572
f 3750/1839/3558 3751/1840/3559 3766/1855/3574 3765/1854/3573
f 3751/1840/3559 3752/1841/3560 3767/1856/3575 3766/1855/3574
f 3753/1843/3562 3754/1842/3561 3769/1857/3576 3768/1858/3577
f 3754/1842/3561 3755/1844/3563 3770/1859/3578 3769/1857/3576
f 3755/1844/3563 3756/1845/3564 3771/1860/3579 3770/1859/3578
f 3756/1845/3564 3757/1846/3565 3772/1861/3580 3771/1860/3579
f 3757/1846/3565 3758/1847/3566 3773/1862/3581 3772/1861/3580
f 3758/1847/3566 3759/1848/3567 3774/1863/3582 3773/1862/3581
f 3759/1848/3567 3760/1849/3568 3775/1864/3583 3774/1863/3582
f 3760/1849/3568 3761/1850/3569 3776/1865/3584 3775/1864/3583
f 3761/1850/3569 3762/1851/3570 3777/1866/3585 3776/1865/3584
f 3762/1851/3570 3763/1852/3571 3778/1867/3586 3777/1866/3585
f 3763/1852/3571 3764/1853/3572 3779/1868/3587 3778/1867/3586
f 3764/1853/3572 3765/1854/3573 3780/1869/3588 3779/1868/3587
f 3765/1854/3573 3766/1855/3574 3781/1870/3589 3780/1869/3588
f 3766/1855/3574 3767/1856/3575 3782/1871/3590 3781/1870/3589
f 3768/1858/3577 3769/1857/3576 3784/1872/3591 3783/1873/3592
f 3769/1857/3576 3770/1859/3578 3785/1874/3593 3784/1872/3591
f 3770/1859/3578 3771/1860/3579 3786/1875/3594 3785/1874/3593
f 3771/1860/3579 3772/1861/3580 3787/1876/3595 3786/1875/3594
f 3772/1861/3580 3773/1862/3581 3788/1877/3596 3787/1876/3595
f 3773/1862/3581 3774/1863/3582 3789/1878/3597 3788/1877/3596
f 3774/1863/3582 3775/1864/3583 3790/1879/3598 3789/1878/3597
f 3775/1864/3583 3776/1865/3584 3791/1880/3599 3790/1879/3598
f 3776/1865/3584 3777/1866/3585 3792/1881/3600 3791/1880/3599
f 3777/1866/3585 3778/1867/3586 3793/1882/3601 3792/1881/3600
f 3778/1867/3586 3779/1868/3587 3794/1883/3602 3793/1882/3601
f 3779/1868/3587 3780/1869/3588 3795/1884/3603 3794/1883/3602
f 3780/1869/3588 3781/1870/3589 3796/1885/3604 3795/1884/3603
f 3781/1870/3589 3782/1871/3590 3797/1886/3605 3796/1885/3604
f 3783/1873/3592 3784/1872/3591 3799/1887/3606 3798/1888/3607
f 3784/1872/3591 3785/1874/3593 3800/1889/3608 3799/1887/3606
f 3785/1874/3593 3786/1875/3594 3801/1890/3609 3800/1889/3608
f 3786/1875/3594 3787/1876/3595 3802/1891/3610 3801/1890/3609
f 3787/1876/3595 3788/1877/3596 3803/1892/3611 3802/1891/3610
f 3788/1877/3596 3789/1878/3597 3804/1893/3612 3803/1892/3611
f 3789/1878/3597 3790/1879/3598 3805/1894/3613 3804/1893/3612
f 3790/1879/3598 3791/1880/3599 3806/1895/3614 3805/1894/3613
f 3791/1880/3599 3792/1881/3600 3807/1896/3615 3806/1895/3614
f 3792/1881/3600 3793/1882/3601 3808/1897/3616 3807/1896/3615
f 3793/1882/3601 3794/1883/3602 3809/1898/3617 3808/1897/3616
f 3794/1883/3602 3795/1884/3603 3810/1899/3618 3809/1898/3617
f 3795/1884/3603 3796/1885/3604 3811/1900/3619 3810/1899/3618
f 3796/1885/3604 3797/1886/3605 3812/1901/3620 3811/1900/3619
f 3798/1888/3607 3799/1887/3606 3814/1902/3621 3813/1903/3622
f 3799/1887/3606 3800/1889/3608 3815/1904/3623 3814/1902/3621
f 3800/1889/3608 3801/1890/3609 3816/1905/3624 3815/1904/3623
f 3801/1890/3609 3802/1891/3610 3817/1906/3625 3816/1905/3624
f 3802/1891/3610 3803/1892/3611 3818/1907/3626 3817/1906/3625
f 3803/1892/3611 3804/1893/3612 3819/1908/3627 3818/1907/3626
f 3804/1893/3612 3805/1894/3613 3820/1909/3628 3819/1908/3627
f 3805/1894/3613 3806/1895/3614 3821/1910/3629 3820/1909/3628
f 3806/1895/3614 3807/1896/3615 3822/1911/3630 3821/1910/3629
f 3807/1896/3615 3808/1897/3616 3823/1912/3631 3822/1911/3630
f 3808/1897/3616 3809/1898/3617 3824/1913/3632 3823/1912/3631
f 3809/1898/3617 3810/1899/3618 3825/1914/3633 3824/1913/3632
f 3810/1899/3618 3811/1900/3619 3826/1915/3634 3825/1914/3633
f 3811/1900/3619 3812/1901/3620 3827/1916/3635 3826/1915/3634
f 3813/1903/3622 3814/1902/3621 3829/1917/3636 3828/1918/3637
f 3814/1902/3621 3815/1904/3623 3830/1919/3638 3829/1917/3636
f 3815/1904/3623 3816/1905/3624 3831/1920/3639 3830/1919/3638
f 3816/1905/3624 3817/1906/3625 3832/1921/3640 3831/1920/3639
f 3817/1906/3625 3818/1907/3626 3833/1922/3641 3832/1921/3640
f 3818/1907/3626 3819/1908/3627 3834/1923/3642 3833/1922/3641
f 3819/1908/3627 3820/1909/3628 3835/1924/3643 3834/1923/3642
f 3820/1909/3628 3821/1910/3629 3836/1925/3644 3835/1924/3643
f 3821/1910/3629 3822/1911/3630 3837/1926/3645 3836/1925/3644
f 3822/1911/3630 3823/1912/3631 3838/1927/3646 3837/1926/3645
f 3823/1912/3631 3824/1913/3632 3839/1928/3647 3838/1927/3646
f 3824/1913/3632 3825/1914/3633 3840/1929/3648 3839/1928/3647
f 3825/1914/3633 3826/1915/3634 3841/1930/3649 3840/1929/3648
f 3826/1915/3634 3827/1916/3635 3842/1931/3650 3841/1930/3649
f 3828/1918/3637 3829/1917/3636 3844/1932/3651 3843/1933/3652
f 3829/1917/3636 3830/1919/3638 3845/1934/3653 3844/1932/3651
f 3830/1919/3638 3831/1920/3639 3846/1935/3654 3845/1934/3653
f 3831/1920/3639 3832/1921/3640 3847/1936/3655 3846/1935/3654
f 3832/1921/3640 3833/1922/3641 3848/1937/3656 3847/1936/3655
f 3833/1922/3641 3834/1923/3642 3849/1938/3657 3848/1937/3656
f 3834/1923/3642 3835/1924/3643 3850/1939/3658 3849/1938/3657
f 3835/1924/3643 3836/1925/3644 3851/1940/3659 3850/1939/3658
f 3836/1925/3644 3837/1926/3645 3852/1941/3660 3851/1940/3659
f 3837/1926/3645 3838/1927/3646 3853/1942/3661 3852/1941/3660
f 3838/1927/3646 3839/1928/3647 3854/1943/3662 3853/1942/3661
f 3839/1928/3647 3840/1929/3648 3855/1944/3663 3854/1943/3662
f 3840/1929/3648 3841/1930/3649 3856/1945/3664 3855/1944/3663
f 3841/1930/3649 3842/1931/3650 3857/1946/3665 3856/1945/3664
f 3843/1933/3652 3844/1932/3651 3859/1947/3666 3858/1948/3667
f 3844/1932/3651 3845/1934/3653 3860/1949/3668 3859/1947/3666
f 3845/1934/3653 3846/1935/3654 3861/1950/3669 3860/1949/3668
f 3846/1935/3654 3847/1936/3655 3862/1951/3670 3861/1950/3669
f 3847/1936/3655 3848/1937/3656 3863/1952/3671 3862/1951/3670
f 3848/1937/3656 3849/1938/3657 3864/1953/3672 3863/1952/3671
f 3849/1938/3657 3850/1939/3658 3865/1954/3673 3864/1953/3672
f 3850/1939/3658 3851/1940/3659 3866/1955/3674 3865/1954/3673
f 3851/1940/3659 3852/1941/3660 3867/1956/3675 3866/1955/3674
f 3852/1941/3660 3853/1942/3661 3868/1957/3676 3867/1956/3675
f 3853/1942/3661 3854/1943/3662 3869/1958/3677 3868/1957/3676
f 3854/1943/3662 3855/1944/3663 3870/1959/3678 3869/1958/3677
f 3855/1944/3663 3856/1945/3664 3871/1960/3679 3870/1959/3678
f 3856/1945/3664 3857/1946/3665 3872/1961/3680 3871/1960/3679
f 3858/1948/3667 3859/1947/3666 3874/1962/3681 3873/1963/3682
f 3859/1947/3666 3860/1949/3668 3875/1964/3683 3874/1962/3681
f 3860/1949/3668 3861/1950/3669 3876/1965/3684 3875/1964/3683
f 3861/1950/3669 3862/1951/3670 3877/1966/3685 3876/1965/3684
f 3862/1951/3670 3863/1952/3671 3878/1967/3686 3877/1966/3685
f 3863/1952/3671 3864/1953/3672 3879/1968/3687 3878/1967/3686
f 3864/1953/3672 3865/1954/3673 3880/1969/3688 3879/1968/3687
f 3865/1954/3673 3866/1955/3674 3881/1970/3689 3880/1969/3688
f 3866/1955/3674 3867/1956/3675 3882/1971/3690 3881/1970/3689
f 3867/1956/3675 3868/1957/3676 3883/1972/3691 3882/1971/3690
f 3868/1957/3676 3869/1958/3677 3884/1973/3692 3883/1972/3691
f 3869/1958/3677 3870/1959/3678 3885/1974/3693 3884/1973/3692
f 3870/1959/3678 3871/1960/3679 3886/1975/3694 3885/1974/3693
f 3871/1960/3679 3872/1961/3680 3887/1976/3695 3886/1975/3694
f 3873/1963/3682 3874/1962/3681 3889/1977/3696 3888/1978/3697
f 3874/1962/3681 3875/1964/3683 3890/1979/3698 3889/1977/3696
f 3875/1964/3683 3876/1965/3684 3891/1980/3699 3890/1979/3698
f 3876/1965/3684 3877/1966/3685 3892/1981/3700 3891/1980/3699
f 3877/1966/3685 3878/1967/3686 3893/1982/3701 3892/1981/3700
f 3878/1967/3686 3879/1968/3687 3894/1983/3702 3893/1982/3701
f 3879/1968/3687 3880/1969/3688 3895/1984/3703 3894/1983/3702
f 3880/1969/3688 3881/1970/3689 3896/1985/3704 3895/1984/3703
f 3881/1970/3689 3882/1971/3690 3897/1986/3705 3896/1985/3704
f 3882/1971/3690 3883/1972/3691 3898/1987/3706 3897/1986/3705
f 3883/1972/3691 3884/1973/3692 3899/1988/3707 3898/1987/3706
f 3884/1973/3692 3885/1974/3693 3900/1989/3708 3899/1988/3707
f 3885/1974/3693 3886/1975/3694 3901/1990/3709 3900/1989/3708
f 3886/1975/3694 3887/1976/3695 3902/1991/3710 3901/1990/3709
f 2370/1225/2976 2462/1223/2974 3678/1767/3486 2402/1992/3215
f 2462/1223/2974 2461/1222/2973 3679/1768/3487 3678/1767/3486
f 2461/1222/2973 2460/1221/2972 3680/1771/3490 3679/1768/3487
f 2460/1221/2972 2459/1220/2971 3681/1773/3492 3680/1771/3490
f 2459/1220/2971 2458/1219/2970 3682/1775/3494 3681/1773/3492
f 2458/1219/2970 2457/1218/2969 3683/1777/3496 3682/1775/3494
f 2457/1218/2969 2456/1217/2968 3684/1779/3498 3683/1777/3496
f 2456/1217/2968 2455/1216/2967 3685/1781/3500 3684/1779/3498
f 2455/1216/2967 2454/1215/2966 3686/1783/3502 3685/1781/3500
f 2454/1215/2966 2453/1214/2965 3687/1785/3504 3686/1783/3502
f 2453/1214/2965 2452/1213/2964 3688/1787/3506 3687/1785/3504
f 2452/1213/2964 2451/1212/2963 3689/1789/3508 3688/1787/3506
f 2451/1212/2963 2450/1211/2962 3690/1791/3510 3689/1789/3508
f 2450/1211/2962 2449/1210/2961 3691/1793/3512 3690/1791/3510
f 2449/1210/2961 2448/1209/2960 3692/1795/3514 3691/1793/3512
f 2448/1209/2960 2369/1208/2415 2523/1993/2414 3692/1795/3514
f 3692/1795/3514 2523/1993/2414 2524/1994/2413 3707/1796/3515
f 3707/1796/3515 2524/1994/2413 2525/1995/2412 3722/1811/3530
f 3722/1811/3530 2525/1995/2412 2526/1996/2411 3737/1826/3545
f 3737/1826/3545 2526/1996/2411 2527/1997/2410 3752/1841/3560
f 3752/1841/3560 2527/1997/2410 2528/1998/2409 3767/1856/3575
f 3767/1856/3575 2528/1998/2409 2529/1999/2408 3782/1871/3590
f 3782/1871/3590 2529/1999/2408 2530/2000/2407 3797/1886/3605
f 3797/1886/3605 2530/2000/2407 2531/2001/2406 3812/1901/3620
f 3812/1901/3620 2531/2001/2406 2532/2002/2405 3827/1916/3635
f 3827/1916/3635 2532/2002/2405 2533/2003/2404 3842/1931/3650
f 3842/1931/3650 2533/2003/2404 2534/2004/2403 3857/1946/3665
f 3857/1946/3665 2534/2004/2403 2535/2005/2402 3872/1961/3680
f 3872/1961/3680 2535/2005/2402 2536/2006/2401 3887/1976/3695
f 3887/1976/3695 2536/2006/2401 2537/2007/2399 3902/1991/3710
f 3902/1991/3710 2537/2007/2399 2365/598/2398 2403/1766/3485
f 3901/1990/3709 3902/1991/3710 2403/1766/3485 2404/1765/3484
f 3900/1989/3708 3901/1990/3709 2404/1765/3484 2405/1764/3483
f 3899/1988/3707 3900/1989/3708 2405/1764/3483 2406/1763/3482
f 3898/1987/3706 3899/1988/3707 2406/1763/3482 2407/1762/3481
f 3897/1986/3705 3898/1987/3706 2407/1762/3481 2408/1761/3480
f 3896/1985/3704 3897/1986/3705 2408/1761/3480 2409/1760/3479
f 3895/1984/3703 3896/1985/3704 2409/1760/3479 2410/1759/3478
f 3894/1983/3702 3895/1984/3703 2410/1759/3478 2411/1758/3477
f 3893/1982/3701 3894/1983/3702 2411/1758/3477 2412/1757/3476
f 3892/1981/3700 3893/1982/3701 2412/1757/3476 2413/1756/3475
f 3891/1980/3699 3892/1981/3700 2413/1756/3475 2414/1755/3474
f 3890/1979/3698 3891/1980/3699 2414/1755/3474 2415/1754/3473
f 3889/1977/3696 3890/1979/3698 2415/1754/3473 2416/1753/3472
f 3888/1978/3697 3889/1977/3696 2416/1753/3472 2417/1752/3471
f 2388/2008/3229 3888/1978/3697 2417/1752/3471 2366/1481/3230
f 2389/2009/3228 3873/1963/3682 3888/1978/3697 2388/2008/3229
f 2390/2010/3227 3858/1948/3667 3873/1963/3682 2389/2009/3228
f 2391/2011/3226 3843/1933/3652 3858/1948/3667 2390/2010/3227
f 2392/2012/3225 3828/1918/3637 3843/1933/3652 2391/2011/3226
f 2393/2013/3224 3813/1903/3622 3828/1918/3637 2392/2012/3225
f 2394/2014/3223 3798/1888/3607 3813/1903/3622 2393/2013/3224
f 2395/2015/3222 3783/1873/3592 3798/1888/3607 2394/2014/3223
f 2396/2016/3221 3768/1858/3577 3783/1873/3592 2395/2015/3222
f 2397/2017/3220 3753/1843/3562 3768/1858/3577 2396/2016/3221
f 2398/2018/3219 3738/1828/3547 3753/1843/3562 2397/2017/3220
f 2399/2019/3218 3723/1813/3532 3738/1828/3547 2398/2018/3219
f 2400/2020/3217 3708/1798/3517 3723/1813/3532 2399/2019/3218
f 2401/2021/3216 3693/1770/3489 3708/1798/3517 2400/2020/3217
f 2402/1992/3215 3678/1767/3486 3693/1770/3489 2401/2021/3216
f 4091/373/2173 4092/374/2174 4107/375/2175 4106/376/2176
f 4092/374/2174 4093/377/2177 4108/378/2178 4107/375/2175
f 4093/377/2177 4094/379/2179 4109/380/2180 4108/378/2178
f 4094/379/2179 4095/381/2181 4110/382/2182 4109/380/2180
f 4095/381/2181 4096/383/2183 4111/384/2184 4110/382/2182
f 4096/383/2183 4097/385/2185 4112/386/2186 4111/384/2184
f 4097/385/2185 4098/387/2187 4113/388/2188 4112/386/2186
f 4098/387/2187 4099/389/2189 4114/390/2190 4113/388/2188
f 4099/389/2189 4100/391/2191 4115/392/2192 4114/390/2190
f 4100/391/2191 4101/393/2193 4116/394/2194 4115/392/2192
f 4101/393/2193 4102/395/2195 4117/396/2196 4116/394/2194
f 4102/395/2195 4103/397/2197 4118/398/2198 4117/396/2196
f 4103/397/2197 4104/399/2199 4119/400/2200 4118/398/2198
f 4104/399/2199 4105/401/2201 4120/402/2202 4119/400/2200
f 4106/376/2176 4107/375/2175 4122/403/2203 4121/404/2204
f 4107/375/2175 4108/378/2178 4123/405/2205 4122/403/2203
f 4108/378/2178 4109/380/2180 4124/406/2206 4123/405/2205
f 4109/380/2180 4110/382/2182 4125/407/2207 4124/406/2206
f 4110/382/2182 4111/384/2184 4126/408/2208 4125/407/2207
f 4111/384/2184 4112/386/2186 4127/409/2209 4126/408/2208
f 4112/386/2186 4113/388/2188 4128/410/2210 4127/409/2209
f 4113/388/2188 4114/390/2190 4129/411/2211 4128/410/2210
f 4114/390/2190 4115/392/2192 4130/412/2212 4129/411/2211
f 4115/392/2192 4116/394/2194 4131/413/2213 4130/412/2212
f 4116/394/2194 4117/396/2196 4132/414/2214 4131/413/2213
f 4117/396/2196 4118/398/2198 4133/415/2215 4132/414/2214
f 4118/398/2198 4119/400/2200 4134/416/2216 4133/415/2215
f 4119/400/2200 4120/402/2202 4135/417/2217 4134/416/2216
f 4121/404/2204 4122/403/2203 4137/418/2218 4136/419/2219
f 4122/403/2203 4123/405/2205 4138/420/2220 4137/418/2218
f 4123/405/2205 4124/406/2206 4139/421/2221 4138/420/2220
f 4124/406/2206 4125/407/2207 4140/422/2222 4139/421/2221
f 4125/407/2207 4126/408/2208 4141/423/2223 4140/422/2222
f 4126/408/2208 4127/409/2209 4142/424/2224 4141/423/2223
f 4127/409/2209 4128/410/2210 4143/425/2225 4142/424/2224
f 4128/410/2210 4129/411/2211 4144/426/2226 4143/425/2225
f 4129/411/2211 4130/412/2212 4145/427/2227 4144/426/2226
f 4130/412/2212 4131/413/2213 4146/428/2228 4145/427/2227
f 4131/413/2213 4132/414/2214 4147/429/2229 4146/428/2228
f 4132/414/2214 4133/415/2215 4148/430/2230 4147/429/2229
f 4133/415/2215 4134/416/2216 4149/431/2231 4148/430/2230
f 4134/416/2216 4135/417/2217 4150/432/2232 4149/431/2231
f 4136/419/2219 4137/418/2218 4152/433/2233 4151/434/2234
f 4137/418/2218 4138/420/2220 4153/435/2235 4152/433/2233
f 4138/420/2220 4139/421/2221 4154/436/2236 4153/435/2235
f 4139/421/2221 4140/422/2222 4155/437/2237 4154/436/2236
f 4140/422/2222 4141/423/2223 4156/438/2238 4155/437/2237
f 4141/423/2223 4142/424/2224 4157/439/2239 4156/438/2238
f 4142/424/2224 4143/425/2225 4158/440/2240 4157/439/2239
f 4143/425/2225 4144/426/2226 4159/441/2241 4158/440/2240
f 4144/426/2226 4145/427/2227 4160/442/2242 4159/441/2241
f 4145/427/2227 4146/428/2228 4161/443/2243 4160/442/2242
f 4146/428/2228 4147/429/2229 4162/444/2244 4161/443/2243
f 4147/429/2229 4148/430/2230 4163/445/2245 4162/444/2244
f 4148/430/2230 4149/431/2231 4164/446/2246 4163/445/2245
f 4149/431/2231 4150/432/2232 4165/447/2247 4164/446/2246
f 4151/434/2234 4152/433/2233 4167/448/2248 4166/449/2249
f 4152/433/2233 4153/435/2235 4168/450/2250 4167/448/2248
f 4153/435/2235 4154/436/2236 4169/451/2251 4168/450/2250
f 4154/436/2236 4155/437/2237 4170/452/2252 4169/451/2251
f 4155/437/2237 4156/438/2238 4171/453/2253 4170/452/2252
f 4156/438/2238 4157/439/2239 4172/454/2254 4171/453/2253
f 4157/439/2239 4158/440/2240 4173/455/2255 4172/454/2254
f 4158/440/2240 4159/441/2241 4174/456/2256 4173/455/2255
f 4159/441/2241 4160/442/2242 4175/457/2257 4174/456/2256
f 4160/442/2242 4161/443/2243 4176/458/2258 4175/457/2257
f 4161/443/2243 4162/444/2244 4177/459/2259 4176/458/2258
f 4162/444/2244 4163/445/2245 4178/460/2260 4177/459/2259
f 4163/445/2245 4164/446/2246 4179/461/2261 4178/460/2260
f 4164/446/2246 4165/447/2247 4180/462/2262 4179/461/2261
f 4166/449/2249 4167/448/2248 4182/463/2263 4181/464/2264
f 4167/448/2248 4168/450/2250 4183/465/2265 4182/463/2263
f 4168/450/2250 4169/451/2251 4184/466/2266 4183/465/2265
f 4169/451/2251 4170/452/2252 4185/467/2267 4184/466/2266
f 4170/452/2252 4171/453/2253 4186/468/2268 4185/467/2267
f 4171/453/2253 4172/454/2254 4187/469/2269 4186/468/2268
f 4172/454/2254 4173/455/2255 4188/470/2270 4187/469/2269
f 4173/455/2255 4174/456/2256 4189/471/2271 4188/470/2270
f 4174/456/2256 4175/457/2257 4190/472/2272 4189/471/2271
f 4175/457/2257 4176/458/2258 4191/473/2273 4190/472/2272
f 4176/458/2258 4177/459/2259 4192/474/2274 4191/473/2273
f 4177/459/2259 4178/460/2260 4193/475/2275 4192/474/2274
f 4178/460/2260 4179/461/2261 4194/476/2276 4193/475/2275
f 4179/461/2261 4180/462/2262 4195/477/2277 4194/476/2276
f 4181/464/2264 4182/463/2263 4197/478/2278 4196/479/2279
f 4182/463/2263 4183/465/2265 4198/480/2280 4197/478/2278
f 4183/465/2265 4184/466/2266 4199/481/2281 4198/480/2280
f 4184/466/2266 4185/467/2267 4200/482/2282 4199/481/2281
f 4185/467/2267 4186/468/2268 4201/483/2283 4200/482/2282
f 4186/468/2268 4187/469/2269 4202/484/2284 4201/483/2283
f 4187/469/2269 4188/470/2270 4203/485/2285 4202/484/2284
f 4188/470/2270 4189/471/2271 4204/486/2286 4203/485/2285
f 4189/471/2271 4190/472/2272 4205/487/2287 4204/486/2286
f 4190/472/2272 4191/473/2273 4206/488/2288 4205/487/2287
f 4191/473/2273 4192/474/2274 4207/489/2289 4206/488/2288
f 4192/474/2274 4193/475/2275 4208/490/2290 4207/489/2289
f 4193/475/2275 4194/476/2276 4209/491/2291 4208/490/2290
f 4194/476/2276 4195/477/2277 4210/492/2292 4209/491/2291
f 4196/479/2279 4197/478/2278 4212/493/2293 4211/494/2294
f 4197/478/2278 4198/480/2280 4213/495/2295 4212/493/2293
f 4198/480/2280 4199/481/2281 4214/496/2296 4213/495/2295
f 4199/481/2281 4200/482/2282 4215/497/2297 4214/496/2296
f 4200/482/2282 4201/483/2283 4216/498/2298 4215/497/2297
f 4201/483/2283 4202/484/2284 4217/499/2299 4216/498/2298
f 4202/484/2284 4203/485/2285 4218/500/2300 4217/499/2299
f 4203/485/2285 4204/486/2286 4219/501/2301 4218/500/2300
f 4204/486/2286 4205/487/2287 4220/502/2302 4219/501/2301
f 4205/487/2287 4206/488/2288 4221/503/2303 4220/502/2302
f 4206/488/2288 4207/489/2289 4222/504/2304 4221/503/2303
f 4207/489/2289 4208/490/2290 4223/505/2305 4222/504/2304
f 4208/490/2290 4209/491/2291 4224/506/2306 4223/505/2305
f 4209/491/2291 4210/492/2292 4225/507/2307 4224/506/2306
f 4211/494/2294 4212/493/2293 4227/508/2308 4226/509/2309
f 4212/493/2293 4213/495/2295 4228/510/2310 4227/508/2308
f 4213/495/2295 4214/496/2296 4229/511/2311 4228/510/2310
f 4214/496/2296 4215/497/2297 4230/512/2312 4229/511/2311
f 4215/497/2297 4216/498/2298 4231/513/2313 4230/512/2312
f 4216/498/2298 4217/499/2299 4232/514/2314 4231/513/2313
f 4217/499/2299 4218/500/2300 4233/515/2315 4232/514/2314
f 4218/500/2300 4219/501/2301 4234/516/2316 4233/515/2315
f 4219/501/2301 4220/502/2302 4235/517/2317 4234/516/2316
f 4220/502/2302 4221/503/2303 4236/518/2318 4235/517/2317
f 4221/503/2303 4222/504/2304 4237/519/2319 4236/518/2318
f 4222/504/2304 4223/505/2305 4238/520/2320 4237/519/2319
f 4223/505/2305 4224/506/2306 4239/521/2321 4238/520/2320
f 4224/506/2306 4225/507/2307 4240/522/2322 4239/521/2321
f 4226/509/2309 4227/508/2308 4242/523/2323 4241/524/2324
f 4227/508/2308 4228/510/2310 4243/525/2325 4242/523/2323
f 4228/510/2310 4229/511/2311 4244/526/2326 4243/525/2325
f 4229/511/2311 4230/512/2312 4245/527/2327 4244/526/2326
f 4230/512/2312 4231/513/2313 4246/528/2328 4245/527/2327
f 4231/513/2313 4232/514/2314 4247/529/2329 4246/528/2328
f 4232/514/2314 4233/515/2315 4248/530/2330 4247/529/2329
f 4233/515/2315 4234/516/2316 4249/531/2331 4248/530/2330
f 4234/516/2316 4235/517/2317 4250/532/2332 4249/531/2331
f 4235/517/2317 4236/518/2318 4251/533/2333 4250/532/2332
f 4236/518/2318 4237/519/2319 4252/534/2334 4251/533/2333
f 4237/519/2319 4238/520/2320 4253/535/2335 4252/534/2334
f 4238/520/2320 4239/521/2321 4254/536/2336 4253/535/2335
f 4239/521/2321 4240/522/2322 4255/537/2337 4254/536/2336
f 4241/524/2324 4242/523/2323 4257/538/2338 4256/539/2339
f 4242/523/2323 4243/525/2325 4258/540/2340 4257/538/2338
f 4243/525/2325 4244/526/2326 4259/541/2341 4258/540/2340
f 4244/526/2326 4245/527/2327 4260/542/2342 4259/541/2341
f 4245/527/2327 4246/528/2328 4261/543/2343 4260/542/2342
f 4246/528/2328 4247/529/2329 4262/544/2344 4261/543/2343
f 4247/529/2329 4248/530/2330 4263/545/2345 4262/544/2344
f 4248/530/2330 4249/531/2331 4264/546/2346 4263/545/2345
f 4249/531/2331 4250/532/2332 4265/547/2347 4264/546/2346
f 4250/532/2332 4251/533/2333 4266/548/2348 4265/547/2347
f 4251/533/2333 4252/534/2334 4267/549/2349 4266/548/2348
f 4252/534/2334 4253/535/2335 4268/550/2350 4267/549/2349
f 4253/535/2335 4254/536/2336 4269/551/2351 4268/550/2350
f 4254/536/2336 4255/537/2337 4270/552/2352 4269/551/2351
f 4256/539/2339 4257/538/2338 4272/553/2353 4271/554/2354
f 4257/538/2338 4258/540/2340 4273/555/2355 4272/553/2353
f 4258/540/2340 4259/541/2341 4274/556/2356 4273/555/2355
f 4259/541/2341 4260/542/2342 4275/557/2357 4274/556/2356
f 4260/542/2342 4261/543/2343 4276/558/2358 4275/557/2357
f 4261/543/2343 4262/544/2344 4277/559/2359 4276/558/2358
f 4262/544/2344 4263/545/2345 4278/560/2360 4277/559/2359
f 4263/545/2345 4264/546/2346 4279/561/2361 4278/560/2360
f 4264/546/2346 4265/547/2347 4280/562/2362 4279/561/2361
f 4265/547/2347 4266/548/2348 4281/563/2363 4280/562/2362
f 4266/548/2348 4267/549/2349 4282/564/2364 4281/563/2363
f 4267/549/2349 4268/550/2350 4283/565/2365 4282/564/2364
f 4268/550/2350 4269/551/2351 4284/566/2366 4283/565/2365
f 4269/551/2351 4270/552/2352 4285/567/2367 4284/566/2366
f 4271/554/2354 4272/553/2353 4287/568/2368 4286/569/2369
f 4272/553/2353 4273/555/2355 4288/570/2370 4287/568/2368
f 4273/555/2355 4274/556/2356 4289/571/2371 4288/570/2370
f 4274/556/2356 4275/557/2357 4290/572/2372 4289/571/2371
f 4275/557/2357 4276/558/2358 4291/573/2373 4290/572/2372
f 4276/558/2358 4277/559/2359 4292/574/2374 4291/573/2373
f 4277/559/2359 4278/560/2360 4293/575/2375 4292/574/2374
f 4278/560/2360 4279/561/2361 4294/576/2376 4293/575/2375
f 4279/561/2361 4280/562/2362 4295/577/2377 4294/576/2376
f 4280/562/2362 4281/563/2363 4296/578/2378 4295/577/2377
f 4281/563/2363 4282/564/2364 4297/579/2379 4296/578/2378
f 4282/564/2364 4283/565/2365 4298/580/2380 4297/579/2379
f 4283/565/2365 4284/566/2366 4299/581/2381 4298/580/2380
f 4284/566/2366 4285/567/2367 4300/582/2382 4299/581/2381
f 4286/569/2369 4287/568/2368 4302/583/2383 4301/584/2384
f 4287/568/2368 4288/570/2370 4303/585/2385 4302/583/2383
f 4288/570/2370 4289/571/2371 4304/586/2386 4303/585/2385
f 4289/571/2371 4290/572/2372 4305/587/2387 4304/586/2386
f 4290/572/2372 4291/573/2373 4306/588/2388 4305/587/2387
f 4291/573/2373 4292/574/2374 4307/589/2389 4306/588/2388
f 4292/574/2374 4293/575/2375 4308/590/2390 4307/589/2389
f 4293/575/2375 4294/576/2376 4309/591/2391 4308/590/2390
f 4294/576/2376 4295/577/2377 4310/592/2392 4309/591/2391
f 4295/577/2377 4296/578/2378 4311/593/2393 4310/592/2392
f 4296/578/2378 4297/579/2379 4312/594/2394 4311/593/2393
f 4297/579/2379 4298/580/2380 4313/595/2395 4312/594/2394
f 4298/580/2380 4299/581/2381 4314/596/2396 4313/595/2395
f 4299/581/2381 4300/582/2382 4315/597/2397 4314/596/2396
f 3903/598/2398 4075/599/2399 4091/373/2173 4016/600/2400
f 4075/599/2399 4074/601/2401 4092/374/2174 4091/373/2173
f 4074/601/2401 4073/602/2402 4093/377/2177 4092/374/2174
f 4073/602/2402 4072/603/2403 4094/379/2179 4093/377/2177
f 4072/603/2403 4071/604/2404 4095/381/2181 4094/379/2179
f 4071/604/2404 4070/605/2405 4096/383/2183 4095/381/2181
f 4070/605/2405 4069/606/2406 4097/385/2185 4096/383/2183
f 4069/606/2406 4068/607/2407 4098/387/2187 4097/385/2185
f 4068/607/2407 4067/608/2408 4099/389/2189 4098/387/2187
f 4067/608/2408 4066/609/2409 4100/391/2191 4099/389/2189
f 4066/609/2409 4065/610/2410 4101/393/2193 4100/391/2191
f 4065/610/2410 4064/611/2411 4102/395/2195 4101/393/2193
f 4064/611/2411 4063/612/2412 4103/397/2197 4102/395/2195
f 4063/612/2412 4062/613/2413 4104/399/2199 4103/397/2197
f 4062/613/2413 4061/614/2414 4105/401/2201 4104/399/2199
f 4061/614/2414 3907/615/2415 4060/616/2416 4105/401/2201
f 4105/401/2201 4060/616/2416 4059/617/2417 4120/402/2202
f 4120/402/2202 4059/617/2417 4058/618/2418 4135/417/2217
f 4135/417/2217 4058/618/2418 4057/619/2419 4150/432/2232
f 4150/432/2232 4057/619/2419 4056/620/2420 4165/447/2247
f 4165/447/2247 4056/620/2420 4055/621/2421 4180/462/2262
f 4180/462/2262 4055/621/2421 4054/622/2422 4195/477/2277
f 4195/477/2277 4054/622/2422 4053/623/2423 4210/492/2292
f 4210/492/2292 4053/623/2423 4052/624/2424 4225/507/2307
f 4225/507/2307 4052/624/2424 4051/625/2425 4240/522/2322
f 4240/522/2322 4051/625/2425 4050/626/2426 4255/537/2337
f 4255/537/2337 4050/626/2426 4049/627/2427 4270/552/2352
f 4270/552/2352 4049/627/2427 4048/628/2428 4285/567/2367
f 4285/567/2367 4048/628/2428 4047/629/2429 4300/582/2382
f 4300/582/2382 4047/629/2429 4046/630/2430 4315/597/2397
f 4315/597/2397 4046/630/2430 3909/631/2431 4015/632/2432
f 4314/596/2396 4315/597/2397 4015/632/2432 4014/633/2433
f 4313/595/2395 4314/596/2396 4014/633/2433 4013/634/2434
f 4312/594/2394 4313/595/2395 4013/634/2434 4012/635/2435
f 4311/593/2393 4312/594/2394 4012/635/2435 4011/636/2436
f 4310/592/2392 4311/593/2393 4011/636/2436 4010/637/2437
f 4309/591/2391 4310/592/2392 4010/637/2437 4009/638/2438
f 4308/590/2390 4309/591/2391 4009/638/2438 4008/639/2439
f 4307/589/2389 4308/590/2390 4008/639/2439 4007/640/2440
f 4306/588/2388 4307/589/2389 4007/640/2440 4006/641/2441
f 4305/587/2387 4306/588/2388 4006/641/2441 4005/642/2442
f 4304/586/2386 4305/587/2387 4005/642/2442 4004/643/2443
f 4303/585/2385 4304/586/2386 4004/643/2443 4003/644/2444
f 4302/583/2383 4303/585/2385 4003/644/2444 4002/645/2445
f 4301/584/2384 4302/583/2383 4002/645/2445 4001/646/2446
f 4030/647/2447 4301/584/2384 4001/646/2446 3905/648/3711
f 4029/649/2449 4286/569/2369 4301/584/2384 4030/647/2447
f 4028/650/2450 4271/554/2354 4286/569/2369 4029/649/2449
f 4027/651/2451 4256/539/2339 4271/554/2354 4028/650/2450
f 4026/652/2452 4241/524/2324 4256/539/2339 4027/651/2451
f 4025/653/2453 4226/509/2309 4241/524/2324 4026/652/2452
f 4024/654/2454 4211/494/2294 4226/509/2309 4025/653/2453
f 4023/655/2455 4196/479/2279 4211/494/2294 4024/654/2454
f 4022/656/2456 4181/464/2264 4196/479/2279 4023/655/2455
f 4021/657/2457 4166/449/2249 4181/464/2264 4022/656/2456
f 4020/658/2458 4151/434/2234 4166/449/2249 4021/657/2457
f 4019/659/2459 4136/419/2219 4151/434/2234 4020/658/2458
f 4018/660/2460 4121/404/2204 4136/419/2219 4019/659/2459
f 4017/661/2461 4106/376/2176 4121/404/2204 4018/660/2460
f 4016/600/2400 4091/373/2173 4106/376/2176 4017/661/2461
f 4316/662/2462 4317/663/2463 4332/664/2464 4331/665/2465
f 4317/663/2463 4318/666/2466 4333/667/2467 4332/664/2464
f 4318/666/2466 4319/668/2468 4334/669/2469 4333/667/2467
f 4319/668/2468 4320/670/2470 4335/671/2471 4334/669/2469
f 4320/670/2470 4321/672/2472 4336/673/2473 4335/671/2471
f 4321/672/2472 4322/674/2474 4337/675/2475 4336/673/2473
f 4322/674/2474 4323/676/2476 4338/677/2477 4337/675/2475
f 4323/676/2476 4324/678/2478 4339/679/2479 4338/677/2477
f 4324/678/2478 4325/680/2480 4340/681/2481 4339/679/2479
f 4325/680/2480 4326/682/2482 4341/683/2483 4340/681/2481
f 4326/682/2482 4327/684/2484 4342/685/2485 4341/683/2483
f 4327/684/2484 4328/686/2486 4343/687/2487 4342/685/2485
f 4328/686/2486 4329/688/2488 4344/689/2489 4343/687/2487
f 4329/688/2488 4330/690/2490 4345/691/2491 4344/689/2489
f 4331/665/2465 4332/664/2464 4347/692/2492 4346/693/2493
f 4332/664/2464 4333/667/2467 4348/694/2494 4347/692/2492
f 4333/667/2467 4334/669/2469 4349/695/2495 4348/694/2494
f 4334/669/2469 4335/671/2471 4350/696/2496 4349/695/2495
f 4335/671/2471 4336/673/2473 4351/697/2497 4350/696/2496
f 4336/673/2473 4337/675/2475 4352/698/2498 4351/697/2497
f 4337/675/2475 4338/677/2477 4353/699/2499 4352/698/2498
f 4338/677/2477 4339/679/2479 4354/700/2500 4353/699/2499
f 4339/679/2479 4340/681/2481 4355/701/2501 4354/700/2500
f 4340/681/2481 4341/683/2483 4356/702/2502 4355/701/2501
f 4341/683/2483 4342/685/2485 4357/703/2503 4356/702/2502
f 4342/685/2485 4343/687/2487 4358/704/2504 4357/703/2503
f 4343/687/2487 4344/689/2489 4359/705/2505 4358/704/2504
f 4344/689/2489 4345/691/2491 4360/706/2506 4359/705/2505
f 4346/693/2493 4347/692/2492 4362/707/2507 4361/708/2508
f 4347/692/2492 4348/694/2494 4363/709/2509 4362/707/2507
f 4348/694/2494 4349/695/2495 4364/710/2510 4363/709/2509
f 4349/695/2495 4350/696/2496 4365/711/2511 4364/710/2510
f 4350/696/2496 4351/697/2497 4366/712/2512 4365/711/2511
f 4351/697/2497 4352/698/2498 4367/713/2513 4366/712/2512
f 4352/698/2498 4353/699/2499 4368/714/2514 4367/713/2513
f 4353/699/2499 4354/700/2500 4369/715/2515 4368/714/2514
f 4354/700/2500 4355/701/2501 4370/716/2516 4369/715/2515
f 4355/701/2501 4356/702/2502 4371/717/2517 4370/716/2516
f 4356/702/2502 4357/703/2503 4372/718/2518 4371/717/2517
f 4357/703/2503 4358/704/2504 4373/719/2519 4372/718/2518
f 4358/704/2504 4359/705/2505 4374/720/2520 4373/719/2519
f 4359/705/2505 4360/706/2506 4375/721/2521 4374/720/2520
f 4361/708/2508 4362/707/2507 4377/722/2522 4376/723/2523
f 4362/707/2507 4363/709/2509 4378/724/2524 4377/722/2522
f 4363/709/2509 4364/710/2510 4379/725/2525 4378/724/2524
f 4364/710/2510 4365/711/2511 4380/726/2526 4379/725/2525
f 4365/711/2511 4366/712/2512 4381/727/2527 4380/726/2526
f 4366/712/2512 4367/713/2513 4382/728/2528 4381/727/2527
f 4367/713/2513 4368/714/2514 4383/729/2529 4382/728/2528
f 4368/714/2514 4369/715/2515 4384/730/2530 4383/729/2529
f 4369/715/2515 4370/716/2516 4385/731/2531 4384/730/2530
f 4370/716/2516 4371/717/2517 4386/732/2532 4385/731/2531
f 4371/717/2517 4372/718/2518 4387/733/2533 4386/732/2532
f 4372/718/2518 4373/719/2519 4388/734/2534 4387/733/2533
f 4373/719/2519 4374/720/2520 4389/735/2535 4388/734/2534
f 4374/720/2520 4375/721/2521 4390/736/2536 4389/735/2535
f 4376/723/2523 4377/722/2522 4392/737/2537 4391/738/2538
f 4377/722/2522 4378/724/2524 4393/739/2539 4392/737/2537
f 4378/724/2524 4379/725/2525 4394/740/2540 4393/739/2539
f 4379/725/2525 4380/726/2526 4395/741/2541 4394/740/2540
f 4380/726/2526 4381/727/2527 4396/742/2542 4395/741/2541
f 4381/727/2527 4382/728/2528 4397/743/2543 4396/742/2542
f 4382/728/2528 4383/729/2529 4398/744/2544 4397/743/2543
f 4383/729/2529 4384/730/2530 4399/745/2545 4398/744/2544
f 4384/730/2530 4385/731/2531 4400/746/2546 4399/745/2545
f 4385/731/2531 4386/732/2532 4401/747/2547 4400/746/2546
f 4386/732/2532 4387/733/2533 4402/748/2548 4401/747/2547
f 4387/733/2533 4388/734/2534 4403/749/2549 4402/748/2548
f 4388/734/2534 4389/735/2535 4404/750/2550 4403/749/2549
f 4389/735/2535 4390/736/2536 4405/751/2551 4404/750/2550
f 4391/738/2538 4392/737/2537 4407/752/2552 4406/753/2553
f 4392/737/2537 4393/739/2539 4408/754/2554 4407/752/2552
f 4393/739/2539 4394/740/2540 4409/755/2555 4408/754/2554
f 4394/740/2540 4395/741/2541 4410/756/2556 4409/755/2555
f 4395/741/2541 4396/742/2542 4411/757/2557 4410/756/2556
f 4396/742/2542 4397/743/2543 4412/758/2558 4411/757/2557
f 4397/743/2543 4398/744/2544 4413/759/2559 4412/758/2558
f 4398/744/2544 4399/745/2545 4414/760/2560 4413/759/2559
f 4399/745/2545 4400/746/2546 4415/761/2561 4414/760/2560
f 4400/746/2546 4401/747/2547 4416/762/2562 4415/761/2561
f 4401/747/2547 4402/748/2548 4417/763/2563 4416/762/2562
f 4402/748/2548 4403/749/2549 4418/764/2564 4417/763/2563
f 4403/749/2549 4404/750/2550 4419/765/2565 4418/764/2564
f 4404/750/2550 4405/751/2551 4420/766/2566 4419/765/2565
f 4406/753/2553 4407/752/2552 4422/767/2567 4421/768/2568
f 4407/752/2552 4408/754/2554 4423/769/2569 4422/767/2567
f 4408/754/2554 4409/755/2555 4424/770/2570 4423/769/2569
f 4409/755/2555 4410/756/2556 4425/771/2571 4424/770/2570
f 4410/756/2556 4411/757/2557 4426/772/2572 4425/771/2571
f 4411/757/2557 4412/758/2558 4427/773/2573 4426/772/2572
f 4412/758/2558 4413/759/2559 4428/774/2574 4427/773/2573
f 4413/759/2559 4414/760/2560 4429/775/2575 4428/774/2574
f 4414/760/2560 4415/761/2561 4430/776/2576 4429/775/2575
f 4415/761/2561 4416/762/2562 4431/777/2577 4430/776/2576
f 4416/762/2562 4417/763/2563 4432/778/2578 4431/777/2577
f 4417/763/2563 4418/764/2564 4433/779/2579 4432/778/2578
f 4418/764/2564 4419/765/2565 4434/780/2580 4433/779/2579
f 4419/765/2565 4420/766/2566 4435/781/2581 4434/780/2580
f 4421/768/2568 4422/767/2567 4437/782/2582 4436/783/2583
f 4422/767/2567 4423/769/2569 4438/784/2584 4437/782/2582
f 4423/769/2569 4424/770/2570 4439/785/2585 4438/784/2584
f 4424/770/2570 4425/771/2571 4440/786/2586 4439/785/2585
f 4425/771/2571 4426/772/2572 4441/787/2587 4440/786/2586
f 4426/772/2572 4427/773/2573 4442/788/2588 4441/787/2587
f 4427/773/2573 4428/774/2574 4443/789/2589 4442/788/2588
f 4428/774/2574 4429/775/2575 4444/790/2590 4443/789/2589
f 4429/775/2575 4430/776/2576 4445/791/2591 4444/790/2590
f 4430/776/2576 4431/777/2577 4446/792/2592 4445/791/2591
f 4431/777/2577 4432/778/2578 4447/793/2593 4446/792/2592
f 4432/778/2578 4433/779/2579 4448/794/2594 4447/793/2593
f 4433/779/2579 4434/780/2580 4449/795/2595 4448/794/2594
f 4434/780/2580 4435/781/2581 4450/796/2596 4449/795/2595
f 4436/783/2583 4437/782/2582 4452/797/2597 4451/798/2598
f 4437/782/2582 4438/784/2584 4453/799/2599 4452/797/2597
f 4438/784/2584 4439/785/2585 4454/800/2600 4453/799/2599
f 4439/785/2585 4440/786/2586 4455/801/2601 4454/800/2600
f 4440/786/2586 4441/787/2587 4456/802/2602 4455/801/2601
f 4441/787/2587 4442/788/2588 4457/803/2603 4456/802/2602
f 4442/788/2588 4443/789/2589 4458/804/2604 4457/803/2603
f 4443/789/2589 4444/790/2590 4459/805/2605 4458/804/2604
f 4444/790/2590 4445/791/2591 4460/806/2606 4459/805/2605
f 4445/791/2591 4446/792/2592 4461/807/2607 4460/806/2606
f 4446/792/2592 4447/793/2593 4462/808/2608 4461/807/2607
f 4447/793/2593 4448/794/2594 4463/809/2609 4462/808/2608
f 4448/794/2594 4449/795/2595 4464/810/2610 4463/809/2609
f 4449/795/2595 4450/796/2596 4465/811/2611 4464/810/2610
f 4451/798/2598 4452/797/2597 4467/812/2612 4466/813/2613
f 4452/797/2597 4453/799/2599 4468/814/2614 4467/812/2612
f 4453/799/2599 4454/800/2600 4469/815/2615 4468/814/2614
f 4454/800/2600 4455/801/2601 4470/816/2616 4469/815/2615
f 4455/801/2601 4456/802/2602 4471/817/2617 4470/816/2616
f 4456/802/2602 4457/803/2603 4472/818/2618 4471/817/2617
f 4457/803/2603 4458/804/2604 4473/819/2619 4472/818/2618
f 4458/804/2604 4459/805/2605 4474/820/2620 4473/819/2619
f 4459/805/2605 4460/806/2606 4475/821/2621 4474/820/2620
f 4460/806/2606 4461/807/2607 4476/822/2622 4475/821/2621
f 4461/807/2607 4462/808/2608 4477/823/2623 4476/822/2622
f 4462/808/2608 4463/809/2609 4478/824/2624 4477/823/2623
f 4463/809/2609 4464/810/2610 4479/825/2625 4478/824/2624
f 4464/810/2610 4465/811/2611 4480/826/2626 4479/825/2625
f 4466/813/2613 4467/812/2612 4482/827/2627 4481/828/2628
f 4467/812/2612 4468/814/2614 4483/829/2629 4482/827/2627
f 4468/814/2614 4469/815/2615 4484/830/2630 4483/829/2629
f 4469/815/2615 4470/816/2616 4485/831/2631 4484/830/2630
f 4470/816/2616 4471/817/2617 4486/832/2632 4485/831/2631
f 4471/817/2617 4472/818/2618 4487/833/2633 4486/832/2632
f 4472/818/2618 4473/819/2619 4488/834/2634 4487/833/2633
f 4473/819/2619 4474/820/2620 4489/835/2635 4488/834/2634
f 4474/820/2620 4475/821/2621 4490/836/2636 4489/835/2635
f 4475/821/2621 4476/822/2622 4491/837/2637 4490/836/2636
f 4476/822/2622 4477/823/2623 4492/838/2638 4491/837/2637
f 4477/823/2623 4478/824/2624 4493/839/2639 4492/838/2638
f 4478/824/2624 4479/825/2625 4494/840/2640 4493/839/2639
f 4479/825/2625 4480/826/2626 4495/841/2641 4494/840/2640
f 4481/828/2628 4482/827/2627 4497/842/2642 4496/843/2643
f 4482/827/2627 4483/829/2629 4498/844/2644 4497/842/2642
f 4483/829/2629 4484/830/2630 4499/845/2645 4498/844/2644
f 4484/830/2630 4485/831/2631 4500/846/2646 4499/845/2645
f 4485/831/2631 4486/832/2632 4501/847/2647 4500/846/2646
f 4486/832/2632 4487/833/2633 4502/848/2648 4501/847/2647
f 4487/833/2633 4488/834/2634 4503/849/2649 4502/848/2648
f 4488/834/2634 4489/835/2635 4504/850/2650 4503/849/2649
f 4489/835/2635 4490/836/2636 4505/851/2651 4504/850/2650
f 4490/836/2636 4491/837/2637 4506/852/2652 4505/851/2651
f 4491/837/2637 4492/838/2638 4507/853/2653 4506/852/2652
f 4492/838/2638 4493/839/2639 4508/854/2654 4507/853/2653
f 4493/839/2639 4494/840/2640 4509/855/2655 4508/854/2654
f 4494/840/2640 4495/841/2641 4510/856/2656 4509/855/2655
f 4496/843/2643 4497/842/2642 4512/857/2657 4511/858/2658
f 4497/842/2642 4498/844/2644 4513/859/2659 4512/857/2657
f 4498/844/2644 4499/845/2645 4514/860/2660 4513/859/2659
f 4499/845/2645 4500/846/2646 4515/861/2661 4514/860/2660
f 4500/846/2646 4501/847/2647 4516/862/2662 4515/861/2661
f 4501/847/2647 4502/848/2648 4517/863/2663 4516/862/2662
f 4502/848/2648 4503/849/2649 4518/864/2664 4517/863/2663
f 4503/849/2649 4504/850/2650 4519/865/2665 4518/864/2664
f 4504/850/2650 4505/851/2651 4520/866/2666 4519/865/2665
f 4505/851/2651 4506/852/2652 4521/867/2667 4520/866/2666
f 4506/852/2652 4507/853/2653 4522/868/2668 4521/867/2667
f 4507/853/2653 4508/854/2654 4523/869/2669 4522/868/2668
f 4508/854/2654 4509/855/2655 4524/870/2670 4523/869/2669
f 4509/855/2655 4510/856/2656 4525/871/2671 4524/870/2670
f 4511/858/2658 4512/857/2657 4527/872/2672 4526/873/2673
f 4512/857/2657 4513/859/2659 4528/874/2674 4527/872/2672
f 4513/859/2659 4514/860/2660 4529/875/2675 4528/874/2674
f 4514/860/2660 4515/861/2661 4530/876/2676 4529/875/2675
f 4515/861/2661 4516/862/2662 4531/877/2677 4530/876/2676
f 4516/862/2662 4517/863/2663 4532/878/2678 4531/877/2677
f 4517/863/2663 4518/864/2664 4533/879/3712 4532/878/2678
f 4518/864/2664 4519/865/2665 4534/880/2680 4533/879/3712
f 4519/865/2665 4520/866/2666 4535/881/2681 4534/880/2680
f 4520/866/2666 4521/867/2667 4536/882/2682 4535/881/2681
f 4521/867/2667 4522/868/2668 4537/883/2683 4536/882/2682
f 4522/868/2668 4523/869/2669 4538/884/2684 4537/883/2683
f 4523/869/2669 4524/870/2670 4539/885/2685 4538/884/2684
f 4524/870/2670 4525/871/2671 4540/886/2686 4539/885/2685
f 3906/887/2687 3985/888/2688 4316/662/2462 4045/889/2689
f 3985/888/2688 3984/890/2690 4317/663/2463 4316/662/2462
f 3984/890/2690 3983/891/2691 4318/666/2466 4317/663/2463
f 3983/891/2691 3982/892/2692 4319/668/2468 4318/666/2466
f 3982/892/2692 3981/893/2693 4320/670/2470 4319/668/2468
f 3981/893/2693 3980/894/2694 4321/672/2472 4320/670/2470
f 3980/894/2694 3979/895/2695 4322/674/2474 4321/672/2472
f 3979/895/2695 3978/896/2696 4323/676/2476 4322/674/2474
f 3978/896/2696 3977/897/2697 4324/678/2478 4323/676/2476
f 3977/897/2697 3976/898/2698 4325/680/2480 4324/678/2478
f 3976/898/2698 3975/899/2699 4326/682/2482 4325/680/2480
f 3975/899/2699 3974/900/2700 4327/684/2484 4326/682/2482
f 3974/900/2700 3973/901/2701 4328/686/2486 4327/684/2484
f 3973/901/2701 3972/902/2702 4329/688/2488 4328/686/2486
f 3972/902/2702 3971/903/2703 4330/690/2490 4329/688/2488
f 3971/903/2703 3905/648/3711 4001/904/2446 4330/690/2490
f 4330/690/2490 4001/904/2446 4002/905/2445 4345/691/2491
f 4345/691/2491 4002/905/2445 4003/906/2444 4360/706/2506
f 4360/706/2506 4003/906/2444 4004/907/2443 4375/721/2521
f 4375/721/2521 4004/907/2443 4005/908/2442 4390/736/2536
f 4390/736/2536 4005/908/2442 4006/909/2441 4405/751/2551
f 4405/751/2551 4006/909/2441 4007/910/2440 4420/766/2566
f 4420/766/2566 4007/910/2440 4008/911/2439 4435/781/2581
f 4435/781/2581 4008/911/2439 4009/912/2438 4450/796/2596
f 4450/796/2596 4009/912/2438 4010/913/2437 4465/811/2611
f 4465/811/2611 4010/913/2437 4011/914/2436 4480/826/2626
f 4480/826/2626 4011/914/2436 4012/915/2435 4495/841/2641
f 4495/841/2641 4012/915/2435 4013/916/2434 4510/856/2656
f 4510/856/2656 4013/916/2434 4014/917/2433 4525/871/2671
f 4525/871/2671 4014/917/2433 4015/918/2432 4540/886/2686
f 4540/886/2686 4015/918/2432 3909/919/2431 3970/920/2704
f 4539/885/2685 4540/886/2686 3970/920/2704 3969/921/2705
f 4538/884/2684 4539/885/2685 3969/921/2705 3968/922/3713
f 4537/883/2683 4538/884/2684 3968/922/3713 3967/923/2707
f 4536/882/2682 4537/883/2683 3967/923/2707 3966/924/2708
f 4535/881/2681 4536/882/2682 3966/924/2708 3965/925/2709
f 4534/880/2680 4535/881/2681 3965/925/2709 3964/926/2710
f 4533/879/3712 4534/880/2680 3964/926/2710 3963/927/3714
f 4532/878/2678 4533/879/3712 3963/927/3714 3962/928/2712
f 4531/877/2677 4532/878/2678 3962/928/2712 3961/929/2713
f 4530/876/2676 4531/877/2677 3961/929/2713 3960/930/2714
f 4529/875/2675 4530/876/2676 3960/930/2714 3959/931/2715
f 4528/874/2674 4529/875/2675 3959/931/2715 3958/932/2716
f 4527/872/2672 4528/874/2674 3958/932/2716 3957/933/2717
f 4526/873/2673 4527/872/2672 3957/933/2717 3956/934/2718
f 4031/935/2719 4526/873/2673 3956/934/2718 3910/936/2720
f 4032/937/2721 4511/858/2658 4526/873/2673 4031/935/2719
f 4033/938/2722 4496/843/2643 4511/858/2658 4032/937/2721
f 4034/939/2723 4481/828/2628 4496/843/2643 4033/938/2722
f 4035/940/2724 4466/813/2613 4481/828/2628 4034/939/2723
f 4036/941/2725 4451/798/2598 4466/813/2613 4035/940/2724
f 4037/942/2726 4436/783/2583 4451/798/2598 4036/941/2725
f 4038/943/2727 4421/768/2568 4436/783/2583 4037/942/2726
f 4039/944/2728 4406/753/2553 4421/768/2568 4038/943/2727
f 4040/945/2729 4391/738/2538 4406/753/2553 4039/944/2728
f 4041/946/2730 4376/723/2523 4391/738/2538 4040/945/2729
f 4042/947/2731 4361/708/2508 4376/723/2523 4041/946/2730
f 4043/948/2732 4346/693/2493 4361/708/2508 4042/947/2731
f 4044/949/2733 4331/665/2465 4346/693/2493 4043/948/2732
f 4045/889/2689 4316/662/2462 4331/665/2465 4044/949/2733
f 4541/950/2734 4542/951/2735 4557/952/2736 4556/953/2737
f 4542/951/2735 4543/954/2738 4558/955/2739 4557/952/2736
f 4543/954/2738 4544/956/2740 4559/957/2741 4558/955/2739
f 4544/956/2740 4545/958/2742 4560/959/2743 4559/957/2741
f 4545/958/2742 4546/960/2744 4561/961/2745 4560/959/2743
f 4546/960/2744 4547/962/2746 4562/963/2747 4561/961/2745
f 4547/962/2746 4548/964/2748 4563/965/2749 4562/963/2747
f 4548/964/2748 4549/966/2750 4564/967/2751 4563/965/2749
f 4549/966/2750 4550/968/2752 4565/969/2753 4564/967/2751
f 4550/968/2752 4551/970/2754 4566/971/2755 4565/969/2753
f 4551/970/2754 4552/972/2756 4567/973/2757 4566/971/2755
f 4552/972/2756 4553/974/2758 4568/975/2759 4567/973/2757
f 4553/974/2758 4554/976/2760 4569/977/2761 4568/975/2759
f 4554/976/2760 4555/978/2762 4570/979/2763 4569/977/2761
f 4556/953/2737 4557/952/2736 4572/980/2764 4571/981/2765
f 4557/952/2736 4558/955/2739 4573/982/2766 4572/980/2764
f 4558/955/2739 4559/957/2741 4574/983/2767 4573/982/2766
f 4559/957/2741 4560/959/2743 4575/984/2768 4574/983/2767
f 4560/959/2743 4561/961/2745 4576/985/2769 4575/984/2768
f 4561/961/2745 4562/963/2747 4577/986/2770 4576/985/2769
f 4562/963/2747 4563/965/2749 4578/987/2771 4577/986/2770
f 4563/965/2749 4564/967/2751 4579/988/2772 4578/987/2771
f 4564/967/2751 4565/969/2753 4580/989/2773 4579/988/2772
f 4565/969/2753 4566/971/2755 4581/990/2774 4580/989/2773
f 4566/971/2755 4567/973/2757 4582/991/2775 4581/990/2774
f 4567/973/2757 4568/975/2759 4583/992/2776 4582/991/2775
f 4568/975/2759 4569/977/2761 4584/993/2777 4583/992/2776
f 4569/977/2761 4570/979/2763 4585/994/2778 4584/993/2777
f 4571/981/2765 4572/980/2764 4587/995/2779 4586/996/2780
f 4572/980/2764 4573/982/2766 4588/997/2781 4587/995/2779
f 4573/982/2766 4574/983/2767 4589/998/2782 4588/997/2781
f 4574/983/2767 4575/984/2768 4590/999/2783 4589/998/2782
f 4575/984/2768 4576/985/2769 4591/1000/2784 4590/999/2783
f 4576/985/2769 4577/986/2770 4592/1001/2785 4591/1000/2784
f 4577/986/2770 4578/987/2771 4593/1002/2786 4592/1001/2785
f 4578/987/2771 4579/988/2772 4594/1003/2787 4593/1002/2786
f 4579/988/2772 4580/989/2773 4595/1004/2788 4594/1003/2787
f 4580/989/2773 4581/990/2774 4596/1005/2789 4595/1004/2788
f 4581/990/2774 4582/991/2775 4597/1006/3715 4596/1005/2789
f 4582/991/2775 4583/992/2776 4598/1007/2791 4597/1006/3715
f 4583/992/2776 4584/993/2777 4599/1008/2792 4598/1007/2791
f 4584/993/2777 4585/994/2778 4600/1009/2793 4599/1008/2792
f 4586/996/2780 4587/995/2779 4602/1010/2794 4601/1011/2795
f 4587/995/2779 4588/997/2781 4603/1012/2796 4602/1010/2794
f 4588/997/2781 4589/998/2782 4604/1013/2797 4603/1012/2796
f 4589/998/2782 4590/999/2783 4605/1014/2798 4604/1013/2797
f 4590/999/2783 4591/1000/2784 4606/1015/2799 4605/1014/2798
f 4591/1000/2784 4592/1001/2785 4607/1016/2800 4606/1015/2799
f 4592/1001/2785 4593/1002/2786 4608/1017/2801 4607/1016/2800
f 4593/1002/2786 4594/1003/2787 4609/1018/2802 4608/1017/2801
f 4594/1003/2787 4595/1004/2788 4610/1019/2803 4609/1018/2802
f 4595/1004/2788 4596/1005/2789 4611/1020/2804 4610/1019/2803
f 4596/1005/2789 4597/1006/3715 4612/1021/2805 4611/1020/2804
f 4597/1006/3715 4598/1007/2791 4613/1022/2806 4612/1021/2805
f 4598/1007/2791 4599/1008/2792 4614/1023/2807 4613/1022/2806
f 4599/1008/2792 4600/1009/2793 4615/1024/2808 4614/1023/2807
f 4601/1011/2795 4602/1010/2794 4617/1025/2809 4616/1026/2810
f 4602/1010/2794 4603/1012/2796 4618/1027/2811 4617/1025/2809
f 4603/1012/2796 4604/1013/2797 4619/1028/2812 4618/1027/2811
f 4604/1013/2797 4605/1014/2798 4620/1029/2813 4619/1028/2812
f 4605/1014/2798 4606/1015/2799 4621/1030/2814 4620/1029/2813
f 4606/1015/2799 4607/1016/2800 4622/1031/2815 4621/1030/2814
f 4607/1016/2800 4608/1017/2801 4623/1032/2816 4622/1031/2815
f 4608/1017/2801 4609/1018/2802 4624/1033/2817 4623/1032/2816
f 4609/1018/2802 4610/1019/2803 4625/1034/2818 4624/1033/2817
f 4610/1019/2803 4611/1020/2804 4626/1035/2819 4625/1034/2818
f 4611/1020/2804 4612/1021/2805 4627/1036/2820 4626/1035/2819
f 4612/1021/2805 4613/1022/2806 4628/1037/2821 4627/1036/2820
f 4613/1022/2806 4614/1023/2807 4629/1038/2822 4628/1037/2821
f 4614/1023/2807 4615/1024/2808 4630/1039/2823 4629/1038/2822
f 4616/1026/2810 4617/1025/2809 4632/1040/2824 4631/1041/2825
f 4617/1025/2809 4618/1027/2811 4633/1042/2826 4632/1040/2824
f 4618/1027/2811 4619/1028/2812 4634/1043/2827 4633/1042/2826
f 4619/1028/2812 4620/1029/2813 4635/1044/2828 4634/1043/2827
f 4620/1029/2813 4621/1030/2814 4636/1045/2829 4635/1044/2828
f 4621/1030/2814 4622/1031/2815 4637/1046/2830 4636/1045/2829
f 4622/1031/2815 4623/1032/2816 4638/1047/2831 4637/1046/2830
f 4623/1032/2816 4624/1033/2817 4639/1048/2832 4638/1047/2831
f 4624/1033/2817 4625/1034/2818 4640/1049/2833 4639/1048/2832
f 4625/1034/2818 4626/1035/2819 4641/1050/2834 4640/1049/2833
f 4626/1035/2819 4627/1036/2820 4642/1051/2835 4641/1050/2834
f 4627/1036/2820 4628/1037/2821 4643/1052/2836 4642/1051/2835
f 4628/1037/2821 4629/1038/2822 4644/1053/2837 4643/1052/2836
f 4629/1038/2822 4630/1039/2823 4645/1054/2838 4644/1053/2837
f 4631/1041/2825 4632/1040/2824 4647/1055/2839 4646/1056/2840
f 4632/1040/2824 4633/1042/2826 4648/1057/2841 4647/1055/2839
f 4633/1042/2826 4634/1043/2827 4649/1058/2842 4648/1057/2841
f 4634/1043/2827 4635/1044/2828 4650/1059/2843 4649/1058/2842
f 4635/1044/2828 4636/1045/2829 4651/1060/2844 4650/1059/2843
f 4636/1045/2829 4637/1046/2830 4652/1061/2845 4651/1060/2844
f 4637/1046/2830 4638/1047/2831 4653/1062/2846 4652/1061/2845
f 4638/1047/2831 4639/1048/2832 4654/1063/2847 4653/1062/2846
f 4639/1048/2832 4640/1049/2833 4655/1064/2848 4654/1063/2847
f 4640/1049/2833 4641/1050/2834 4656/1065/2849 4655/1064/2848
f 4641/1050/2834 4642/1051/2835 4657/1066/2850 4656/1065/2849
f 4642/1051/2835 4643/1052/2836 4658/1067/2851 4657/1066/2850
f 4643/1052/2836 4644/1053/2837 4659/1068/2852 4658/1067/2851
f 4644/1053/2837 4645/1054/2838 4660/1069/2853 4659/1068/2852
f 4646/1056/2840 4647/1055/2839 4662/1070/2854 4661/1071/2855
f 4647/1055/2839 4648/1057/2841 4663/1072/2856 4662/1070/2854
f 4648/1057/2841 4649/1058/2842 4664/1073/2857 4663/1072/2856
f 4649/1058/2842 4650/1059/2843 4665/1074/2858 4664/1073/2857
f 4650/1059/2843 4651/1060/2844 4666/1075/2859 4665/1074/2858
f 4651/1060/2844 4652/1061/2845 4667/1076/2860 4666/1075/2859
f 4652/1061/2845 4653/1062/2846 4668/1077/2861 4667/1076/2860
f 4653/1062/2846 4654/1063/2847 4669/1078/2862 4668/1077/2861
f 4654/1063/2847 4655/1064/2848 4670/1079/2863 4669/1078/2862
f 4655/1064/2848 4656/1065/2849 4671/1080/2864 4670/1079/2863
f 4656/1065/2849 4657/1066/2850 4672/1081/2865 4671/1080/2864
f 4657/1066/2850 4658/1067/2851 4673/1082/2866 4672/1081/2865
f 4658/1067/2851 4659/1068/2852 4674/1083/2867 4673/1082/2866
f 4659/1068/2852 4660/1069/2853 4675/1084/2868 4674/1083/2867
f 4661/1071/2855 4662/1070/2854 4677/1085/2869 4676/1086/2870
f 4662/1070/2854 4663/1072/2856 4678/1087/2871 4677/1085/2869
f 4663/1072/2856 4664/1073/2857 4679/1088/2872 4678/1087/2871
f 4664/1073/2857 4665/1074/2858 4680/1089/2873 4679/1088/2872
f 4665/1074/2858 4666/1075/2859 4681/1090/2874 4680/1089/2873
f 4666/1075/2859 4667/1076/2860 4682/1091/2875 4681/1090/2874
f 4667/1076/2860 4668/1077/2861 4683/1092/2876 4682/1091/2875
f 4668/1077/2861 4669/1078/2862 4684/1093/2877 4683/1092/2876
f 4669/1078/2862 4670/1079/2863 4685/1094/2878 4684/1093/2877
f 4670/1079/2863 4671/1080/2864 4686/1095/2879 4685/1094/2878
f 4671/1080/2864 4672/1081/2865 4687/1096/2880 4686/1095/2879
f 4672/1081/2865 4673/1082/2866 4688/1097/2881 4687/1096/2880
f 4673/1082/2866 4674/1083/2867 4689/1098/2882 4688/1097/2881
f 4674/1083/2867 4675/1084/2868 4690/1099/2883 4689/1098/2882
f 4676/1086/2870 4677/1085/2869 4692/1100/2884 4691/1101/2885
f 4677/1085/2869 4678/1087/2871 4693/1102/2886 4692/1100/2884
f 4678/1087/2871 4679/1088/2872 4694/1103/2887 4693/1102/2886
f 4679/1088/2872 4680/1089/2873 4695/1104/2888 4694/1103/2887
f 4680/1089/2873 4681/1090/2874 4696/1105/2889 4695/1104/2888
f 4681/1090/2874 4682/1091/2875 4697/1106/2890 4696/1105/2889
f 4682/1091/2875 4683/1092/2876 4698/1107/2891 4697/1106/2890
f 4683/1092/2876 4684/1093/2877 4699/1108/2892 4698/1107/2891
f 4684/1093/2877 4685/1094/2878 4700/1109/2893 4699/1108/2892
f 4685/1094/2878 4686/1095/2879 4701/1110/2894 4700/1109/2893
f 4686/1095/2879 4687/1096/2880 4702/1111/2895 4701/1110/2894
f 4687/1096/2880 4688/1097/2881 4703/1112/2896 4702/1111/2895
f 4688/1097/2881 4689/1098/2882 4704/1113/2897 4703/1112/2896
f 4689/1098/2882 4690/1099/2883 4705/1114/2898 4704/1113/2897
f 4691/1101/2885 4692/1100/2884 4707/1115/2899 4706/1116/2900
f 4692/1100/2884 4693/1102/2886 4708/1117/2901 4707/1115/2899
f 4693/1102/2886 4694/1103/2887 4709/1118/2902 4708/1117/2901
f 4694/1103/2887 4695/1104/2888 4710/1119/2903 4709/1118/2902
f 4695/1104/2888 4696/1105/2889 4711/1120/2904 4710/1119/2903
f 4696/1105/2889 4697/1106/2890 4712/1121/2905 4711/1120/2904
f 4697/1106/2890 4698/1107/2891 4713/1122/2906 4712/1121/2905
f 4698/1107/2891 4699/1108/2892 4714/1123/2907 4713/1122/2906
f 4699/1108/2892 4700/1109/2893 4715/1124/2908 4714/1123/2907
f 4700/1109/2893 4701/1110/2894 4716/1125/2909 4715/1124/2908
f 4701/1110/2894 4702/1111/2895 4717/1126/2910 4716/1125/2909
f 4702/1111/2895 4703/1112/2896 4718/1127/2911 4717/1126/2910
f 4703/1112/2896 4704/1113/2897 4719/1128/2912 4718/1127/2911
f 4704/1113/2897 4705/1114/2898 4720/1129/2913 4719/1128/2912
f 4706/1116/2900 4707/1115/2899 4722/1130/2914 4721/1131/2915
f 4707/1115/2899 4708/1117/2901 4723/1132/2916 4722/1130/2914
f 4708/1117/2901 4709/1118/2902 4724/1133/2917 4723/1132/2916
f 4709/1118/2902 4710/1119/2903 4725/1134/2918 4724/1133/2917
f 4710/1119/2903 4711/1120/2904 4726/1135/2919 4725/1134/2918
f 4711/1120/2904 4712/1121/2905 4727/1136/2920 4726/1135/2919
f 4712/1121/2905 4713/1122/2906 4728/1137/2921 4727/1136/2920
f 4713/1122/2906 4714/1123/2907 4729/1138/2922 4728/1137/2921
f 4714/1123/2907 4715/1124/2908 4730/1139/2923 4729/1138/2922
f 4715/1124/2908 4716/1125/2909 4731/1140/2924 4730/1139/2923
f 4716/1125/2909 4717/1126/2910 4732/1141/2925 4731/1140/2924
f 4717/1126/2910 4718/1127/2911 4733/1142/2926 4732/1141/2925
f 4718/1127/2911 4719/1128/2912 4734/1143/2927 4733/1142/2926
f 4719/1128/2912 4720/1129/2913 4735/1144/2928 4734/1143/2927
f 4721/1131/2915 4722/1130/2914 4737/1145/2929 4736/1146/2930
f 4722/1130/2914 4723/1132/2916 4738/1147/2931 4737/1145/2929
f 4723/1132/2916 4724/1133/2917 4739/1148/2932 4738/1147/2931
f 4724/1133/2917 4725/1134/2918 4740/1149/2933 4739/1148/2932
f 4725/1134/2918 4726/1135/2919 4741/1150/2934 4740/1149/2933
f 4726/1135/2919 4727/1136/2920 4742/1151/2935 4741/1150/2934
f 4727/1136/2920 4728/1137/2921 4743/1152/2936 4742/1151/2935
f 4728/1137/2921 4729/1138/2922 4744/1153/2937 4743/1152/2936
f 4729/1138/2922 4730/1139/2923 4745/1154/3716 4744/1153/2937
f 4730/1139/2923 4731/1140/2924 4746/1155/2939 4745/1154/3716
f 4731/1140/2924 4732/1141/2925 4747/1156/2940 4746/1155/2939
f 4732/1141/2925 4733/1142/2926 4748/1157/2941 4747/1156/2940
f 4733/1142/2926 4734/1143/2927 4749/1158/2942 4748/1157/2941
f 4734/1143/2927 4735/1144/2928 4750/1159/2943 4749/1158/2942
f 4736/1146/2930 4737/1145/2929 4752/1160/2944 4751/1161/2945
f 4737/1145/2929 4738/1147/2931 4753/1162/2946 4752/1160/2944
f 4738/1147/2931 4739/1148/2932 4754/1163/2947 4753/1162/2946
f 4739/1148/2932 4740/1149/2933 4755/1164/2948 4754/1163/2947
f 4740/1149/2933 4741/1150/2934 4756/1165/2949 4755/1164/2948
f 4741/1150/2934 4742/1151/2935 4757/1166/2950 4756/1165/2949
f 4742/1151/2935 4743/1152/2936 4758/1167/2951 4757/1166/2950
f 4743/1152/2936 4744/1153/2937 4759/1168/2952 4758/1167/2951
f 4744/1153/2937 4745/1154/3716 4760/1169/2953 4759/1168/2952
f 4745/1154/3716 4746/1155/2939 4761/1170/2954 4760/1169/2953
f 4746/1155/2939 4747/1156/2940 4762/1171/2955 4761/1170/2954
f 4747/1156/2940 4748/1157/2941 4763/1172/2956 4762/1171/2955
f 4748/1157/2941 4749/1158/2942 4764/1173/2957 4763/1172/2956
f 4749/1158/2942 4750/1159/2943 4765/1174/2958 4764/1173/2957
f 3910/1175/2720 3956/1176/2718 4541/950/2734 3925/1177/2959
f 3956/1176/2718 3957/1178/2717 4542/951/2735 4541/950/2734
f 3957/1178/2717 3958/1179/2716 4543/954/2738 4542/951/2735
f 3958/1179/2716 3959/1180/2715 4544/956/2740 4543/954/2738
f 3959/1180/2715 3960/1181/2714 4545/958/2742 4544/956/2740
f 3960/1181/2714 3961/1182/2713 4546/960/2744 4545/958/2742
f 3961/1182/2713 3962/1183/2712 4547/962/2746 4546/960/2744
f 3962/1183/2712 3963/1184/3714 4548/964/2748 4547/962/2746
f 3963/1184/3714 3964/1185/2710 4549/966/2750 4548/964/2748
f 3964/1185/2710 3965/1186/2709 4550/968/2752 4549/966/2750
f 3965/1186/2709 3966/1187/2708 4551/970/2754 4550/968/2752
f 3966/1187/2708 3967/1188/2707 4552/972/2756 4551/970/2754
f 3967/1188/2707 3968/1189/3713 4553/974/2758 4552/972/2756
f 3968/1189/3713 3969/1190/2705 4554/976/2760 4553/974/2758
f 3969/1190/2705 3970/1191/2704 4555/978/2762 4554/976/2760
f 3970/1191/2704 3909/1192/2431 4046/1193/2430 4555/978/2762
f 4555/978/2762 4046/1193/2430 4047/1194/2429 4570/979/2763
f 4570/979/2763 4047/1194/2429 4048/1195/2428 4585/994/2778
f 4585/994/2778 4048/1195/2428 4049/1196/2427 4600/1009/2793
f 4600/1009/2793 4049/1196/2427 4050/1197/2426 4615/1024/2808
f 4615/1024/2808 4050/1197/2426 4051/1198/2425 4630/1039/2823
f 4630/1039/2823 4051/1198/2425 4052/1199/2424 4645/1054/2838
f 4645/1054/2838 4052/1199/2424 4053/1200/2423 4660/1069/2853
f 4660/1069/2853 4053/1200/2423 4054/1201/2422 4675/1084/2868
f 4675/1084/2868 4054/1201/2422 4055/1202/2421 4690/1099/2883
f 4690/1099/2883 4055/1202/2421 4056/1203/2420 4705/1114/2898
f 4705/1114/2898 4056/1203/2420 4057/1204/2419 4720/1129/2913
f 4720/1129/2913 4057/1204/2419 4058/1205/2418 4735/1144/2928
f 4735/1144/2928 4058/1205/2418 4059/1206/2417 4750/1159/2943
f 4750/1159/2943 4059/1206/2417 4060/1207/2416 4765/1174/2958
f 4765/1174/2958 4060/1207/2416 3907/1208/2415 3986/1209/2960
f 4764/1173/2957 4765/1174/2958 3986/1209/2960 3987/1210/2961
f 4763/1172/2956 4764/1173/2957 3987/1210/2961 3988/1211/3717
f 4762/1171/2955 4763/1172/2956 3988/1211/3717 3989/1212/2963
f 4761/1170/2954 4762/1171/2955 3989/1212/2963 3990/1213/2964
f 4760/1169/2953 4761/1170/2954 3990/1213/2964 3991/1214/2965
f 4759/1168/2952 4760/1169/2953 3991/1214/2965 3992/1215/2966
f 4758/1167/2951 4759/1168/2952 3992/1215/2966 3993/1216/2967
f 4757/1166/2950 4758/1167/2951 3993/1216/2967 3994/1217/2968
f 4756/1165/2949 4757/1166/2950 3994/1217/2968 3995/1218/2969
f 4755/1164/2948 4756/1165/2949 3995/1218/2969 3996/1219/2970
f 4754/1163/2947 4755/1164/2948 3996/1219/2970 3997/1220/2971
f 4753/1162/2946 4754/1163/2947 3997/1220/2971 3998/1221/2972
f 4752/1160/2944 4753/1162/2946 3998/1221/2972 3999/1222/2973
f 4751/1161/2945 4752/1160/2944 3999/1222/2973 4000/1223/2974
f 3911/1224/2975 4751/1161/2945 4000/1223/2974 3908/1225/2976
f 3912/1226/2977 4736/1146/2930 4751/1161/2945 3911/1224/2975
f 3913/1227/2978 4721/1131/2915 4736/1146/2930 3912/1226/2977
f 3914/1228/2979 4706/1116/2900 4721/1131/2915 3913/1227/2978
f 3915/1229/2980 4691/1101/2885 4706/1116/2900 3914/1228/2979
f 3916/1230/2981 4676/1086/2870 4691/1101/2885 3915/1229/2980
f 3917/1231/2982 4661/1071/2855 4676/1086/2870 3916/1230/2981
f 3918/1232/2983 4646/1056/2840 4661/1071/2855 3917/1231/2982
f 3919/1233/2984 4631/1041/2825 4646/1056/2840 3918/1232/2983
f 3920/1234/2985 4616/1026/2810 4631/1041/2825 3919/1233/2984
f 3921/1235/2986 4601/1011/2795 4616/1026/2810 3920/1234/2985
f 3922/1236/2987 4586/996/2780 4601/1011/2795 3921/1235/2986
f 3923/1237/2988 4571/981/2765 4586/996/2780 3922/1236/2987
f 3924/1238/2989 4556/953/2737 4571/981/2765 3923/1237/2988
f 3925/1177/2959 4541/950/2734 4556/953/2737 3924/1238/2989
f 4766/1239/2990 4767/1240/2991 4782/1241/2992 4781/1242/2993
f 4767/1240/2991 4768/1243/2994 4783/1244/2995 4782/1241/2992
f 4768/1243/2994 4769/1245/2996 4784/1246/2997 4783/1244/2995
f 4769/1245/2996 4770/1247/2998 4785/1248/2999 4784/1246/2997
f 4770/1247/2998 4771/1249/3000 4786/1250/3001 4785/1248/2999
f 4771/1249/3000 4772/1251/3002 4787/1252/3003 4786/1250/3001
f 4772/1251/3002 4773/1253/3004 4788/1254/3005 4787/1252/3003
f 4773/1253/3004 4774/1255/3006 4789/1256/3007 4788/1254/3005
f 4774/1255/3006 4775/1257/3008 4790/1258/3009 4789/1256/3007
f 4775/1257/3008 4776/1259/3010 4791/1260/3011 4790/1258/3009
f 4776/1259/3010 4777/1261/3012 4792/1262/3013 4791/1260/3011
f 4777/1261/3012 4778/1263/3014 4793/1264/3015 4792/1262/3013
f 4778/1263/3014 4779/1265/3016 4794/1266/3017 4793/1264/3015
f 4779/1265/3016 4780/1267/3018 4795/1268/3019 4794/1266/3017
f 4781/1242/2993 4782/1241/2992 4797/1269/3020 4796/1270/3021
f 4782/1241/2992 4783/1244/2995 4798/1271/3022 4797/1269/3020
f 4783/1244/2995 4784/1246/2997 4799/1272/3023 4798/1271/3022
f 4784/1246/2997 4785/1248/2999 4800/1273/3024 4799/1272/3023
f 4785/1248/2999 4786/1250/3001 4801/1274/3025 4800/1273/3024
f 4786/1250/3001 4787/1252/3003 4802/1275/3026 4801/1274/3025
f 4787/1252/3003 4788/1254/3005 4803/1276/3027 4802/1275/3026
f 4788/1254/3005 4789/1256/3007 4804/1277/3028 4803/1276/3027
f 4789/1256/3007 4790/1258/3009 4805/1278/3029 4804/1277/3028
f 4790/1258/3009 4791/1260/3011 4806/1279/3030 4805/1278/3029
f 4791/1260/3011 4792/1262/3013 4807/1280/3031 4806/1279/3030
f 4792/1262/3013 4793/1264/3015 4808/1281/3032 4807/1280/3031
f 4793/1264/3015 4794/1266/3017 4809/1282/3033 4808/1281/3032
f 4794/1266/3017 4795/1268/3019 4810/1283/3034 4809/1282/3033
f 4796/1270/3021 4797/1269/3020 4812/1284/3035 4811/1285/3036
f 4797/1269/3020 4798/1271/3022 4813/1286/3037 4812/1284/3035
f 4798/1271/3022 4799/1272/3023 4814/1287/3038 4813/1286/3037
f 4799/1272/3023 4800/1273/3024 4815/1288/3039 4814/1287/3038
f 4800/1273/3024 4801/1274/3025 4816/1289/3040 4815/1288/3039
f 4801/1274/3025 4802/1275/3026 4817/1290/3041 4816/1289/3040
f 4802/1275/3026 4803/1276/3027 4818/1291/3042 4817/1290/3041
f 4803/1276/3027 4804/1277/3028 4819/1292/3043 4818/1291/3042
f 4804/1277/3028 4805/1278/3029 4820/1293/3044 4819/1292/3043
f 4805/1278/3029 4806/1279/3030 4821/1294/3045 4820/1293/3044
f 4806/1279/3030 4807/1280/3031 4822/1295/3046 4821/1294/3045
f 4807/1280/3031 4808/1281/3032 4823/1296/3047 4822/1295/3046
f 4808/1281/3032 4809/1282/3033 4824/1297/3048 4823/1296/3047
f 4809/1282/3033 4810/1283/3034 4825/1298/3049 4824/1297/3048
f 4811/1285/3036 4812/1284/3035 4827/1299/3050 4826/1300/3051
f 4812/1284/3035 4813/1286/3037 4828/1301/3052 4827/1299/3050
f 4813/1286/3037 4814/1287/3038 4829/1302/3053 4828/1301/3052
f 4814/1287/3038 4815/1288/3039 4830/1303/3054 4829/1302/3053
f 4815/1288/3039 4816/1289/3040 4831/1304/3055 4830/1303/3054
f 4816/1289/3040 4817/1290/3041 4832/1305/3056 4831/1304/3055
f 4817/1290/3041 4818/1291/3042 4833/1306/3057 4832/1305/3056
f 4818/1291/3042 4819/1292/3043 4834/1307/3058 4833/1306/3057
f 4819/1292/3043 4820/1293/3044 4835/1308/3059 4834/1307/3058
f 4820/1293/3044 4821/1294/3045 4836/1309/3060 4835/1308/3059
f 4821/1294/3045 4822/1295/3046 4837/1310/3061 4836/1309/3060
f 4822/1295/3046 4823/1296/3047 4838/1311/3062 4837/1310/3061
f 4823/1296/3047 4824/1297/3048 4839/1312/3063 4838/1311/3062
f 4824/1297/3048 4825/1298/3049 4840/1313/3064 4839/1312/3063
f 4826/1300/3051 4827/1299/3050 4842/1314/3065 4841/1315/3066
f 4827/1299/3050 4828/1301/3052 4843/1316/3067 4842/1314/3065
f 4828/1301/3052 4829/1302/3053 4844/1317/3068 4843/1316/3067
f 4829/1302/3053 4830/1303/3054 4845/1318/3069 4844/1317/3068
f 4830/1303/3054 4831/1304/3055 4846/1319/3070 4845/1318/3069
f 4831/1304/3055 4832/1305/3056 4847/1320/3071 4846/1319/3070
f 4832/1305/3056 4833/1306/3057 4848/1321/3072 4847/1320/3071
f 4833/1306/3057 4834/1307/3058 4849/1322/3073 4848/1321/3072
f 4834/1307/3058 4835/1308/3059 4850/1323/3074 4849/1322/3073
f 4835/1308/3059 4836/1309/3060 4851/1324/3075 4850/1323/3074
f 4836/1309/3060 4837/1310/3061 4852/1325/3076 4851/1324/3075
f 4837/1310/3061 4838/1311/3062 4853/1326/3077 4852/1325/3076
f 4838/1311/3062 4839/1312/3063 4854/1327/3078 4853/1326/3077
f 4839/1312/3063 4840/1313/3064 4855/1328/3079 4854/1327/3078
f 4841/1315/3066 4842/1314/3065 4857/1329/3080 4856/1330/3081
f 4842/1314/3065 4843/1316/3067 4858/1331/3082 4857/1329/3080
f 4843/1316/3067 4844/1317/3068 4859/1332/3083 4858/1331/3082
f 4844/1317/3068 4845/1318/3069 4860/1333/3084 4859/1332/3083
f 4845/1318/3069 4846/1319/3070 4861/1334/3085 4860/1333/3084
f 4846/1319/3070 4847/1320/3071 4862/1335/3086 4861/1334/3085
f 4847/1320/3071 4848/1321/3072 4863/1336/3087 4862/1335/3086
f 4848/1321/3072 4849/1322/3073 4864/1337/3088 4863/1336/3087
f 4849/1322/3073 4850/1323/3074 4865/1338/3089 4864/1337/3088
f 4850/1323/3074 4851/1324/3075 4866/1339/3090 4865/1338/3089
f 4851/1324/3075 4852/1325/3076 4867/1340/3091 4866/1339/3090
f 4852/1325/3076 4853/1326/3077 4868/1341/3092 4867/1340/3091
f 4853/1326/3077 4854/1327/3078 4869/1342/3093 4868/1341/3092
f 4854/1327/3078 4855/1328/3079 4870/1343/3094 4869/1342/3093
f 4856/1330/3081 4857/1329/3080 4872/1344/3095 4871/1345/3096
f 4857/1329/3080 4858/1331/3082 4873/1346/3097 4872/1344/3095
f 4858/1331/3082 4859/1332/3083 4874/1347/3098 4873/1346/3097
f 4859/1332/3083 4860/1333/3084 4875/1348/3099 4874/1347/3098
f 4860/1333/3084 4861/1334/3085 4876/1349/3100 4875/1348/3099
f 4861/1334/3085 4862/1335/3086 4877/1350/3101 4876/1349/3100
f 4862/1335/3086 4863/1336/3087 4878/1351/3102 4877/1350/3101
f 4863/1336/3087 4864/1337/3088 4879/1352/3103 4878/1351/3102
f 4864/1337/3088 4865/1338/3089 4880/1353/3104 4879/1352/3103
f 4865/1338/3089 4866/1339/3090 4881/1354/3105 4880/1353/3104
f 4866/1339/3090 4867/1340/3091 4882/1355/3106 4881/1354/3105
f 4867/1340/3091 4868/1341/3092 4883/1356/3107 4882/1355/3106
f 4868/1341/3092 4869/1342/3093 4884/1357/3108 4883/1356/3107
f 4869/1342/3093 4870/1343/3094 4885/1358/3109 4884/1357/3108
f 4871/1345/3096 4872/1344/3095 4887/1359/3110 4886/1360/3111
f 4872/1344/3095 4873/1346/3097 4888/1361/3112 4887/1359/3110
f 4873/1346/3097 4874/1347/3098 4889/1362/3113 4888/1361/3112
f 4874/1347/3098 4875/1348/3099 4890/1363/3114 4889/1362/3113
f 4875/1348/3099 4876/1349/3100 4891/1364/3115 4890/1363/3114
f 4876/1349/3100 4877/1350/3101 4892/1365/3116 4891/1364/3115
f 4877/1350/3101 4878/1351/3102 4893/1366/3117 4892/1365/3116
f 4878/1351/3102 4879/1352/3103 4894/1367/3118 4893/1366/3117
f 4879/1352/3103 4880/1353/3104 4895/1368/3119 4894/1367/3118
f 4880/1353/3104 4881/1354/3105 4896/1369/3120 4895/1368/3119
f 4881/1354/3105 4882/1355/3106 4897/1370/3121 4896/1369/3120
f 4882/1355/3106 4883/1356/3107 4898/1371/3122 4897/1370/3121
f 4883/1356/3107 4884/1357/3108 4899/1372/3123 4898/1371/3122
f 4884/1357/3108 4885/1358/3109 4900/1373/3124 4899/1372/3123
f 4886/1360/3111 4887/1359/3110 4902/1374/3125 4901/1375/3126
f 4887/1359/3110 4888/1361/3112 4903/1376/3127 4902/1374/3125
f 4888/1361/3112 4889/1362/3113 4904/1377/3128 4903/1376/3127
f 4889/1362/3113 4890/1363/3114 4905/1378/3129 4904/1377/3128
f 4890/1363/3114 4891/1364/3115 4906/1379/3130 4905/1378/3129
f 4891/1364/3115 4892/1365/3116 4907/1380/3131 4906/1379/3130
f 4892/1365/3116 4893/1366/3117 4908/1381/3132 4907/1380/3131
f 4893/1366/3117 4894/1367/3118 4909/1382/3133 4908/1381/3132
f 4894/1367/3118 4895/1368/3119 4910/1383/3134 4909/1382/3133
f 4895/1368/3119 4896/1369/3120 4911/1384/3135 4910/1383/3134
f 4896/1369/3120 4897/1370/3121 4912/1385/3136 4911/1384/3135
f 4897/1370/3121 4898/1371/3122 4913/1386/3137 4912/1385/3136
f 4898/1371/3122 4899/1372/3123 4914/1387/3138 4913/1386/3137
f 4899/1372/3123 4900/1373/3124 4915/1388/3139 4914/1387/3138
f 4901/1375/3126 4902/1374/3125 4917/1389/3140 4916/1390/3141
f 4902/1374/3125 4903/1376/3127 4918/1391/3142 4917/1389/3140
f 4903/1376/3127 4904/1377/3128 4919/1392/3143 4918/1391/3142
f 4904/1377/3128 4905/1378/3129 4920/1393/3144 4919/1392/3143
f 4905/1378/3129 4906/1379/3130 4921/1394/3145 4920/1393/3144
f 4906/1379/3130 4907/1380/3131 4922/1395/3146 4921/1394/3145
f 4907/1380/3131 4908/1381/3132 4923/1396/3147 4922/1395/3146
f 4908/1381/3132 4909/1382/3133 4924/1397/3148 4923/1396/3147
f 4909/1382/3133 4910/1383/3134 4925/1398/3149 4924/1397/3148
f 4910/1383/3134 4911/1384/3135 4926/1399/3150 4925/1398/3149
f 4911/1384/3135 4912/1385/3136 4927/1400/3151 4926/1399/3150
f 4912/1385/3136 4913/1386/3137 4928/1401/3152 4927/1400/3151
f 4913/1386/3137 4914/1387/3138 4929/1402/3153 4928/1401/3152
f 4914/1387/3138 4915/1388/3139 4930/1403/3154 4929/1402/3153
f 4916/1390/3141 4917/1389/3140 4932/1404/3155 4931/1405/3156
f 4917/1389/3140 4918/1391/3142 4933/1406/3157 4932/1404/3155
f 4918/1391/3142 4919/1392/3143 4934/1407/3158 4933/1406/3157
f 4919/1392/3143 4920/1393/3144 4935/1408/3159 4934/1407/3158
f 4920/1393/3144 4921/1394/3145 4936/1409/3160 4935/1408/3159
f 4921/1394/3145 4922/1395/3146 4937/1410/3161 4936/1409/3160
f 4922/1395/3146 4923/1396/3147 4938/1411/3162 4937/1410/3161
f 4923/1396/3147 4924/1397/3148 4939/1412/3163 4938/1411/3162
f 4924/1397/3148 4925/1398/3149 4940/1413/3164 4939/1412/3163
f 4925/1398/3149 4926/1399/3150 4941/1414/3165 4940/1413/3164
f 4926/1399/3150 4927/1400/3151 4942/1415/3166 4941/1414/3165
f 4927/1400/3151 4928/1401/3152 4943/1416/3167 4942/1415/3166
f 4928/1401/3152 4929/1402/3153 4944/1417/3168 4943/1416/3167
f 4929/1402/3153 4930/1403/3154 4945/1418/3169 4944/1417/3168
f 4931/1405/3156 4932/1404/3155 4947/1419/3170 4946/1420/3171
f 4932/1404/3155 4933/1406/3157 4948/1421/3172 4947/1419/3170
f 4933/1406/3157 4934/1407/3158 4949/1422/3173 4948/1421/3172
f 4934/1407/3158 4935/1408/3159 4950/1423/3174 4949/1422/3173
f 4935/1408/3159 4936/1409/3160 4951/1424/3175 4950/1423/3174
f 4936/1409/3160 4937/1410/3161 4952/1425/3176 4951/1424/3175
f 4937/1410/3161 4938/1411/3162 4953/1426/3177 4952/1425/3176
f 4938/1411/3162 4939/1412/3163 4954/1427/3178 4953/1426/3177
f 4939/1412/3163 4940/1413/3164 4955/1428/3179 4954/1427/3178
f 4940/1413/3164 4941/1414/3165 4956/1429/3180 4955/1428/3179
f 4941/1414/3165 4942/1415/3166 4957/1430/3181 4956/1429/3180
f 4942/1415/3166 4943/1416/3167 4958/1431/3182 4957/1430/3181
f 4943/1416/3167 4944/1417/3168 4959/1432/3183 4958/1431/3182
f 4944/1417/3168 4945/1418/3169 4960/1433/3184 4959/1432/3183
f 4946/1420/3171 4947/1419/3170 4962/1434/3185 4961/1435/3186
f 4947/1419/3170 4948/1421/3172 4963/1436/3187 4962/1434/3185
f 4948/1421/3172 4949/1422/3173 4964/1437/3188 4963/1436/3187
f 4949/1422/3173 4950/1423/3174 4965/1438/3189 4964/1437/3188
f 4950/1423/3174 4951/1424/3175 4966/1439/3190 4965/1438/3189
f 4951/1424/3175 4952/1425/3176 4967/1440/3191 4966/1439/3190
f 4952/1425/3176 4953/1426/3177 4968/1441/3192 4967/1440/3191
f 4953/1426/3177 4954/1427/3178 4969/1442/3193 4968/1441/3192
f 4954/1427/3178 4955/1428/3179 4970/1443/3194 4969/1442/3193
f 4955/1428/3179 4956/1429/3180 4971/1444/3195 4970/1443/3194
f 4956/1429/3180 4957/1430/3181 4972/1445/3196 4971/1444/3195
f 4957/1430/3181 4958/1431/3182 4973/1446/3197 4972/1445/3196
f 4958/1431/3182 4959/1432/3183 4974/1447/3198 4973/1446/3197
f 4959/1432/3183 4960/1433/3184 4975/1448/3199 4974/1447/3198
f 4961/1435/3186 4962/1434/3185 4977/1449/3200 4976/1450/3201
f 4962/1434/3185 4963/1436/3187 4978/1451/3202 4977/1449/3200
f 4963/1436/3187 4964/1437/3188 4979/1452/3203 4978/1451/3202
f 4964/1437/3188 4965/1438/3189 4980/1453/3204 4979/1452/3203
f 4965/1438/3189 4966/1439/3190 4981/1454/3205 4980/1453/3204
f 4966/1439/3190 4967/1440/3191 4982/1455/3206 4981/1454/3205
f 4967/1440/3191 4968/1441/3192 4983/1456/3207 4982/1455/3206
f 4968/1441/3192 4969/1442/3193 4984/1457/3208 4983/1456/3207
f 4969/1442/3193 4970/1443/3194 4985/1458/3209 4984/1457/3208
f 4970/1443/3194 4971/1444/3195 4986/1459/3210 4985/1458/3209
f 4971/1444/3195 4972/1445/3196 4987/1460/3211 4986/1459/3210
f 4972/1445/3196 4973/1446/3197 4988/1461/3212 4987/1460/3211
f 4973/1446/3197 4974/1447/3198 4989/1462/3213 4988/1461/3212
f 4974/1447/3198 4975/1448/3199 4990/1463/3214 4989/1462/3213
f 3908/1464/2976 3940/1465/3718 4766/1239/2990 3911/1466/2975
f 3940/1465/3718 3939/1467/3216 4767/1240/2991 4766/1239/2990
f 3939/1467/3216 3938/1468/3217 4768/1243/2994 4767/1240/2991
f 3938/1468/3217 3937/1469/3218 4769/1245/2996 4768/1243/2994
f 3937/1469/3218 3936/1470/3219 4770/1247/2998 4769/1245/2996
f 3936/1470/3219 3935/1471/3220 4771/1249/3000 4770/1247/2998
f 3935/1471/3220 3934/1472/3221 4772/1251/3002 4771/1249/3000
f 3934/1472/3221 3933/1473/3222 4773/1253/3004 4772/1251/3002
f 3933/1473/3222 3932/1474/3223 4774/1255/3006 4773/1253/3004
f 3932/1474/3223 3931/1475/3224 4775/1257/3008 4774/1255/3006
f 3931/1475/3224 3930/1476/3225 4776/1259/3010 4775/1257/3008
f 3930/1476/3225 3929/1477/3226 4777/1261/3012 4776/1259/3010
f 3929/1477/3226 3928/1478/3227 4778/1263/3014 4777/1261/3012
f 3928/1478/3227 3927/1479/3228 4779/1265/3016 4778/1263/3014
f 3927/1479/3228 3926/1480/3229 4780/1267/3018 4779/1265/3016
f 3926/1480/3229 3904/1481/3230 4090/1482/3231 4780/1267/3018
f 4780/1267/3018 4090/1482/3231 4089/1483/3232 4795/1268/3019
f 4795/1268/3019 4089/1483/3232 4088/1484/3233 4810/1283/3034
f 4810/1283/3034 4088/1484/3233 4087/1485/3234 4825/1298/3049
f 4825/1298/3049 4087/1485/3234 4086/1486/3235 4840/1313/3064
f 4840/1313/3064 4086/1486/3235 4085/1487/3236 4855/1328/3079
f 4855/1328/3079 4085/1487/3236 4084/1488/3237 4870/1343/3094
f 4870/1343/3094 4084/1488/3237 4083/1489/3238 4885/1358/3109
f 4885/1358/3109 4083/1489/3238 4082/1490/3239 4900/1373/3124
f 4900/1373/3124 4082/1490/3239 4081/1491/3240 4915/1388/3139
f 4915/1388/3139 4081/1491/3240 4080/1492/3241 4930/1403/3154
f 4930/1403/3154 4080/1492/3241 4079/1493/3242 4945/1418/3169
f 4945/1418/3169 4079/1493/3242 4078/1494/3243 4960/1433/3184
f 4960/1433/3184 4078/1494/3243 4077/1495/3244 4975/1448/3199
f 4975/1448/3199 4077/1495/3244 4076/1496/3245 4990/1463/3214
f 4990/1463/3214 4076/1496/3245 3906/887/2687 4045/1497/2689
f 4989/1462/3213 4990/1463/3214 4045/1497/2689 4044/1498/2733
f 4988/1461/3212 4989/1462/3213 4044/1498/2733 4043/1499/2732
f 4987/1460/3211 4988/1461/3212 4043/1499/2732 4042/1500/2731
f 4986/1459/3210 4987/1460/3211 4042/1500/2731 4041/1501/2730
f 4985/1458/3209 4986/1459/3210 4041/1501/2730 4040/1502/2729
f 4984/1457/3208 4985/1458/3209 4040/1502/2729 4039/1503/2728
f 4983/1456/3207 4984/1457/3208 4039/1503/2728 4038/1504/2727
f 4982/1455/3206 4983/1456/3207 4038/1504/2727 4037/1505/2726
f 4981/1454/3205 4982/1455/3206 4037/1505/2726 4036/1506/2725
f 4980/1453/3204 4981/1454/3205 4036/1506/2725 4035/1507/2724
f 4979/1452/3203 4980/1453/3204 4035/1507/2724 4034/1508/2723
f 4978/1451/3202 4979/1452/3203 4034/1508/2723 4033/1509/2722
f 4977/1449/3200 4978/1451/3202 4033/1509/2722 4032/1510/2721
f 4976/1450/3201 4977/1449/3200 4032/1510/2721 4031/1511/2719
f 3925/1512/2959 4976/1450/3201 4031/1511/2719 3910/1513/2720
f 3924/1514/2989 4961/1435/3186 4976/1450/3201 3925/1512/2959
f 3923/1515/2988 4946/1420/3171 4961/1435/3186 3924/1514/2989
f 3922/1516/2987 4931/1405/3156 4946/1420/3171 3923/1515/2988
f 3921/1517/2986 4916/1390/3141 4931/1405/3156 3922/1516/2987
f 3920/1518/2985 4901/1375/3126 4916/1390/3141 3921/1517/2986
f 3919/1519/2984 4886/1360/3111 4901/1375/3126 3920/1518/2985
f 3918/1520/2983 4871/1345/3096 4886/1360/3111 3919/1519/2984
f 3917/1521/2982 4856/1330/3081 4871/1345/3096 3918/1520/2983
f 3916/1522/2981 4841/1315/3066 4856/1330/3081 3917/1521/2982
f 3915/1523/2980 4826/1300/3051 4841/1315/3066 3916/1522/2981
f 3914/1524/2979 4811/1285/3036 4826/1300/3051 3915/1523/2980
f 3913/1525/2978 4796/1270/3021 4811/1285/3036 3914/1524/2979
f 3912/1526/2977 4781/1242/2993 4796/1270/3021 3913/1525/2978
f 3911/1466/2975 4766/1239/2990 4781/1242/2993 3912/1526/2977
f 4991/1527/3246 4992/1528/3247 5007/1529/3248 5006/1530/3249
f 4992/1528/3247 4993/1531/3250 5008/1532/3251 5007/1529/3248
f 4993/1531/3250 4994/1533/3252 5009/1534/3253 5008/1532/3251
f 4994/1533/3252 4995/1535/3254 5010/1536/3255 5009/1534/3253
f 4995/1535/3254 4996/1537/3256 5011/1538/3257 5010/1536/3255
f 4996/1537/3256 4997/1539/3258 5012/1540/3259 5011/1538/3257
f 4997/1539/3258 4998/1541/3719 5013/1542/3261 5012/1540/3259
f 4998/1541/3719 4999/1543/3262 5014/1544/3263 5013/1542/3261
f 4999/1543/3262 5000/1545/3264 5015/1546/3265 5014/1544/3263
f 5000/1545/3264 5001/1547/3266 5016/1548/3267 5015/1546/3265
f 5001/1547/3266 5002/1549/3268 5017/1550/3269 5016/1548/3267
f 5002/1549/3268 5003/1551/3270 5018/1552/3271 5017/1550/3269
f 5003/1551/3270 5004/1553/3272 5019/1554/3273 5018/1552/3271
f 5004/1553/3272 5005/1555/3274 5020/1556/3275 5019/1554/3273
f 5006/1530/3249 5007/1529/3248 5022/1557/3276 5021/1558/3277
f 5007/1529/3248 5008/1532/3251 5023/1559/3278 5022/1557/3276
f 5008/1532/3251 5009/1534/3253 5024/1560/3279 5023/1559/3278
f 5009/1534/3253 5010/1536/3255 5025/1561/3280 5024/1560/3279
f 5010/1536/3255 5011/1538/3257 5026/1562/3281 5025/1561/3280
f 5011/1538/3257 5012/1540/3259 5027/1563/3282 5026/1562/3281
f 5012/1540/3259 5013/1542/3261 5028/1564/3283 5027/1563/3282
f 5013/1542/3261 5014/1544/3263 5029/1565/3284 5028/1564/3283
f 5014/1544/3263 5015/1546/3265 5030/1566/3285 5029/1565/3284
f 5015/1546/3265 5016/1548/3267 5031/1567/3286 5030/1566/3285
f 5016/1548/3267 5017/1550/3269 5032/1568/3287 5031/1567/3286
f 5017/1550/3269 5018/1552/3271 5033/1569/3288 5032/1568/3287
f 5018/1552/3271 5019/1554/3273 5034/1570/3289 5033/1569/3288
f 5019/1554/3273 5020/1556/3275 5035/1571/3290 5034/1570/3289
f 5021/1558/3277 5022/1557/3276 5037/1572/3291 5036/1573/3292
f 5022/1557/3276 5023/1559/3278 5038/1574/3293 5037/1572/3291
f 5023/1559/3278 5024/1560/3279 5039/1575/3294 5038/1574/3293
f 5024/1560/3279 5025/1561/3280 5040/1576/3295 5039/1575/3294
f 5025/1561/3280 5026/1562/3281 5041/1577/3296 5040/1576/3295
f 5026/1562/3281 5027/1563/3282 5042/1578/3297 5041/1577/3296
f 5027/1563/3282 5028/1564/3283 5043/1579/3298 5042/1578/3297
f 5028/1564/3283 5029/1565/3284 5044/1580/3299 5043/1579/3298
f 5029/1565/3284 5030/1566/3285 5045/1581/3300 5044/1580/3299
f 5030/1566/3285 5031/1567/3286 5046/1582/3301 5045/1581/3300
f 5031/1567/3286 5032/1568/3287 5047/1583/3302 5046/1582/3301
f 5032/1568/3287 5033/1569/3288 5048/1584/3303 5047/1583/3302
f 5033/1569/3288 5034/1570/3289 5049/1585/3304 5048/1584/3303
f 5034/1570/3289 5035/1571/3290 5050/1586/3305 5049/1585/3304
f 5036/1573/3292 5037/1572/3291 5052/1587/3306 5051/1588/3307
f 5037/1572/3291 5038/1574/3293 5053/1589/3308 5052/1587/3306
f 5038/1574/3293 5039/1575/3294 5054/1590/3309 5053/1589/3308
f 5039/1575/3294 5040/1576/3295 5055/1591/3310 5054/1590/3309
f 5040/1576/3295 5041/1577/3296 5056/1592/3311 5055/1591/3310
f 5041/1577/3296 5042/1578/3297 5057/1593/3312 5056/1592/3311
f 5042/1578/3297 5043/1579/3298 5058/1594/3313 5057/1593/3312
f 5043/1579/3298 5044/1580/3299 5059/1595/3314 5058/1594/3313
f 5044/1580/3299 5045/1581/3300 5060/1596/3315 5059/1595/3314
f 5045/1581/3300 5046/1582/3301 5061/1597/3316 5060/1596/3315
f 5046/1582/3301 5047/1583/3302 5062/1598/3317 5061/1597/3316
f 5047/1583/3302 5048/1584/3303 5063/1599/3318 5062/1598/3317
f 5048/1584/3303 5049/1585/3304 5064/1600/3319 5063/1599/3318
f 5049/1585/3304 5050/1586/3305 5065/1601/3320 5064/1600/3319
f 5051/1588/3307 5052/1587/3306 5067/1602/3321 5066/1603/3322
f 5052/1587/3306 5053/1589/3308 5068/1604/3323 5067/1602/3321
f 5053/1589/3308 5054/1590/3309 5069/1605/3324 5068/1604/3323
f 5054/1590/3309 5055/1591/3310 5070/1606/3325 5069/1605/3324
f 5055/1591/3310 5056/1592/3311 5071/1607/3326 5070/1606/3325
f 5056/1592/3311 5057/1593/3312 5072/1608/3327 5071/1607/3326
f 5057/1593/3312 5058/1594/3313 5073/1609/3328 5072/1608/3327
f 5058/1594/3313 5059/1595/3314 5074/1610/3329 5073/1609/3328
f 5059/1595/3314 5060/1596/3315 5075/1611/3330 5074/1610/3329
f 5060/1596/3315 5061/1597/3316 5076/1612/3331 5075/1611/3330
f 5061/1597/3316 5062/1598/3317 5077/1613/3332 5076/1612/3331
f 5062/1598/3317 5063/1599/3318 5078/1614/3333 5077/1613/3332
f 5063/1599/3318 5064/1600/3319 5079/1615/3334 5078/1614/3333
f 5064/1600/3319 5065/1601/3320 5080/1616/3720 5079/1615/3334
f 5066/1603/3322 5067/1602/3321 5082/1617/3336 5081/1618/3337
f 5067/1602/3321 5068/1604/3323 5083/1619/3338 5082/1617/3336
f 5068/1604/3323 5069/1605/3324 5084/1620/3339 5083/1619/3338
f 5069/1605/3324 5070/1606/3325 5085/1621/3340 5084/1620/3339
f 5070/1606/3325 5071/1607/3326 5086/1622/3341 5085/1621/3340
f 5071/1607/3326 5072/1608/3327 5087/1623/3342 5086/1622/3341
f 5072/1608/3327 5073/1609/3328 5088/1624/3343 5087/1623/3342
f 5073/1609/3328 5074/1610/3329 5089/1625/3344 5088/1624/3343
f 5074/1610/3329 5075/1611/3330 5090/1626/3345 5089/1625/3344
f 5075/1611/3330 5076/1612/3331 5091/1627/3346 5090/1626/3345
f 5076/1612/3331 5077/1613/3332 5092/1628/3347 5091/1627/3346
f 5077/1613/3332 5078/1614/3333 5093/1629/3348 5092/1628/3347
f 5078/1614/3333 5079/1615/3334 5094/1630/3349 5093/1629/3348
f 5079/1615/3334 5080/1616/3720 5095/1631/3350 5094/1630/3349
f 5081/1618/3337 5082/1617/3336 5097/1632/3351 5096/1633/3352
f 5082/1617/3336 5083/1619/3338 5098/1634/3353 5097/1632/3351
f 5083/1619/3338 5084/1620/3339 5099/1635/3354 5098/1634/3353
f 5084/1620/3339 5085/1621/3340 5100/1636/3355 5099/1635/3354
f 5085/1621/3340 5086/1622/3341 5101/1637/3356 5100/1636/3355
f 5086/1622/3341 5087/1623/3342 5102/1638/3357 5101/1637/3356
f 5087/1623/3342 5088/1624/3343 5103/1639/3358 5102/1638/3357
f 5088/1624/3343 5089/1625/3344 5104/1640/3359 5103/1639/3358
f 5089/1625/3344 5090/1626/3345 5105/1641/3360 5104/1640/3359
f 5090/1626/3345 5091/1627/3346 5106/1642/3361 5105/1641/3360
f 5091/1627/3346 5092/1628/3347 5107/1643/3362 5106/1642/3361
f 5092/1628/3347 5093/1629/3348 5108/1644/3363 5107/1643/3362
f 5093/1629/3348 5094/1630/3349 5109/1645/3364 5108/1644/3363
f 5094/1630/3349 5095/1631/3350 5110/1646/3365 5109/1645/3364
f 5096/1633/3352 5097/1632/3351 5112/1647/3366 5111/1648/3367
f 5097/1632/3351 5098/1634/3353 5113/1649/3368 5112/1647/3366
f 5098/1634/3353 5099/1635/3354 5114/1650/3369 5113/1649/3368
f 5099/1635/3354 5100/1636/3355 5115/1651/3370 5114/1650/3369
f 5100/1636/3355 5101/1637/3356 5116/1652/3371 5115/1651/3370
f 5101/1637/3356 5102/1638/3357 5117/1653/3372 5116/1652/3371
f 5102/1638/3357 5103/1639/3358 5118/1654/3373 5117/1653/3372
f 5103/1639/3358 5104/1640/3359 5119/1655/3374 5118/1654/3373
f 5104/1640/3359 5105/1641/3360 5120/1656/3375 5119/1655/3374
f 5105/1641/3360 5106/1642/3361 5121/1657/3376 5120/1656/3375
f 5106/1642/3361 5107/1643/3362 5122/1658/3377 5121/1657/3376
f 5107/1643/3362 5108/1644/3363 5123/1659/3378 5122/1658/3377
f 5108/1644/3363 5109/1645/3364 5124/1660/3379 5123/1659/3378
f 5109/1645/3364 5110/1646/3365 5125/1661/3380 5124/1660/3379
f 5111/1648/3367 5112/1647/3366 5127/1662/3381 5126/1663/3382
f 5112/1647/3366 5113/1649/3368 5128/1664/3383 5127/1662/3381
f 5113/1649/3368 5114/1650/3369 5129/1665/3384 5128/1664/3383
f 5114/1650/3369 5115/1651/3370 5130/1666/3385 5129/1665/3384
f 5115/1651/3370 5116/1652/3371 5131/1667/3386 5130/1666/3385
f 5116/1652/3371 5117/1653/3372 5132/1668/3387 5131/1667/3386
f 5117/1653/3372 5118/1654/3373 5133/1669/3388 5132/1668/3387
f 5118/1654/3373 5119/1655/3374 5134/1670/3389 5133/1669/3388
f 5119/1655/3374 5120/1656/3375 5135/1671/3390 5134/1670/3389
f 5120/1656/3375 5121/1657/3376 5136/1672/3391 5135/1671/3390
f 5121/1657/3376 5122/1658/3377 5137/1673/3392 5136/1672/3391
f 5122/1658/3377 5123/1659/3378 5138/1674/3393 5137/1673/3392
f 5123/1659/3378 5124/1660/3379 5139/1675/3394 5138/1674/3393
f 5124/1660/3379 5125/1661/3380 5140/1676/3395 5139/1675/3394
f 5126/1663/3382 5127/1662/3381 5142/1677/3396 5141/1678/3397
f 5127/1662/3381 5128/1664/3383 5143/1679/3398 5142/1677/3396
f 5128/1664/3383 5129/1665/3384 5144/1680/3399 5143/1679/3398
f 5129/1665/3384 5130/1666/3385 5145/1681/3400 5144/1680/3399
f 5130/1666/3385 5131/1667/3386 5146/1682/3401 5145/1681/3400
f 5131/1667/3386 5132/1668/3387 5147/1683/3402 5146/1682/3401
f 5132/1668/3387 5133/1669/3388 5148/1684/3403 5147/1683/3402
f 5133/1669/3388 5134/1670/3389 5149/1685/3404 5148/1684/3403
f 5134/1670/3389 5135/1671/3390 5150/1686/3405 5149/1685/3404
f 5135/1671/3390 5136/1672/3391 5151/1687/3406 5150/1686/3405
f 5136/1672/3391 5137/1673/3392 5152/1688/3407 5151/1687/3406
f 5137/1673/3392 5138/1674/3393 5153/1689/3408 5152/1688/3407
f 5138/1674/3393 5139/1675/3394 5154/1690/3409 5153/1689/3408
f 5139/1675/3394 5140/1676/3395 5155/1691/3410 5154/1690/3409
f 5141/1678/3397 5142/1677/3396 5157/1692/3411 5156/1693/3412
f 5142/1677/3396 5143/1679/3398 5158/1694/3413 5157/1692/3411
f 5143/1679/3398 5144/1680/3399 5159/1695/3414 5158/1694/3413
f 5144/1680/3399 5145/1681/3400 5160/1696/3415 5159/1695/3414
f 5145/1681/3400 5146/1682/3401 5161/1697/3416 5160/1696/3415
f 5146/1682/3401 5147/1683/3402 5162/1698/3417 5161/1697/3416
f 5147/1683/3402 5148/1684/3403 5163/1699/3418 5162/1698/3417
f 5148/1684/3403 5149/1685/3404 5164/1700/3419 5163/1699/3418
f 5149/1685/3404 5150/1686/3405 5165/1701/3420 5164/1700/3419
f 5150/1686/3405 5151/1687/3406 5166/1702/3421 5165/1701/3420
f 5151/1687/3406 5152/1688/3407 5167/1703/3422 5166/1702/3421
f 5152/1688/3407 5153/1689/3408 5168/1704/3423 5167/1703/3422
f 5153/1689/3408 5154/1690/3409 5169/1705/3721 5168/1704/3423
f 5154/1690/3409 5155/1691/3410 5170/1706/3425 5169/1705/3721
f 5156/1693/3412 5157/1692/3411 5172/1707/3426 5171/1708/3427
f 5157/1692/3411 5158/1694/3413 5173/1709/3428 5172/1707/3426
f 5158/1694/3413 5159/1695/3414 5174/1710/3429 5173/1709/3428
f 5159/1695/3414 5160/1696/3415 5175/1711/3430 5174/1710/3429
f 5160/1696/3415 5161/1697/3416 5176/1712/3431 5175/1711/3430
f 5161/1697/3416 5162/1698/3417 5177/1713/3432 5176/1712/3431
f 5162/1698/3417 5163/1699/3418 5178/1714/3433 5177/1713/3432
f 5163/1699/3418 5164/1700/3419 5179/1715/3434 5178/1714/3433
f 5164/1700/3419 5165/1701/3420 5180/1716/3435 5179/1715/3434
f 5165/1701/3420 5166/1702/3421 5181/1717/3436 5180/1716/3435
f 5166/1702/3421 5167/1703/3422 5182/1718/3437 5181/1717/3436
f 5167/1703/3422 5168/1704/3423 5183/1719/3438 5182/1718/3437
f 5168/1704/3423 5169/1705/3721 5184/1720/3439 5183/1719/3438
f 5169/1705/3721 5170/1706/3425 5185/1721/3440 5184/1720/3439
f 5171/1708/3427 5172/1707/3426 5187/1722/3441 5186/1723/3722
f 5172/1707/3426 5173/1709/3428 5188/1724/3443 5187/1722/3441
f 5173/1709/3428 5174/1710/3429 5189/1725/3444 5188/1724/3443
f 5174/1710/3429 5175/1711/3430 5190/1726/3445 5189/1725/3444
f 5175/1711/3430 5176/1712/3431 5191/1727/3446 5190/1726/3445
f 5176/1712/3431 5177/1713/3432 5192/1728/3447 5191/1727/3446
f 5177/1713/3432 5178/1714/3433 5193/1729/3448 5192/1728/3447
f 5178/1714/3433 5179/1715/3434 5194/1730/3449 5193/1729/3448
f 5179/1715/3434 5180/1716/3435 5195/1731/3450 5194/1730/3449
f 5180/1716/3435 5181/1717/3436 5196/1732/3451 5195/1731/3450
f 5181/1717/3436 5182/1718/3437 5197/1733/3452 5196/1732/3451
f 5182/1718/3437 5183/1719/3438 5198/1734/3453 5197/1733/3452
f 5183/1719/3438 5184/1720/3439 5199/1735/3454 5198/1734/3453
f 5184/1720/3439 5185/1721/3440 5200/1736/3455 5199/1735/3454
f 5186/1723/3722 5187/1722/3441 5202/1737/3456 5201/1738/3457
f 5187/1722/3441 5188/1724/3443 5203/1739/3458 5202/1737/3456
f 5188/1724/3443 5189/1725/3444 5204/1740/3459 5203/1739/3458
f 5189/1725/3444 5190/1726/3445 5205/1741/3460 5204/1740/3459
f 5190/1726/3445 5191/1727/3446 5206/1742/3461 5205/1741/3460
f 5191/1727/3446 5192/1728/3447 5207/1743/3462 5206/1742/3461
f 5192/1728/3447 5193/1729/3448 5208/1744/3463 5207/1743/3462
f 5193/1729/3448 5194/1730/3449 5209/1745/3464 5208/1744/3463
f 5194/1730/3449 5195/1731/3450 5210/1746/3465 5209/1745/3464
f 5195/1731/3450 5196/1732/3451 5211/1747/3466 5210/1746/3465
f 5196/1732/3451 5197/1733/3452 5212/1748/3467 5211/1747/3466
f 5197/1733/3452 5198/1734/3453 5213/1749/3468 5212/1748/3467
f 5198/1734/3453 5199/1735/3454 5214/1750/3469 5213/1749/3468
f 5199/1735/3454 5200/1736/3455 5215/1751/3470 5214/1750/3469
f 3904/1481/3230 3955/1752/3471 4991/1527/3246 4090/1482/3231
f 3955/1752/3471 3954/1753/3472 4992/1528/3247 4991/1527/3246
f 3954/1753/3472 3953/1754/3473 4993/1531/3250 4992/1528/3247
f 3953/1754/3473 3952/1755/3474 4994/1533/3252 4993/1531/3250
f 3952/1755/3474 3951/1756/3475 4995/1535/3254 4994/1533/3252
f 3951/1756/3475 3950/1757/3476 4996/1537/3256 4995/1535/3254
f 3950/1757/3476 3949/1758/3477 4997/1539/3258 4996/1537/3256
f 3949/1758/3477 3948/1759/3478 4998/1541/3719 4997/1539/3258
f 3948/1759/3478 3947/1760/3479 4999/1543/3262 4998/1541/3719
f 3947/1760/3479 3946/1761/3480 5000/1545/3264 4999/1543/3262
f 3946/1761/3480 3945/1762/3481 5001/1547/3266 5000/1545/3264
f 3945/1762/3481 3944/1763/3482 5002/1549/3268 5001/1547/3266
f 3944/1763/3482 3943/1764/3483 5003/1551/3270 5002/1549/3268
f 3943/1764/3483 3942/1765/3484 5004/1553/3272 5003/1551/3270
f 3942/1765/3484 3941/1766/3485 5005/1555/3274 5004/1553/3272
f 3941/1766/3485 3903/598/2398 4016/600/2400 5005/1555/3274
f 5005/1555/3274 4016/600/2400 4017/661/2461 5020/1556/3275
f 5020/1556/3275 4017/661/2461 4018/660/2460 5035/1571/3290
f 5035/1571/3290 4018/660/2460 4019/659/2459 5050/1586/3305
f 5050/1586/3305 4019/659/2459 4020/658/2458 5065/1601/3320
f 5065/1601/3320 4020/658/2458 4021/657/2457 5080/1616/3720
f 5080/1616/3720 4021/657/2457 4022/656/2456 5095/1631/3350
f 5095/1631/3350 4022/656/2456 4023/655/2455 5110/1646/3365
f 5110/1646/3365 4023/655/2455 4024/654/2454 5125/1661/3380
f 5125/1661/3380 4024/654/2454 4025/653/2453 5140/1676/3395
f 5140/1676/3395 4025/653/2453 4026/652/2452 5155/1691/3410
f 5155/1691/3410 4026/652/2452 4027/651/2451 5170/1706/3425
f 5170/1706/3425 4027/651/2451 4028/650/2450 5185/1721/3440
f 5185/1721/3440 4028/650/2450 4029/649/2449 5200/1736/3455
f 5200/1736/3455 4029/649/2449 4030/647/2447 5215/1751/3470
f 5215/1751/3470 4030/647/2447 3905/648/3711 3971/903/2703
f 5214/1750/3469 5215/1751/3470 3971/903/2703 3972/902/2702
f 5213/1749/3468 5214/1750/3469 3972/902/2702 3973/901/2701
f 5212/1748/3467 5213/1749/3468 3973/901/2701 3974/900/2700
f 5211/1747/3466 5212/1748/3467 3974/900/2700 3975/899/2699
f 5210/1746/3465 5211/1747/3466 3975/899/2699 3976/898/2698
f 5209/1745/3464 5210/1746/3465 3976/898/2698 3977/897/2697
f 5208/1744/3463 5209/1745/3464 3977/897/2697 3978/896/2696
f 5207/1743/3462 5208/1744/3463 3978/896/2696 3979/895/2695
f 5206/1742/3461 5207/1743/3462 3979/895/2695 3980/894/2694
f 5205/1741/3460 5206/1742/3461 3980/894/2694 3981/893/2693
f 5204/1740/3459 5205/1741/3460 3981/893/2693 3982/892/2692
f 5203/1739/3458 5204/1740/3459 3982/892/2692 3983/891/2691
f 5202/1737/3456 5203/1739/3458 3983/891/2691 3984/890/2690
f 5201/1738/3457 5202/1737/3456 3984/890/2690 3985/888/2688
f 4076/1496/3245 5201/1738/3457 3985/888/2688 3906/887/2687
f 4077/1495/3244 5186/1723/3722 5201/1738/3457 4076/1496/3245
f 4078/1494/3243 5171/1708/3427 5186/1723/3722 4077/1495/3244
f 4079/1493/3242 5156/1693/3412 5171/1708/3427 4078/1494/3243
f 4080/1492/3241 5141/1678/3397 5156/1693/3412 4079/1493/3242
f 4081/1491/3240 5126/1663/3382 5141/1678/3397 4080/1492/3241
f 4082/1490/3239 5111/1648/3367 5126/1663/3382 4081/1491/3240
f 4083/1489/3238 5096/1633/3352 5111/1648/3367 4082/1490/3239
f 4084/1488/3237 5081/1618/3337 5096/1633/3352 4083/1489/3238
f 4085/1487/3236 5066/1603/3322 5081/1618/3337 4084/1488/3237
f 4086/1486/3235 5051/1588/3307 5066/1603/3322 4085/1487/3236
f 4087/1485/3234 5036/1573/3292 5051/1588/3307 4086/1486/3235
f 4088/1484/3233 5021/1558/3277 5036/1573/3292 4087/1485/3234
f 4089/1483/3232 5006/1530/3249 5021/1558/3277 4088/1484/3233
f 4090/1482/3231 4991/1527/3246 5006/1530/3249 4089/1483/3232
f 5216/1767/3486 5217/1768/3487 5232/1769/3488 5231/1770/3723
f 5217/1768/3487 5218/1771/3490 5233/1772/3491 5232/1769/3488
f 5218/1771/3490 5219/1773/3492 5234/1774/3493 5233/1772/3491
f 5219/1773/3492 5220/1775/3494 5235/1776/3495 5234/1774/3493
f 5220/1775/3494 5221/1777/3496 5236/1778/3497 5235/1776/3495
f 5221/1777/3496 5222/1779/3498 5237/1780/3499 5236/1778/3497
f 5222/1779/3498 5223/1781/3500 5238/1782/3501 5237/1780/3499
f 5223/1781/3500 5224/1783/3502 5239/1784/3503 5238/1782/3501
f 5224/1783/3502 5225/1785/3504 5240/1786/3505 5239/1784/3503
f 5225/1785/3504 5226/1787/3506 5241/1788/3507 5240/1786/3505
f 5226/1787/3506 5227/1789/3508 5242/1790/3509 5241/1788/3507
f 5227/1789/3508 5228/1791/3724 5243/1792/3511 5242/1790/3509
f 5228/1791/3724 5229/1793/3512 5244/1794/3513 5243/1792/3511
f 5229/1793/3512 5230/1795/3514 5245/1796/3515 5244/1794/3513
f 5231/1770/3723 5232/1769/3488 5247/1797/3516 5246/1798/3517
f 5232/1769/3488 5233/1772/3491 5248/1799/3518 5247/1797/3516
f 5233/1772/3491 5234/1774/3493 5249/1800/3519 5248/1799/3518
f 5234/1774/3493 5235/1776/3495 5250/1801/3520 5249/1800/3519
f 5235/1776/3495 5236/1778/3497 5251/1802/3521 5250/1801/3520
f 5236/1778/3497 5237/1780/3499 5252/1803/3522 5251/1802/3521
f 5237/1780/3499 5238/1782/3501 5253/1804/3523 5252/1803/3522
f 5238/1782/3501 5239/1784/3503 5254/1805/3524 5253/1804/3523
f 5239/1784/3503 5240/1786/3505 5255/1806/3525 5254/1805/3524
f 5240/1786/3505 5241/1788/3507 5256/1807/3526 5255/1806/3525
f 5241/1788/3507 5242/1790/3509 5257/1808/3527 5256/1807/3526
f 5242/1790/3509 5243/1792/3511 5258/1809/3528 5257/1808/3527
f 5243/1792/3511 5244/1794/3513 5259/1810/3529 5258/1809/3528
f 5244/1794/3513 5245/1796/3515 5260/1811/3530 5259/1810/3529
f 5246/1798/3517 5247/1797/3516 5262/1812/3531 5261/1813/3532
f 5247/1797/3516 5248/1799/3518 5263/1814/3533 5262/1812/3531
f 5248/1799/3518 5249/1800/3519 5264/1815/3534 5263/1814/3533
f 5249/1800/3519 5250/1801/3520 5265/1816/3535 5264/1815/3534
f 5250/1801/3520 5251/1802/3521 5266/1817/3536 5265/1816/3535
f 5251/1802/3521 5252/1803/3522 5267/1818/3537 5266/1817/3536
f 5252/1803/3522 5253/1804/3523 5268/1819/3538 5267/1818/3537
f 5253/1804/3523 5254/1805/3524 5269/1820/3539 5268/1819/3538
f 5254/1805/3524 5255/1806/3525 5270/1821/3540 5269/1820/3539
f 5255/1806/3525 5256/1807/3526 5271/1822/3541 5270/1821/3540
f 5256/1807/3526 5257/1808/3527 5272/1823/3542 5271/1822/3541
f 5257/1808/3527 5258/1809/3528 5273/1824/3543 5272/1823/3542
f 5258/1809/3528 5259/1810/3529 5274/1825/3544 5273/1824/3543
f 5259/1810/3529 5260/1811/3530 5275/1826/3545 5274/1825/3544
f 5261/1813/3532 5262/1812/3531 5277/1827/3546 5276/1828/3547
f 5262/1812/3531 5263/1814/3533 5278/1829/3548 5277/1827/3546
f 5263/1814/3533 5264/1815/3534 5279/1830/3549 5278/1829/3548
f 5264/1815/3534 5265/1816/3535 5280/1831/3550 5279/1830/3549
f 5265/1816/3535 5266/1817/3536 5281/1832/3551 5280/1831/3550
f 5266/1817/3536 5267/1818/3537 5282/1833/3552 5281/1832/3551
f 5267/1818/3537 5268/1819/3538 5283/1834/3553 5282/1833/3552
f 5268/1819/3538 5269/1820/3539 5284/1835/3554 5283/1834/3553
f 5269/1820/3539 5270/1821/3540 5285/1836/3555 5284/1835/3554
f 5270/1821/3540 5271/1822/3541 5286/1837/3556 5285/1836/3555
f 5271/1822/3541 5272/1823/3542 5287/1838/3557 5286/1837/3556
f 5272/1823/3542 5273/1824/3543 5288/1839/3558 5287/1838/3557
f 5273/1824/3543 5274/1825/3544 5289/1840/3559 5288/1839/3558
f 5274/1825/3544 5275/1826/3545 5290/1841/3560 5289/1840/3559
f 5276/1828/3547 5277/1827/3546 5292/1842/3561 5291/1843/3562
f 5277/1827/3546 5278/1829/3548 5293/1844/3563 5292/1842/3561
f 5278/1829/3548 5279/1830/3549 5294/1845/3564 5293/1844/3563
f 5279/1830/3549 5280/1831/3550 5295/1846/3565 5294/1845/3564
f 5280/1831/3550 5281/1832/3551 5296/1847/3566 5295/1846/3565
f 5281/1832/3551 5282/1833/3552 5297/1848/3567 5296/1847/3566
f 5282/1833/3552 5283/1834/3553 5298/1849/3568 5297/1848/3567
f 5283/1834/3553 5284/1835/3554 5299/1850/3569 5298/1849/3568
f 5284/1835/3554 5285/1836/3555 5300/1851/3570 5299/1850/3569
f 5285/1836/3555 5286/1837/3556 5301/1852/3571 5300/1851/3570
f 5286/1837/3556 5287/1838/3557 5302/1853/3572 5301/1852/3571
f 5287/1838/3557 5288/1839/3558 5303/1854/3573 5302/1853/3572
f 5288/1839/3558 5289/1840/3559 5304/1855/3574 5303/1854/3573
f 5289/1840/3559 5290/1841/3560 5305/1856/3575 5304/1855/3574
f 5291/1843/3562 5292/1842/3561 5307/1857/3576 5306/1858/3577
f 5292/1842/3561 5293/1844/3563 5308/1859/3578 5307/1857/3576
f 5293/1844/3563 5294/1845/3564 5309/1860/3579 5308/1859/3578
f 5294/1845/3564 5295/1846/3565 5310/1861/3580 5309/1860/3579
f 5295/1846/3565 5296/1847/3566 5311/1862/3581 5310/1861/3580
f 5296/1847/3566 5297/1848/3567 5312/1863/3582 5311/1862/3581
f 5297/1848/3567 5298/1849/3568 5313/1864/3583 5312/1863/3582
f 5298/1849/3568 5299/1850/3569 5314/1865/3584 5313/1864/3583
f 5299/1850/3569 5300/1851/3570 5315/1866/3585 5314/1865/3584
f 5300/1851/3570 5301/1852/3571 5316/1867/3586 5315/1866/3585
f 5301/1852/3571 5302/1853/3572 5317/1868/3587 5316/1867/3586
f 5302/1853/3572 5303/1854/3573 5318/1869/3588 5317/1868/3587
f 5303/1854/3573 5304/1855/3574 5319/1870/3589 5318/1869/3588
f 5304/1855/3574 5305/1856/3575 5320/1871/3590 5319/1870/3589
f 5306/1858/3577 5307/1857/3576 5322/1872/3591 5321/1873/3592
f 5307/1857/3576 5308/1859/3578 5323/1874/3593 5322/1872/3591
f 5308/1859/3578 5309/1860/3579 5324/1875/3594 5323/1874/3593
f 5309/1860/3579 5310/1861/3580 5325/1876/3595 5324/1875/3594
f 5310/1861/3580 5311/1862/3581 5326/1877/3596 5325/1876/3595
f 5311/1862/3581 5312/1863/3582 5327/1878/3597 5326/1877/3596
f 5312/1863/3582 5313/1864/3583 5328/1879/3598 5327/1878/3597
f 5313/1864/3583 5314/1865/3584 5329/1880/3599 5328/1879/3598
f 5314/1865/3584 5315/1866/3585 5330/1881/3600 5329/1880/3599
f 5315/1866/3585 5316/1867/3586 5331/1882/3601 5330/1881/3600
f 5316/1867/3586 5317/1868/3587 5332/1883/3602 5331/1882/3601
f 5317/1868/3587 5318/1869/3588 5333/1884/3603 5332/1883/3602
f 5318/1869/3588 5319/1870/3589 5334/1885/3604 5333/1884/3603
f 5319/1870/3589 5320/1871/3590 5335/1886/3605 5334/1885/3604
f 5321/1873/3592 5322/1872/3591 5337/1887/3606 5336/1888/3607
f 5322/1872/3591 5323/1874/3593 5338/1889/3608 5337/1887/3606
f 5323/1874/3593 5324/1875/3594 5339/1890/3609 5338/1889/3608
f 5324/1875/3594 5325/1876/3595 5340/1891/3610 5339/1890/3609
f 5325/1876/3595 5326/1877/3596 5341/1892/3611 5340/1891/3610
f 5326/1877/3596 5327/1878/3597 5342/1893/3612 5341/1892/3611
f 5327/1878/3597 5328/1879/3598 5343/1894/3613 5342/1893/3612
f 5328/1879/3598 5329/1880/3599 5344/1895/3614 5343/1894/3613
f 5329/1880/3599 5330/1881/3600 5345/1896/3615 5344/1895/3614
f 5330/1881/3600 5331/1882/3601 5346/1897/3616 5345/1896/3615
f 5331/1882/3601 5332/1883/3602 5347/1898/3617 5346/1897/3616
f 5332/1883/3602 5333/1884/3603 5348/1899/3618 5347/1898/3617
f 5333/1884/3603 5334/1885/3604 5349/1900/3619 5348/1899/3618
f 5334/1885/3604 5335/1886/3605 5350/1901/3620 5349/1900/3619
f 5336/1888/3607 5337/1887/3606 5352/1902/3621 5351/1903/3622
f 5337/1887/3606 5338/1889/3608 5353/1904/3623 5352/1902/3621
f 5338/1889/3608 5339/1890/3609 5354/1905/3725 5353/1904/3623
f 5339/1890/3609 5340/1891/3610 5355/1906/3625 5354/1905/3725
f 5340/1891/3610 5341/1892/3611 5356/1907/3626 5355/1906/3625
f 5341/1892/3611 5342/1893/3612 5357/1908/3627 5356/1907/3626
f 5342/1893/3612 5343/1894/3613 5358/1909/3628 5357/1908/3627
f 5343/1894/3613 5344/1895/3614 5359/1910/3629 5358/1909/3628
f 5344/1895/3614 5345/1896/3615 5360/1911/3630 5359/1910/3629
f 5345/1896/3615 5346/1897/3616 5361/1912/3631 5360/1911/3630
f 5346/1897/3616 5347/1898/3617 5362/1913/3632 5361/1912/3631
f 5347/1898/3617 5348/1899/3618 5363/1914/3633 5362/1913/3632
f 5348/1899/3618 5349/1900/3619 5364/1915/3634 5363/1914/3633
f 5349/1900/3619 5350/1901/3620 5365/1916/3635 5364/1915/3634
f 5351/1903/3622 5352/1902/3621 5367/1917/3636 5366/1918/3637
f 5352/1902/3621 5353/1904/3623 5368/1919/3638 5367/1917/3636
f 5353/1904/3623 5354/1905/3725 5369/1920/3639 5368/1919/3638
f 5354/1905/3725 5355/1906/3625 5370/1921/3640 5369/1920/3639
f 5355/1906/3625 5356/1907/3626 5371/1922/3641 5370/1921/3640
f 5356/1907/3626 5357/1908/3627 5372/1923/3642 5371/1922/3641
f 5357/1908/3627 5358/1909/3628 5373/1924/3643 5372/1923/3642
f 5358/1909/3628 5359/1910/3629 5374/1925/3644 5373/1924/3643
f 5359/1910/3629 5360/1911/3630 5375/1926/3645 5374/1925/3644
f 5360/1911/3630 5361/1912/3631 5376/1927/3646 5375/1926/3645
f 5361/1912/3631 5362/1913/3632 5377/1928/3647 5376/1927/3646
f 5362/1913/3632 5363/1914/3633 5378/1929/3648 5377/1928/3647
f 5363/1914/3633 5364/1915/3634 5379/1930/3649 5378/1929/3648
f 5364/1915/3634 5365/1916/3635 5380/1931/3650 5379/1930/3649
f 5366/1918/3637 5367/1917/3636 5382/1932/3651 5381/1933/3652
f 5367/1917/3636 5368/1919/3638 5383/1934/3653 5382/1932/3651
f 5368/1919/3638 5369/1920/3639 5384/1935/3654 5383/1934/3653
f 5369/1920/3639 5370/1921/3640 5385/1936/3655 5384/1935/3654
f 5370/1921/3640 5371/1922/3641 5386/1937/3656 5385/1936/3655
f 5371/1922/3641 5372/1923/3642 5387/1938/3657 5386/1937/3656
f 5372/1923/3642 5373/1924/3643 5388/1939/3658 5387/1938/3657
f 5373/1924/3643 5374/1925/3644 5389/1940/3659 5388/1939/3658
f 5374/1925/3644 5375/1926/3645 5390/1941/3726 5389/1940/3659
f 5375/1926/3645 5376/1927/3646 5391/1942/3661 5390/1941/3726
f 5376/1927/3646 5377/1928/3647 5392/1943/3662 5391/1942/3661
f 5377/1928/3647 5378/1929/3648 5393/1944/3663 5392/1943/3662
f 5378/1929/3648 5379/1930/3649 5394/1945/3664 5393/1944/3663
f 5379/1930/3649 5380/1931/3650 5395/1946/3665 5394/1945/3664
f 5381/1933/3652 5382/1932/3651 5397/1947/3666 5396/1948/3667
f 5382/1932/3651 5383/1934/3653 5398/1949/3668 5397/1947/3666
f 5383/1934/3653 5384/1935/3654 5399/1950/3669 5398/1949/3668
f 5384/1935/3654 5385/1936/3655 5400/1951/3670 5399/1950/3669
f 5385/1936/3655 5386/1937/3656 5401/1952/3671 5400/1951/3670
f 5386/1937/3656 5387/1938/3657 5402/1953/3727 5401/1952/3671
f 5387/1938/3657 5388/1939/3658 5403/1954/3673 5402/1953/3727
f 5388/1939/3658 5389/1940/3659 5404/1955/3674 5403/1954/3673
f 5389/1940/3659 5390/1941/3726 5405/1956/3675 5404/1955/3674
f 5390/1941/3726 5391/1942/3661 5406/1957/3676 5405/1956/3675
f 5391/1942/3661 5392/1943/3662 5407/1958/3677 5406/1957/3676
f 5392/1943/3662 5393/1944/3663 5408/1959/3678 5407/1958/3677
f 5393/1944/3663 5394/1945/3664 5409/1960/3679 5408/1959/3678
f 5394/1945/3664 5395/1946/3665 5410/1961/3680 5409/1960/3679
f 5396/1948/3667 5397/1947/3666 5412/1962/3681 5411/1963/3682
f 5397/1947/3666 5398/1949/3668 5413/1964/3683 5412/1962/3681
f 5398/1949/3668 5399/1950/3669 5414/1965/3684 5413/1964/3683
f 5399/1950/3669 5400/1951/3670 5415/1966/3685 5414/1965/3684
f 5400/1951/3670 5401/1952/3671 5416/1967/3686 5415/1966/3685
f 5401/1952/3671 5402/1953/3727 5417/1968/3687 5416/1967/3686
f 5402/1953/3727 5403/1954/3673 5418/1969/3688 5417/1968/3687
f 5403/1954/3673 5404/1955/3674 5419/1970/3689 5418/1969/3688
f 5404/1955/3674 5405/1956/3675 5420/1971/3690 5419/1970/3689
f 5405/1956/3675 5406/1957/3676 5421/1972/3691 5420/1971/3690
f 5406/1957/3676 5407/1958/3677 5422/1973/3692 5421/1972/3691
f 5407/1958/3677 5408/1959/3678 5423/1974/3693 5422/1973/3692
f 5408/1959/3678 5409/1960/3679 5424/1975/3694 5423/1974/3693
f 5409/1960/3679 5410/1961/3680 5425/1976/3695 5424/1975/3694
f 5411/1963/3682 5412/1962/3681 5427/1977/3696 5426/1978/3697
f 5412/1962/3681 5413/1964/3683 5428/1979/3698 5427/1977/3696
f 5413/1964/3683 5414/1965/3684 5429/1980/3699 5428/1979/3698
f 5414/1965/3684 5415/1966/3685 5430/1981/3700 5429/1980/3699
f 5415/1966/3685 5416/1967/3686 5431/1982/3701 5430/1981/3700
f 5416/1967/3686 5417/1968/3687 5432/1983/3702 5431/1982/3701
f 5417/1968/3687 5418/1969/3688 5433/1984/3703 5432/1983/3702
f 5418/1969/3688 5419/1970/3689 5434/1985/3704 5433/1984/3703
f 5419/1970/3689 5420/1971/3690 5435/1986/3705 5434/1985/3704
f 5420/1971/3690 5421/1972/3691 5436/1987/3706 5435/1986/3705
f 5421/1972/3691 5422/1973/3692 5437/1988/3707 5436/1987/3706
f 5422/1973/3692 5423/1974/3693 5438/1989/3708 5437/1988/3707
f 5423/1974/3693 5424/1975/3694 5439/1990/3709 5438/1989/3708
f 5424/1975/3694 5425/1976/3695 5440/1991/3710 5439/1990/3709
f 3908/1225/2976 4000/1223/2974 5216/1767/3486 3940/1992/3718
f 4000/1223/2974 3999/1222/2973 5217/1768/3487 5216/1767/3486
f 3999/1222/2973 3998/1221/2972 5218/1771/3490 5217/1768/3487
f 3998/1221/2972 3997/1220/2971 5219/1773/3492 5218/1771/3490
f 3997/1220/2971 3996/1219/2970 5220/1775/3494 5219/1773/3492
f 3996/1219/2970 3995/1218/2969 5221/1777/3496 5220/1775/3494
f 3995/1218/2969 3994/1217/2968 5222/1779/3498 5221/1777/3496
f 3994/1217/2968 3993/1216/2967 5223/1781/3500 5222/1779/3498
f 3993/1216/2967 3992/1215/2966 5224/1783/3502 5223/1781/3500
f 3992/1215/2966 3991/1214/2965 5225/1785/3504 5224/1783/3502
f 3991/1214/2965 3990/1213/2964 5226/1787/3506 5225/1785/3504
f 3990/1213/2964 3989/1212/2963 5227/1789/3508 5226/1787/3506
f 3989/1212/2963 3988/1211/3717 5228/1791/3724 5227/1789/3508
f 3988/1211/3717 3987/1210/2961 5229/1793/3512 5228/1791/3724
f 3987/1210/2961 3986/1209/2960 5230/1795/3514 5229/1793/3512
f 3986/1209/2960 3907/1208/2415 4061/1993/2414 5230/1795/3514
f 5230/1795/3514 4061/1993/2414 4062/1994/2413 5245/1796/3515
f 5245/1796/3515 4062/1994/2413 4063/1995/2412 5260/1811/3530
f 5260/1811/3530 4063/1995/2412 4064/1996/2411 5275/1826/3545
f 5275/1826/3545 4064/1996/2411 4065/1997/2410 5290/1841/3560
f 5290/1841/3560 4065/1997/2410 4066/1998/2409 5305/1856/3575
f 5305/1856/3575 4066/1998/2409 4067/1999/2408 5320/1871/3590
f 5320/1871/3590 4067/1999/2408 4068/2000/2407 5335/1886/3605
f 5335/1886/3605 4068/2000/2407 4069/2001/2406 5350/1901/3620
f 5350/1901/3620 4069/2001/2406 4070/2002/2405 5365/1916/3635
f 5365/1916/3635 4070/2002/2405 4071/2003/2404 5380/1931/3650
f 5380/1931/3650 4071/2003/2404 4072/2004/2403 5395/1946/3665
f 5395/1946/3665 4072/2004/2403 4073/2005/2402 5410/1961/3680
f 5410/1961/3680 4073/2005/2402 4074/2006/2401 5425/1976/3695
f 5425/1976/3695 4074/2006/2401 4075/2007/2399 5440/1991/3710
f 5440/1991/3710 4075/2007/2399 3903/598/2398 3941/1766/3485
f 5439/1990/3709 5440/1991/3710 3941/1766/3485 3942/1765/3484
f 5438/1989/3708 5439/1990/3709 3942/1765/3484 3943/1764/3483
f 5437/1988/3707 5438/1989/3708 3943/1764/3483 3944/1763/3482
f 5436/1987/3706 5437/1988/3707 3944/1763/3482 3945/1762/3481
f 5435/1986/3705 5436/1987/3706 3945/1762/3481 3946/1761/3480
f 5434/1985/3704 5435/1986/3705 3946/1761/3480 3947/1760/3479
f 5433/1984/3703 5434/1985/3704 3947/1760/3479 3948/1759/3478
f 5432/1983/3702 5433/1984/3703 3948/1759/3478 3949/1758/3477
f 5431/1982/3701 5432/1983/3702 3949/1758/3477 3950/1757/3476
f 5430/1981/3700 5431/1982/3701 3950/1757/3476 3951/1756/3475
f 5429/1980/3699 5430/1981/3700 3951/1756/3475 3952/1755/3474
f 5428/1979/3698 5429/1980/3699 3952/1755/3474 3953/1754/3473
f 5427/1977/3696 5428/1979/3698 3953/1754/3473 3954/1753/3472
f 5426/1978/3697 5427/1977/3696 3954/1753/3472 3955/1752/3471
f 3926/2008/3229 5426/1978/3697 3955/1752/3471 3904/1481/3230
f 3927/2009/3228 5411/1963/3682 5426/1978/3697 3926/2008/3229
f 3928/2010/3227 5396/1948/3667 5411/1963/3682 3927/2009/3228
f 3929/2011/3226 5381/1933/3652 5396/1948/3667 3928/2010/3227
f 3930/2012/3225 5366/1918/3637 5381/1933/3652 3929/2011/3226
f 3931/2013/3224 5351/1903/3622 5366/1918/3637 3930/2012/3225
f 3932/2014/3223 5336/1888/3607 5351/1903/3622 3931/2013/3224
f 3933/2015/3222 5321/1873/3592 5336/1888/3607 3932/2014/3223
f 3934/2016/3221 5306/1858/3577 5321/1873/3592 3933/2015/3222
f 3935/2017/3220 5291/1843/3562 5306/1858/3577 3934/2016/3221
f 3936/2018/3219 5276/1828/3547 5291/1843/3562 3935/2017/3220
f 3937/2019/3218 5261/1813/3532 5276/1828/3547 3936/2018/3219
f 3938/2020/3217 5246/1798/3517 5261/1813/3532 3937/2019/3218
f 3939/2021/3216 5231/1770/3723 5246/1798/3517 3938/2020/3217
f 3940/1992/3718 5216/1767/3486 5231/1770/3723 3939/2021/3216
