# Blender 4.3.2
# www.blender.org
mtllib untitled.mtl
o Cube
v 0.347086 0.347086 -0.347086
v 0.315387 -0.315387 -0.315387
v 0.305546 0.305546 0.305546
v 0.284004 -0.284004 0.284003
v -0.303030 0.303030 -0.303029
v -0.230262 -0.230262 -0.230262
v -0.313418 0.313418 0.313418
v -0.379866 -0.379866 0.379866
v -0.239761 -0.239761 -0.223023
v -0.256248 -0.256248 -0.210970
v -0.281044 -0.281044 -0.191565
v -0.310526 -0.310526 -0.166860
v -0.342715 -0.342716 -0.135540
v -0.375857 -0.375857 -0.096952
v -0.408242 -0.408242 -0.051660
v -0.438330 -0.438330 0.000000
v -0.449114 -0.449114 0.056940
v -0.431178 -0.431178 0.110907
v -0.415986 -0.415985 0.162829
v -0.403996 -0.403996 0.213091
v -0.394907 -0.394907 0.262103
v -0.388011 -0.388011 0.309191
v -0.383393 -0.383393 0.348455
v 0.294992 -0.322172 -0.322172
v 0.267008 -0.331422 -0.331422
v 0.230424 -0.343772 -0.343772
v 0.190117 -0.357546 -0.357546
v 0.146587 -0.372376 -0.372376
v 0.099986 -0.387886 -0.387886
v 0.046283 -0.366620 -0.366620
v -0.000000 -0.337898 -0.337898
v -0.038557 -0.306812 -0.306812
v -0.071560 -0.275197 -0.275197
v -0.099442 -0.245794 -0.245794
v -0.123846 -0.223562 -0.223562
v -0.150274 -0.214393 -0.214393
v -0.181384 -0.216558 -0.216558
v -0.208608 -0.223256 -0.223255
v 0.345165 0.315071 -0.345165
v 0.342524 0.275283 -0.342524
v 0.339694 0.227898 -0.339694
v 0.337386 0.180145 -0.337386
v 0.337507 0.133600 -0.337507
v 0.341969 0.088404 -0.341969
v 0.336650 0.042412 -0.336650
v 0.328962 -0.000000 -0.328963
v 0.322760 -0.040617 -0.322761
v 0.318764 -0.082550 -0.318764
v 0.316932 -0.125937 -0.316933
v 0.316588 -0.169858 -0.316588
v 0.316626 -0.213608 -0.316626
v 0.316229 -0.255682 -0.316229
v 0.315887 -0.289503 -0.315887
v -0.377237 -0.343079 0.377237
v -0.371813 -0.297116 0.371813
v -0.362603 -0.242091 0.362603
v -0.349028 -0.185904 0.349028
v -0.331386 -0.131320 0.331386
v -0.310556 -0.080480 0.310557
v -0.288101 -0.036140 0.288101
v -0.267311 -0.000000 0.267311
v -0.254007 0.031735 0.254008
v -0.253331 0.066045 0.253331
v -0.262966 0.105838 0.262966
v -0.276543 0.150051 0.276542
v -0.289654 0.196898 0.289654
v -0.300231 0.243757 0.300231
v -0.308017 0.282630 0.308017
v 0.311161 0.285376 0.311162
v 0.318915 0.257684 0.318915
v 0.329458 0.221557 0.329458
v 0.341305 0.182083 0.341305
v 0.354242 0.139833 0.354242
v 0.368032 0.094978 0.368032
v 0.382011 0.048271 0.382010
v 0.395265 -0.000000 0.395264
v 0.406789 -0.051472 0.406789
v 0.404871 -0.104271 0.404871
v 0.374097 -0.147228 0.374097
v 0.345806 -0.184310 0.345806
v 0.321583 -0.216679 0.321584
v 0.302592 -0.245517 0.302592
v 0.290686 -0.267495 0.290686
v -0.305824 0.280715 -0.305825
v -0.309557 0.250709 -0.309557
v -0.314697 0.212413 -0.314697
v -0.320301 0.171695 -0.320301
v -0.326690 0.129571 -0.326690
v -0.334242 0.086454 -0.334242
v -0.342826 0.043209 -0.342825
v -0.351871 -0.000000 -0.351871
v -0.360506 -0.045493 -0.360506
v -0.368105 -0.094996 -0.368105
v -0.369938 -0.145679 -0.369937
v -0.334157 -0.178548 -0.334157
v -0.299868 -0.203226 -0.299868
v -0.268981 -0.220462 -0.268981
v -0.245945 -0.228422 -0.245944
v 0.295993 0.323320 0.323320
v 0.278241 0.346491 0.346491
v 0.249905 0.375216 0.375216
v 0.213836 0.405501 0.405501
v 0.170185 0.435736 0.435736
v 0.119366 0.464713 0.464713
v 0.062375 0.491188 0.491188
v -0.000000 0.513891 0.513891
v -0.065538 0.515672 0.515672
v -0.124313 0.484325 0.484325
v -0.175896 0.451070 0.451070
v -0.219697 0.417351 0.417351
v -0.255702 0.384573 0.384573
v -0.284164 0.354437 0.354437
v -0.302581 0.330863 0.330863
v 0.362571 0.362571 -0.330271
v 0.382532 0.382532 -0.305107
v 0.382998 0.382998 -0.254726
v 0.380855 0.380855 -0.201646
v 0.376110 0.376110 -0.147977
v 0.369235 0.369236 -0.095282
v 0.360794 0.360795 -0.045531
v 0.351484 0.351483 -0.000000
v 0.342048 0.342048 0.043109
v 0.333416 0.333416 0.086246
v 0.326147 0.326147 0.129369
v 0.320305 0.320305 0.171697
v 0.315404 0.315404 0.212851
v 0.310993 0.310993 0.251780
v 0.307870 0.307870 0.282502
v -0.360390 -0.397060 0.397060
v -0.332944 -0.419875 0.419875
v -0.295749 -0.449216 0.449216
v -0.245989 -0.470508 0.470508
v -0.187444 -0.482077 0.482077
v -0.126994 -0.494951 0.494951
v -0.061125 -0.481506 0.481506
v 0.000000 -0.454245 0.454245
v 0.053751 -0.424431 0.424431
v 0.101486 -0.393833 0.393833
v 0.143581 -0.364305 0.364305
v 0.180320 -0.337739 0.337739
v 0.213014 -0.315667 0.315667
v 0.242848 -0.299012 0.299012
v 0.266142 -0.289137 0.289137
v -0.328484 0.328484 0.300504
v -0.349206 0.349205 0.280264
v -0.376195 0.376195 0.250511
v -0.405989 0.405989 0.214077
v -0.434945 0.434945 0.169890
v -0.429091 0.429091 0.110380
v -0.420185 0.420185 0.053203
v -0.408495 0.408495 -0.000000
v -0.394459 0.394459 -0.049880
v -0.379060 0.379060 -0.097760
v -0.363265 0.363265 -0.143193
v -0.347873 0.347872 -0.185332
v -0.333342 0.333342 -0.223964
v -0.320179 0.320179 -0.258627
v -0.310278 0.310278 -0.284604
v -0.291728 0.318434 -0.318434
v -0.272432 0.338699 -0.338699
v -0.243013 0.364092 -0.364092
v -0.206675 0.391023 -0.391023
v -0.163600 0.418056 -0.418056
v -0.114165 0.444096 -0.444096
v -0.059376 0.467970 -0.467970
v 0.000000 0.478716 -0.478716
v 0.059191 0.466540 -0.466541
v 0.116184 0.452097 -0.452097
v 0.170371 0.436235 -0.436235
v 0.220839 0.419660 -0.419660
v 0.267054 0.402897 -0.402897
v 0.308210 0.386695 -0.386695
v 0.332756 0.365417 -0.365417
v 0.297832 -0.297832 0.273736
v 0.318539 -0.318539 0.257405
v 0.347126 -0.347126 0.232503
v 0.379965 -0.379965 0.201206
v 0.415250 -0.415250 0.162555
v 0.451303 -0.451303 0.115983
v 0.486417 -0.486417 0.061759
v 0.517415 -0.517415 -0.000000
v 0.516003 -0.516003 -0.065581
v 0.487677 -0.487677 -0.125159
v 0.456609 -0.456609 -0.177959
v 0.424092 -0.424092 -0.223031
v 0.391411 -0.391411 -0.259938
v 0.360289 -0.360289 -0.288526
v 0.334970 -0.334970 -0.306168
v 0.347770 0.395730 -0.347770
v 0.323411 0.432159 -0.369974
v 0.281030 0.454671 -0.384689
v 0.232722 0.475675 -0.400308
v 0.179652 0.495329 -0.415715
v 0.122568 0.513346 -0.430204
v 0.062454 0.529145 -0.443044
v 0.000000 0.532708 -0.446044
v -0.060252 0.510165 -0.428083
v -0.115890 0.483949 -0.406962
v -0.166148 0.455221 -0.383859
v -0.210015 0.425128 -0.359906
v -0.246997 0.394610 -0.336293
v -0.276712 0.364462 -0.314896
v -0.297924 0.335548 -0.297923
v 0.359779 0.419628 -0.314767
v 0.330406 0.457638 -0.330406
v 0.293200 0.495958 -0.350168
v 0.246850 0.530426 -0.370022
v 0.190520 0.553302 -0.383786
v 0.129994 0.573543 -0.396608
v 0.066248 0.590686 -0.407757
v 0.000000 0.573408 -0.397317
v -0.061820 0.549081 -0.381905
v -0.118922 0.520732 -0.363605
v -0.170560 0.489445 -0.343535
v -0.215738 0.456317 -0.322755
v -0.253763 0.422254 -0.302405
v -0.284113 0.387835 -0.284113
v -0.306154 0.353717 -0.269300
v 0.359878 0.423880 -0.263582
v 0.330405 0.465461 -0.276882
v 0.293353 0.507190 -0.293353
v 0.248453 0.548091 -0.311613
v 0.195928 0.587200 -0.330184
v 0.136465 0.623369 -0.347991
v 0.068474 0.630979 -0.352164
v -0.000000 0.610558 -0.342590
v -0.063877 0.584742 -0.329733
v -0.122891 0.554545 -0.314327
v -0.176307 0.520967 -0.297381
v -0.223177 0.485043 -0.279848
v -0.262672 0.447739 -0.262672
v -0.294252 0.409674 -0.247032
v -0.317647 0.371470 -0.233886
v 0.358976 0.423964 -0.209492
v 0.330287 0.468126 -0.220695
v 0.293741 0.512619 -0.234232
v 0.249098 0.556337 -0.249098
v 0.196659 0.598126 -0.264276
v 0.137131 0.636761 -0.278906
v 0.069210 0.648644 -0.283829
v -0.000000 0.621706 -0.274236
v -0.064098 0.594376 -0.263788
v -0.124295 0.568563 -0.253444
v -0.181720 0.545694 -0.244371
v -0.231698 0.511538 -0.231698
v -0.273000 0.471452 -0.217728
v -0.306205 0.430369 -0.204844
v -0.331057 0.389034 -0.193801
v 0.356364 0.420605 -0.154493
v 0.329171 0.466657 -0.163437
v 0.293598 0.513329 -0.174045
v 0.249542 0.559315 -0.185601
v 0.197399 0.603307 -0.197399
v 0.137883 0.644040 -0.208766
v 0.069430 0.653961 -0.211963
v 0.000000 0.624253 -0.204371
v -0.064063 0.594512 -0.196084
v -0.123879 0.566912 -0.187875
v -0.180751 0.543153 -0.180751
v -0.236172 0.524097 -0.175567
v -0.283881 0.493711 -0.168233
v -0.318861 0.450299 -0.158325
v -0.345245 0.406605 -0.149779
v 0.352088 0.414542 -0.100121
v 0.326830 0.461883 -0.106585
v 0.292604 0.510136 -0.114133
v 0.249435 0.557827 -0.122274
v 0.197796 0.603540 -0.130530
v 0.138432 0.645972 -0.138432
v 0.070080 0.659675 -0.141296
v -0.000000 0.627983 -0.136064
v -0.064551 0.596450 -0.130308
v -0.124552 0.567455 -0.124552
v -0.181381 0.542935 -0.119526
v -0.236766 0.523892 -0.115887
v -0.292514 0.509951 -0.114097
v -0.331465 0.469300 -0.108139
v -0.359535 0.423961 -0.102261
v 0.346347 0.406471 -0.048224
v 0.323180 0.454575 -0.051759
v 0.290489 0.503850 -0.055834
v 0.248397 0.552701 -0.060173
v 0.197452 0.599634 -0.064526
v 0.138451 0.643308 -0.068649
v 0.070965 0.666805 -0.070965
v -0.000000 0.634196 -0.068327
v -0.065390 0.601782 -0.065391
v -0.126062 0.572024 -0.062415
v -0.183388 0.546980 -0.059773
v -0.239176 0.527731 -0.057821
v -0.295364 0.513899 -0.056833
v -0.343221 0.486826 -0.055192
v -0.373124 0.440442 -0.052164
v 0.339373 0.397234 -0.000000
v 0.318089 0.445645 -0.000000
v 0.286883 0.495392 -0.000000
v 0.245951 0.544818 -0.000000
v 0.195901 0.592390 -0.000000
v 0.137579 0.636749 -0.000000
v 0.071854 0.675624 -0.000000
v -0.000000 0.643318 -0.000000
v -0.066360 0.611097 -0.000000
v -0.128010 0.581367 -0.000000
v -0.186266 0.556141 0.000000
v -0.242888 0.536490 0.000000
v -0.299788 0.522073 -0.000000
v -0.353182 0.502236 -0.000000
v -0.385053 0.455248 -0.000000
v 0.331495 0.387629 0.046038
v 0.311577 0.435902 0.049771
v 0.281607 0.485542 0.054013
v 0.241823 0.534900 0.058496
v 0.192864 0.582455 0.062975
v 0.135591 0.626853 0.067210
v 0.070973 0.666895 0.070973
v -0.000000 0.654828 0.070083
v -0.067280 0.623822 0.067280
v -0.130034 0.594874 0.064413
v -0.189488 0.569817 0.061834
v -0.247261 0.549623 0.059883
v -0.305119 0.534006 0.058832
v -0.360559 0.514729 0.058163
v -0.394437 0.467480 0.055301
v 0.323501 0.378385 0.091907
v 0.304347 0.425906 0.099042
v 0.275286 0.474731 0.107150
v 0.236541 0.523291 0.115774
v 0.188744 0.570120 0.124462
v 0.132760 0.613885 0.132760
v 0.069532 0.653400 0.140205
v -0.000000 0.667411 0.142877
v -0.068216 0.638354 0.137590
v -0.132197 0.610701 0.132197
v -0.193055 0.586036 0.127352
v -0.252186 0.565193 0.123660
v -0.311107 0.547963 0.121593
v -0.365417 0.523631 0.119530
v -0.401118 0.476558 0.114210
v 0.316034 0.369828 0.137396
v 0.297125 0.415815 0.147546
v 0.268678 0.463014 0.159139
v 0.230820 0.510001 0.171551
v 0.184140 0.555399 0.184140
v 0.129504 0.597889 0.196266
v 0.067835 0.636292 0.207244
v -0.000000 0.669521 0.216404
v -0.069300 0.652519 0.211578
v -0.134682 0.626410 0.203990
v -0.197101 0.602233 0.197101
v -0.257661 0.580701 0.191694
v -0.317557 0.561705 0.188375
v -0.368042 0.528324 0.182713
v -0.405135 0.482009 0.175167
v 0.309392 0.361930 0.181625
v 0.290370 0.405542 0.194421
v 0.262326 0.450266 0.209235
v 0.225227 0.494877 0.225227
v 0.179568 0.538141 0.241503
v 0.126213 0.578754 0.257248
v 0.066090 0.615518 0.271595
v 0.000000 0.647323 0.283660
v -0.070651 0.663946 0.289480
v -0.137638 0.639458 0.279913
v -0.201705 0.615834 0.270999
v -0.263614 0.593708 0.263614
v -0.319748 0.564237 0.254925
v -0.358500 0.512361 0.239266
v -0.387313 0.459417 0.225419
v 0.303629 0.354073 0.224028
v 0.284437 0.394528 0.238928
v 0.256650 0.436070 0.256650
v 0.220190 0.477592 0.276094
v 0.175448 0.518066 0.295944
v 0.123228 0.556250 0.315161
v 0.064490 0.590912 0.332727
v 0.000000 0.620890 0.347588
v -0.069873 0.645044 0.358988
v -0.141200 0.647378 0.359735
v -0.203322 0.612159 0.342545
v -0.256256 0.567555 0.321420
v -0.300596 0.521225 0.300596
v -0.335707 0.473644 0.281260
v -0.360981 0.425248 0.264357
v 0.299247 0.345228 0.263443
v 0.280041 0.381695 0.280041
v 0.252284 0.419489 0.300613
v 0.216222 0.457472 0.323491
v 0.172202 0.494699 0.346847
v 0.120873 0.530036 0.369420
v 0.063219 0.562224 0.390071
v 0.000000 0.590039 0.407630
v -0.068549 0.612297 0.421186
v -0.135382 0.599247 0.412671
v -0.192604 0.559970 0.387989
v -0.241983 0.518832 0.362628
v -0.282980 0.476857 0.337790
v -0.315054 0.434490 0.315054
v -0.337340 0.392048 0.295742
v 0.297135 0.334596 0.297135
v 0.277846 0.366106 0.316234
v 0.249819 0.399589 0.340305
v 0.213885 0.433744 0.366793
v 0.170279 0.467491 0.393605
v 0.119471 0.499713 0.419426
v 0.062454 0.529145 0.443043
v 0.000000 0.554515 0.463214
v -0.067730 0.574635 0.478900
v -0.129170 0.542404 0.453178
v -0.183264 0.506057 0.424236
v -0.229565 0.468646 0.394690
v -0.267806 0.431335 0.365885
v -0.297754 0.394965 0.339713
v -0.318182 0.360007 0.318182
v 0.267743 -0.267744 0.299111
v 0.275021 -0.242902 0.315452
v 0.290071 -0.214495 0.337248
v 0.311313 -0.182704 0.364333
v 0.336762 -0.146183 0.395924
v 0.364587 -0.103713 0.430352
v 0.385218 -0.053944 0.455784
v 0.377335 -0.000000 0.445446
v 0.366246 0.051152 0.431716
v 0.353916 0.100647 0.416854
v 0.341239 0.148081 0.401561
v 0.328907 0.192592 0.386344
v 0.317441 0.233741 0.371215
v 0.307775 0.270674 0.355709
v 0.301048 0.301048 0.339320
v 0.241353 -0.273194 0.313206
v 0.246827 -0.246827 0.331614
v 0.259322 -0.218191 0.355773
v 0.277692 -0.186076 0.385664
v 0.299990 -0.148967 0.420360
v 0.324396 -0.105768 0.457988
v 0.337568 -0.054224 0.477729
v 0.333089 -0.000000 0.469834
v 0.330579 0.053027 0.466482
v 0.329930 0.107625 0.466844
v 0.318602 0.158196 0.449888
v 0.307344 0.205594 0.432155
v 0.296806 0.249140 0.413614
v 0.287969 0.287969 0.393650
v 0.281662 0.320734 0.371638
v 0.211760 -0.286182 0.332421
v 0.216727 -0.257549 0.353036
v 0.227467 -0.227467 0.379521
v 0.243027 -0.193878 0.411959
v 0.261859 -0.155061 0.449246
v 0.282427 -0.110030 0.489330
v 0.291072 -0.055953 0.505051
v 0.287457 0.000000 0.496579
v 0.285226 0.054755 0.493001
v 0.284794 0.110984 0.494169
v 0.286137 0.169582 0.498264
v 0.276303 0.220356 0.478007
v 0.267011 0.267011 0.456147
v 0.259064 0.308824 0.432160
v 0.253149 0.345041 0.405467
v 0.179431 -0.305489 0.357047
v 0.183786 -0.274211 0.380207
v 0.192727 -0.241580 0.409088
v 0.205362 -0.205362 0.443731
v 0.220531 -0.163829 0.482899
v 0.237013 -0.116012 0.524556
v 0.243212 -0.058851 0.538660
v 0.240561 0.000000 0.530167
v 0.238662 0.057690 0.526340
v 0.237944 0.116481 0.527048
v 0.238719 0.177479 0.530807
v 0.236110 0.236110 0.522896
v 0.228351 0.286350 0.497948
v 0.221630 0.331707 0.470353
v 0.216571 0.371571 0.439723
v 0.143047 -0.329365 0.386611
v 0.146531 -0.295078 0.412567
v 0.153441 -0.259152 0.443779
v 0.163048 -0.219491 0.480160
v 0.174477 -0.174477 0.520482
v 0.182957 -0.120582 0.548753
v 0.189608 -0.061875 0.570268
v 0.189882 0.000000 0.569746
v 0.188378 0.061459 0.565661
v 0.187476 0.123611 0.565437
v 0.187569 0.187569 0.567787
v 0.187451 0.252006 0.565805
v 0.181414 0.305919 0.538207
v 0.176193 0.354894 0.507465
v 0.172275 0.398313 0.473419
v 0.101254 -0.356030 0.419528
v 0.103752 -0.318388 0.448374
v 0.108531 -0.278711 0.481732
v 0.115050 -0.235105 0.519446
v 0.122641 -0.186028 0.560091
v 0.126409 -0.126409 0.577961
v 0.130915 -0.064856 0.599945
v 0.133522 0.000000 0.613270
v 0.132477 0.065643 0.608935
v 0.131626 0.131626 0.607473
v 0.131313 0.198964 0.607853
v 0.131265 0.267269 0.605594
v 0.127087 0.324732 0.575818
v 0.123476 0.377179 0.542453
v 0.120781 0.423984 0.505480
v 0.053706 -0.383599 0.453730
v 0.055048 -0.342376 0.485468
v 0.057520 -0.298716 0.520808
v 0.060820 -0.250933 0.559568
v 0.063841 -0.195427 0.592053
v 0.065808 -0.132805 0.610824
v 0.068060 -0.068060 0.632918
v 0.070294 0.000000 0.657304
v 0.069839 0.069839 0.653668
v 0.069307 0.139759 0.650834
v 0.068977 0.210624 0.648946
v 0.068507 0.281074 0.641183
v 0.066353 0.341813 0.609641
v 0.064485 0.397463 0.574119
v 0.063094 0.447398 0.534670
v 0.000000 -0.410252 0.487252
v 0.000000 -0.365338 0.521838
v 0.000000 -0.317653 0.559005
v 0.000000 -0.265727 0.598575
v 0.000000 -0.204755 0.625699
v 0.000000 -0.139054 0.645287
v 0.000000 -0.071136 0.667193
v 0.000000 0.000000 0.678047
v 0.000000 0.071352 0.669729
v 0.000000 0.141587 0.659949
v 0.000000 0.210853 0.648638
v -0.000000 0.279263 0.635370
v 0.000000 0.346863 0.619391
v 0.000000 0.413600 0.599666
v 0.000000 0.467329 0.559740
v -0.061180 -0.434387 0.518163
v -0.062501 -0.385880 0.555479
v -0.064828 -0.334374 0.594308
v -0.067877 -0.278604 0.634497
v -0.068804 -0.210111 0.647027
v -0.068625 -0.138404 0.643037
v -0.068365 -0.068365 0.636475
v -0.067842 0.000000 0.628508
v -0.066951 0.066951 0.619980
v -0.065840 0.132870 0.611193
v -0.064734 0.198069 0.601944
v -0.063836 0.262759 0.591590
v -0.063319 0.327014 0.579136
v -0.063336 0.390758 0.563328
v -0.064029 0.453752 0.542731
v -0.129719 -0.455088 0.544820
v -0.132295 -0.403468 0.584520
v -0.132230 -0.337488 0.601896
v -0.130849 -0.266445 0.603386
v -0.129838 -0.196765 0.599732
v -0.128985 -0.128985 0.592530
v -0.128040 -0.063409 0.583400
v -0.126716 0.000000 0.573877
v -0.124862 0.061811 0.565119
v -0.122786 0.122786 0.557466
v -0.120908 0.183442 0.550546
v -0.119566 0.244063 0.543438
v -0.119007 0.304693 0.534851
v -0.119450 0.365180 0.523251
v -0.121128 0.425192 0.507006
v -0.195448 -0.452977 0.542243
v -0.191005 -0.384765 0.554855
v -0.187639 -0.316326 0.559220
v -0.184915 -0.248628 0.556907
v -0.182532 -0.182532 0.549590
v -0.180318 -0.118813 0.539009
v -0.178074 -0.057977 0.527085
v -0.175545 0.000000 0.515807
v -0.172643 0.056142 0.506755
v -0.169850 0.111796 0.500364
v -0.167715 0.167715 0.496048
v -0.166574 0.224189 0.492535
v -0.166589 0.281133 0.488162
v -0.167936 0.338243 0.481049
v -0.170896 0.395061 0.469324
v -0.246392 -0.424630 0.506104
v -0.240349 -0.360145 0.514940
v -0.235402 -0.295211 0.515537
v -0.230904 -0.230904 0.509491
v -0.226470 -0.168286 0.498544
v -0.222063 -0.108475 0.484515
v -0.217706 -0.052345 0.469594
v -0.213392 -0.000000 0.456312
v -0.209299 0.050201 0.446829
v -0.206111 0.100433 0.441788
v -0.204378 0.151706 0.440351
v -0.204213 0.204213 0.440772
v -0.205485 0.257614 0.440913
v -0.208241 0.311365 0.438459
v -0.212779 0.364824 0.431280
v -0.289775 -0.397126 0.470106
v -0.282191 -0.336835 0.475383
v -0.275488 -0.275488 0.472573
v -0.268822 -0.214403 0.463158
v -0.261671 -0.154948 0.448866
v -0.254152 -0.098629 0.431524
v -0.246660 -0.046850 0.413507
v -0.239742 -0.000000 0.397936
v -0.234182 0.044293 0.387786
v -0.230972 0.089282 0.384134
v -0.230459 0.136279 0.385846
v -0.232203 0.185266 0.390478
v -0.235558 0.235558 0.395200
v -0.240373 0.286187 0.397229
v -0.246863 0.336102 0.394373
v -0.325775 -0.372761 0.435585
v -0.317073 -0.317073 0.437533
v -0.308689 -0.258952 0.431952
v -0.299566 -0.200474 0.419960
v -0.289083 -0.143558 0.403057
v -0.277513 -0.090040 0.382966
v -0.265699 -0.041912 0.362068
v -0.255056 -0.000000 0.343998
v -0.247530 0.038799 0.332829
v -0.244735 0.079044 0.330515
v -0.246533 0.122458 0.335551
v -0.251362 0.168745 0.344382
v -0.257698 0.216850 0.353267
v -0.265079 0.265079 0.359135
v -0.273700 0.311344 0.360096
v -0.354582 -0.354581 0.403953
v -0.346046 -0.303123 0.402748
v -0.336721 -0.247298 0.395141
v -0.325188 -0.190503 0.381693
v -0.311007 -0.135265 0.363498
v -0.294702 -0.083631 0.341960
v -0.277527 -0.038096 0.319162
v -0.261922 -0.000000 0.298869
v -0.251680 0.034293 0.286372
v -0.249806 0.070730 0.285172
v -0.255247 0.111628 0.293294
v -0.264366 0.156318 0.305597
v -0.274228 0.203353 0.317586
v -0.283813 0.250356 0.326257
v -0.293599 0.293599 0.330327
v -0.401129 -0.352242 0.352242
v -0.398840 -0.300427 0.342866
v -0.390120 -0.244453 0.332675
v -0.375376 -0.187665 0.320139
v -0.355574 -0.132597 0.304713
v -0.331972 -0.081362 0.286806
v -0.306510 -0.036629 0.267554
v -0.283128 -0.000000 0.249528
v -0.268528 0.032223 0.237615
v -0.268334 0.066905 0.236493
v -0.279666 0.107040 0.244422
v -0.295192 0.151644 0.256048
v -0.309743 0.198909 0.267908
v -0.320430 0.246337 0.279072
v -0.326269 0.290237 0.290238
v -0.417430 -0.357991 0.313251
v -0.429480 -0.311732 0.311732
v -0.421636 -0.253433 0.302004
v -0.407085 -0.195069 0.291354
v -0.387152 -0.138587 0.279058
v -0.363421 -0.085942 0.265299
v -0.338294 -0.039381 0.250925
v -0.316026 -0.000000 0.237710
v -0.302523 0.035573 0.228698
v -0.301583 0.072978 0.226655
v -0.310868 0.114744 0.230975
v -0.324598 0.160440 0.238743
v -0.337877 0.208615 0.247725
v -0.347504 0.257365 0.257365
v -0.351775 0.304574 0.267960
v -0.427071 -0.362450 0.265391
v -0.462626 -0.328568 0.275365
v -0.457278 -0.267595 0.267595
v -0.444329 -0.206855 0.259335
v -0.426079 -0.148197 0.250385
v -0.404354 -0.093270 0.240862
v -0.381795 -0.043697 0.231276
v -0.362350 0.000000 0.222528
v -0.350437 0.040579 0.216062
v -0.348178 0.082191 0.213384
v -0.353911 0.126819 0.214643
v -0.363710 0.174535 0.218717
v -0.373635 0.224428 0.224429
v -0.380489 0.275339 0.231416
v -0.382027 0.326153 0.239867
v -0.437915 -0.370127 0.215760
v -0.475829 -0.335200 0.223929
v -0.495899 -0.285318 0.227529
v -0.485712 -0.221668 0.221668
v -0.470372 -0.160260 0.215775
v -0.451837 -0.102325 0.209863
v -0.432684 -0.048869 0.204075
v -0.416194 0.000000 0.198634
v -0.405494 0.046308 0.194034
v -0.401783 0.092903 0.191175
v -0.403907 0.141322 0.190542
v -0.409211 0.191955 0.191955
v -0.414695 0.244405 0.194975
v -0.417533 0.298018 0.199456
v -0.415352 0.352093 0.205624
v -0.451423 -0.380843 0.164869
v -0.491342 -0.344731 0.171153
v -0.535981 -0.304817 0.180755
v -0.529247 -0.238127 0.177034
v -0.517461 -0.173641 0.173641
v -0.502581 -0.112199 0.170451
v -0.486919 -0.054351 0.167345
v -0.473048 0.000000 0.164179
v -0.463169 0.052207 0.161001
v -0.458027 0.104109 0.158383
v -0.456847 0.156866 0.156866
v -0.457793 0.210999 0.156675
v -0.458578 0.266481 0.157825
v -0.456840 0.322984 0.160369
v -0.450385 0.380018 0.164519
v -0.468193 -0.394505 0.112310
v -0.509831 -0.356793 0.116637
v -0.556355 -0.315212 0.123248
v -0.565596 -0.252336 0.123736
v -0.564860 -0.187320 0.123507
v -0.553704 -0.122121 0.122121
v -0.541334 -0.059730 0.120729
v -0.529712 0.000000 0.119086
v -0.520393 0.057899 0.117089
v -0.513906 0.115085 0.115085
v -0.509760 0.172396 0.113502
v -0.497637 0.226963 0.110945
v -0.484032 0.279836 0.108985
v -0.468773 0.331135 0.108029
v -0.450912 0.380842 0.108384
v -0.487885 -0.410521 0.057668
v -0.531038 -0.370693 0.059899
v -0.551573 -0.313642 0.060579
v -0.553883 -0.248834 0.060284
v -0.551206 -0.184517 0.060154
v -0.544660 -0.121307 0.060021
v -0.535385 -0.059698 0.059698
v -0.524476 0.000000 0.058984
v -0.512884 0.057769 0.057769
v -0.501338 0.113777 0.056232
v -0.490147 0.168207 0.054642
v -0.479128 0.221227 0.053243
v -0.467668 0.272936 0.052236
v -0.454840 0.323345 0.051787
v -0.439514 0.372392 0.052057
v -0.486615 -0.409750 0.000000
v -0.532193 -0.371759 0.000000
v -0.538508 -0.307739 0.000000
v -0.538610 -0.243667 0.000000
v -0.533643 -0.180286 0.000000
v -0.524845 -0.118245 0.000000
v -0.513537 -0.058053 0.000000
v -0.501070 -0.000000 -0.000000
v -0.488663 0.055935 -0.000000
v -0.477192 0.110012 -0.000000
v -0.466968 0.162563 0.000000
v -0.457662 0.213889 0.000000
v -0.448420 0.264161 0.000000
v -0.438073 0.313394 0.000000
v -0.425310 0.361480 0.000000
v -0.454664 -0.384334 -0.053814
v -0.503354 -0.353491 -0.056952
v -0.522352 -0.299465 -0.057673
v -0.520606 -0.236545 -0.057150
v -0.513722 -0.174504 -0.056770
v -0.503006 -0.114067 -0.056378
v -0.489932 -0.055801 -0.055801
v -0.476084 0.000000 -0.054864
v -0.462956 0.053489 -0.053489
v -0.451595 0.105132 -0.051882
v -0.442326 0.155434 -0.050326
v -0.434669 0.204809 -0.049056
v -0.427523 0.253460 -0.048244
v -0.419472 0.301368 -0.048023
v -0.409030 0.348364 -0.048521
v -0.420381 -0.356704 -0.101448
v -0.467637 -0.330425 -0.107791
v -0.504012 -0.289609 -0.112925
v -0.500879 -0.228173 -0.111555
v -0.492595 -0.167746 -0.110386
v -0.480484 -0.109177 -0.109177
v -0.466108 -0.053151 -0.107655
v -0.451234 -0.000000 -0.105527
v -0.437580 0.050656 -0.102697
v -0.426366 0.099610 -0.099610
v -0.417946 0.147527 -0.096832
v -0.411718 0.194884 -0.094773
v -0.406369 0.241848 -0.093668
v -0.400269 0.288325 -0.093668
v -0.391770 0.334084 -0.094948
v -0.385275 -0.328304 -0.142597
v -0.430775 -0.306554 -0.152222
v -0.478361 -0.276279 -0.163686
v -0.480312 -0.219549 -0.163092
v -0.471287 -0.160862 -0.160862
v -0.458493 -0.104194 -0.158510
v -0.443498 -0.050431 -0.155747
v -0.428154 -0.000000 -0.152246
v -0.414301 0.047796 -0.147948
v -0.403281 0.094169 -0.143555
v -0.395486 0.139884 -0.139884
v -0.390268 0.185364 -0.137436
v -0.386215 0.230642 -0.136388
v -0.381559 0.275533 -0.136839
v -0.374535 0.319773 -0.138981
v -0.350984 -0.300643 -0.176707
v -0.394279 -0.283186 -0.189693
v -0.439766 -0.257036 -0.205025
v -0.459629 -0.211537 -0.211537
v -0.450582 -0.154621 -0.208262
v -0.437929 -0.099707 -0.204670
v -0.423145 -0.047970 -0.200553
v -0.408048 -0.000000 -0.195637
v -0.394448 0.045267 -0.189955
v -0.383711 0.089502 -0.184428
v -0.376263 0.133446 -0.180047
v -0.371518 0.177315 -0.177315
v -0.368115 0.220937 -0.176301
v -0.364262 0.264041 -0.177091
v -0.358154 0.306374 -0.179928
v -0.318934 -0.275315 -0.204117
v -0.359426 -0.261689 -0.220146
v -0.402171 -0.239155 -0.239155
v -0.439300 -0.204839 -0.256801
v -0.430903 -0.149627 -0.252774
v -0.419180 -0.096194 -0.248114
v -0.405433 -0.046047 -0.242743
v -0.391312 -0.000000 -0.236537
v -0.378451 0.043365 -0.229653
v -0.368136 0.086127 -0.223146
v -0.360807 0.128861 -0.218058
v -0.356026 0.171454 -0.214846
v -0.352559 0.213552 -0.213552
v -0.348720 0.254752 -0.214417
v -0.342927 0.294647 -0.217712
v -0.290039 -0.254346 -0.225373
v -0.326808 -0.243640 -0.243640
v -0.366196 -0.223768 -0.266076
v -0.407248 -0.195138 -0.291458
v -0.412159 -0.146403 -0.294820
v -0.402001 -0.094030 -0.289408
v -0.389954 -0.044880 -0.283026
v -0.377389 -0.000000 -0.275763
v -0.365652 0.042293 -0.267926
v -0.355885 0.084362 -0.260589
v -0.348537 0.126517 -0.254718
v -0.343345 0.168310 -0.250700
v -0.339222 0.209335 -0.248596
v -0.334732 0.248895 -0.248895
v -0.328772 0.285859 -0.252091
v -0.264925 -0.239428 -0.239429
v -0.296816 -0.230047 -0.259860
v -0.332212 -0.211641 -0.286014
v -0.369904 -0.185206 -0.315765
v -0.393691 -0.145431 -0.334988
v -0.385523 -0.093528 -0.329144
v -0.375608 -0.044644 -0.322019
v -0.364948 -0.000000 -0.313951
v -0.354538 0.042200 -0.305411
v -0.345370 0.084406 -0.297399
v -0.337932 0.126657 -0.290701
v -0.332150 0.168247 -0.285590
v -0.327200 0.208801 -0.281975
v -0.321950 0.247385 -0.280309
v -0.315906 0.281655 -0.281655
v -0.211947 -0.231746 -0.211947
v -0.180359 -0.224787 -0.201257
v -0.148738 -0.221198 -0.196561
v -0.122588 -0.230514 -0.204352
v -0.098965 -0.255683 -0.225374
v -0.071578 -0.288905 -0.252757
v -0.038707 -0.324423 -0.281673
v -0.000000 -0.359418 -0.309597
v 0.046544 -0.391991 -0.334933
v 0.101491 -0.420572 -0.356855
v 0.156074 -0.425302 -0.360095
v 0.202263 -0.407872 -0.346113
v 0.244595 -0.390371 -0.332877
v 0.282224 -0.372453 -0.321397
v 0.312867 -0.353590 -0.312867
v -0.223686 -0.252355 -0.199376
v -0.190843 -0.247200 -0.190843
v -0.159450 -0.245992 -0.188179
v -0.131785 -0.256343 -0.195210
v -0.105384 -0.280923 -0.212100
v -0.075642 -0.314290 -0.234596
v -0.040727 -0.350936 -0.258781
v -0.000000 -0.387669 -0.282137
v 0.048321 -0.422272 -0.303108
v 0.104685 -0.452823 -0.321168
v 0.161435 -0.460251 -0.325134
v 0.216549 -0.458250 -0.323988
v 0.261788 -0.437251 -0.312123
v 0.301628 -0.414245 -0.301628
v 0.334839 -0.388974 -0.293621
v -0.245039 -0.281363 -0.182828
v -0.210602 -0.280592 -0.177964
v -0.178092 -0.283848 -0.178092
v -0.147474 -0.296210 -0.184709
v -0.116663 -0.319631 -0.197665
v -0.082792 -0.351226 -0.214875
v -0.044199 -0.386839 -0.233723
v 0.000000 -0.423290 -0.252005
v 0.051283 -0.458090 -0.268289
v 0.107865 -0.478354 -0.277059
v 0.162400 -0.474022 -0.274130
v 0.218384 -0.473086 -0.273824
v 0.275938 -0.473445 -0.275938
v 0.324448 -0.456270 -0.271964
v 0.361359 -0.425718 -0.264624
v -0.272342 -0.315577 -0.160801
v -0.235842 -0.320049 -0.158530
v -0.200757 -0.328062 -0.160244
v -0.166246 -0.343021 -0.166246
v -0.130582 -0.366209 -0.176230
v -0.091832 -0.396089 -0.189049
v -0.048602 -0.429855 -0.203031
v 0.000000 -0.464778 -0.216506
v 0.055058 -0.498395 -0.228342
v 0.110803 -0.496882 -0.226681
v 0.166576 -0.492540 -0.224191
v 0.224076 -0.491912 -0.224076
v 0.283695 -0.492678 -0.226238
v 0.345555 -0.492064 -0.230745
v 0.389984 -0.462759 -0.226920
v -0.302458 -0.352734 -0.131641
v -0.263466 -0.362415 -0.130855
v -0.225068 -0.374961 -0.133054
v -0.186267 -0.392646 -0.138114
v -0.145643 -0.416294 -0.145643
v -0.101747 -0.445020 -0.154861
v -0.053448 -0.476914 -0.164673
v -0.000000 -0.509767 -0.173939
v 0.058413 -0.531923 -0.179366
v 0.115694 -0.521834 -0.175666
v 0.173480 -0.516880 -0.173480
v 0.232948 -0.515607 -0.173148
v 0.294751 -0.515657 -0.174734
v 0.359151 -0.514219 -0.178304
v 0.418661 -0.499038 -0.180901
v -0.333348 -0.390840 -0.094736
v -0.291528 -0.405393 -0.094742
v -0.249513 -0.422040 -0.096758
v -0.206319 -0.442345 -0.100538
v -0.160768 -0.466830 -0.105707
v -0.111724 -0.494893 -0.111724
v -0.058313 -0.525135 -0.117913
v 0.000000 -0.555776 -0.123589
v 0.061657 -0.563368 -0.124558
v 0.121939 -0.552674 -0.121939
v 0.182362 -0.546555 -0.120183
v 0.244173 -0.543733 -0.119621
v 0.308198 -0.542015 -0.120420
v 0.374845 -0.538717 -0.122692
v 0.444141 -0.530975 -0.126573
v -0.363340 -0.428029 -0.050725
v -0.318519 -0.447074 -0.050961
v -0.272813 -0.467414 -0.052211
v -0.225303 -0.490165 -0.054283
v -0.175015 -0.515632 -0.056943
v -0.121073 -0.543318 -0.059904
v -0.062847 -0.572115 -0.062847
v 0.000000 -0.600558 -0.065462
v 0.065141 -0.598876 -0.065141
v 0.128767 -0.587585 -0.063776
v 0.192192 -0.579939 -0.062748
v 0.256600 -0.574912 -0.062265
v 0.322878 -0.570611 -0.062472
v 0.391547 -0.564598 -0.063471
v 0.462751 -0.554147 -0.065354
v -0.390945 -0.462731 -0.000000
v -0.343070 -0.485930 -0.000000
v -0.293757 -0.509604 -0.000000
v -0.242183 -0.534575 -0.000000
v -0.187557 -0.560997 -0.000000
v -0.129227 -0.588410 -0.000000
v -0.066767 -0.615883 0.000000
v 0.000000 -0.642178 0.000000
v 0.068477 -0.635969 -0.000000
v 0.135400 -0.624136 -0.000000
v 0.201863 -0.614818 -0.000000
v 0.268914 -0.607239 0.000000
v 0.337408 -0.599845 -0.000000
v 0.407917 -0.590502 -0.000000
v 0.470231 -0.563426 -0.000000
v -0.412130 -0.489926 0.057904
v -0.364130 -0.520476 0.058775
v -0.311499 -0.547155 0.060139
v -0.256304 -0.574111 0.062190
v -0.197921 -0.601389 0.064684
v -0.135886 -0.628547 0.067358
v -0.069933 -0.654765 0.069933
v 0.000000 -0.678972 0.072139
v 0.071418 -0.672083 0.071418
v 0.141314 -0.659779 0.070090
v 0.210579 -0.648777 0.068962
v 0.280091 -0.638523 0.068257
v 0.341230 -0.608440 0.066233
v 0.393540 -0.567806 0.063813
v 0.441599 -0.527313 0.062241
v -0.396152 -0.470276 0.112783
v -0.359491 -0.514148 0.117542
v -0.318358 -0.562787 0.124517
v -0.260969 -0.588720 0.128089
v -0.197568 -0.602696 0.130377
v -0.133813 -0.619841 0.133813
v -0.068387 -0.640313 0.137931
v -0.000000 -0.663314 0.142169
v 0.072494 -0.687269 0.146091
v 0.144510 -0.680349 0.144510
v 0.208189 -0.641911 0.137497
v 0.266220 -0.602782 0.130735
v 0.318886 -0.563867 0.124730
v 0.366721 -0.525718 0.119967
v 0.410496 -0.488420 0.116905
v -0.382465 -0.453466 0.165557
v -0.347394 -0.495568 0.172474
v -0.307988 -0.542383 0.182652
v -0.250868 -0.562808 0.186597
v -0.189728 -0.575589 0.189728
v -0.128402 -0.591823 0.194623
v -0.065617 -0.611723 0.200681
v -0.000000 -0.634517 0.207099
v 0.069847 -0.658579 0.213197
v 0.135359 -0.630136 0.205000
v 0.194326 -0.592203 0.194325
v 0.247655 -0.554344 0.184185
v 0.295680 -0.517532 0.175290
v 0.339003 -0.482255 0.168313
v 0.378482 -0.448451 0.163869
v -0.371657 -0.439829 0.216619
v -0.337725 -0.479788 0.225591
v -0.299539 -0.524127 0.238846
v -0.242947 -0.540497 0.242946
v -0.183656 -0.552488 0.246950
v -0.124169 -0.567896 0.253194
v -0.063398 -0.586943 0.261043
v -0.000000 -0.608918 0.269532
v 0.066072 -0.615332 0.271527
v 0.126206 -0.578722 0.257236
v 0.180571 -0.541660 0.242839
v 0.229340 -0.505466 0.229340
v 0.272873 -0.471199 0.217627
v 0.311842 -0.439207 0.208555
v 0.347161 -0.409183 0.202852
v -0.363826 -0.428780 0.266358
v -0.330858 -0.466161 0.277256
v -0.293487 -0.507449 0.293487
v -0.237893 -0.521749 0.298342
v -0.179973 -0.533340 0.303509
v -0.121605 -0.548022 0.311136
v -0.062011 -0.565975 0.320629
v -0.000000 -0.586558 0.330981
v 0.061795 -0.563809 0.319578
v 0.117628 -0.527856 0.301272
v 0.167750 -0.492083 0.283075
v 0.212326 -0.457975 0.266211
v 0.251791 -0.426654 0.251790
v 0.286849 -0.398250 0.240919
v 0.318268 -0.372240 0.234322
v -0.359160 -0.418867 0.314243
v -0.327345 -0.453022 0.327345
v -0.290428 -0.490778 0.346811
v -0.236345 -0.505402 0.354062
v -0.179141 -0.516899 0.360840
v -0.121064 -0.530949 0.369991
v -0.061667 -0.547646 0.381013
v -0.000000 -0.547828 0.381455
v 0.058089 -0.514037 0.360129
v 0.110228 -0.479259 0.337688
v 0.156726 -0.445185 0.315637
v 0.197751 -0.413472 0.295428
v 0.233972 -0.385267 0.278436
v 0.266057 -0.360609 0.266056
v 0.294108 -0.338911 0.259086
v -0.358288 -0.408428 0.358288
v -0.327742 -0.438437 0.375082
v -0.290931 -0.472146 0.398770
v -0.238846 -0.489307 0.411204
v -0.181515 -0.500862 0.420110
v -0.122794 -0.514338 0.430988
v -0.062465 -0.529240 0.443118
v -0.000000 -0.499633 0.420000
v 0.055292 -0.467403 0.394376
v 0.104631 -0.434393 0.367782
v 0.148366 -0.402409 0.341913
v 0.186713 -0.373256 0.318445
v 0.220700 -0.348200 0.298896
v 0.251161 -0.327424 0.284762
v 0.277082 -0.310385 0.277082
v 0.344621 -0.305439 -0.305439
v 0.352496 -0.268457 -0.305160
v 0.357576 -0.226013 -0.306451
v 0.360841 -0.181135 -0.308522
v 0.363658 -0.135319 -0.311134
v 0.367135 -0.089351 -0.314606
v 0.371873 -0.044211 -0.319076
v 0.378054 -0.000000 -0.324272
v 0.376233 0.044716 -0.322512
v 0.365794 0.089046 -0.313547
v 0.361274 0.134517 -0.309241
v 0.361466 0.181416 -0.309021
v 0.363931 0.229614 -0.311572
v 0.365889 0.277696 -0.316057
v 0.365420 0.322666 -0.322665
v 0.378522 -0.326336 -0.286411
v 0.391613 -0.286619 -0.286619
v 0.400991 -0.242386 -0.288626
v 0.407796 -0.195368 -0.291808
v 0.413406 -0.146793 -0.295606
v 0.418779 -0.097548 -0.299893
v 0.424454 -0.048553 -0.304464
v 0.426609 0.000000 -0.306285
v 0.409803 0.046993 -0.295360
v 0.398640 0.093326 -0.287308
v 0.393314 0.140513 -0.282942
v 0.392555 0.188969 -0.282087
v 0.393917 0.238601 -0.284041
v 0.394479 0.288519 -0.288519
v 0.391865 0.337191 -0.295615
v 0.414652 -0.352442 -0.258354
v 0.432379 -0.308966 -0.259181
v 0.445866 -0.261706 -0.261705
v 0.456253 -0.211635 -0.265343
v 0.464751 -0.159654 -0.269539
v 0.472110 -0.106633 -0.274004
v 0.478823 -0.053345 -0.278348
v 0.469435 0.000000 -0.274326
v 0.452524 0.050730 -0.265589
v 0.440636 0.100426 -0.258609
v 0.433868 0.150505 -0.254243
v 0.431059 0.201535 -0.252650
v 0.430075 0.253556 -0.253556
v 0.419422 0.300569 -0.252248
v 0.402070 0.342304 -0.251224
v 0.451528 -0.381008 -0.221875
v 0.473435 -0.333673 -0.222924
v 0.490843 -0.282770 -0.225502
v 0.504723 -0.229052 -0.229051
v 0.516002 -0.173261 -0.233098
v 0.525290 -0.116150 -0.237287
v 0.529538 -0.057991 -0.239843
v 0.514098 0.000000 -0.234650
v 0.496888 0.054916 -0.227786
v 0.479015 0.107440 -0.220010
v 0.461371 0.157695 -0.212358
v 0.444551 0.205681 -0.205681
v 0.428750 0.251486 -0.200609
v 0.413611 0.295517 -0.197809
v 0.398199 0.338382 -0.197918
v 0.487917 -0.409828 -0.177156
v 0.513668 -0.358804 -0.178132
v 0.534707 -0.304186 -0.180378
v 0.551779 -0.246681 -0.183454
v 0.549287 -0.182449 -0.182449
v 0.537262 -0.118496 -0.179845
v 0.521514 -0.057474 -0.176586
v 0.503282 0.000000 -0.172215
v 0.483841 0.054073 -0.166523
v 0.464561 0.105295 -0.160153
v 0.446563 0.154020 -0.154020
v 0.430508 0.200641 -0.148901
v 0.416427 0.245605 -0.145338
v 0.403649 0.289456 -0.143743
v 0.390869 0.332746 -0.144481
v 0.522596 -0.437517 -0.124670
v 0.551833 -0.383041 -0.125442
v 0.557384 -0.315715 -0.123451
v 0.553698 -0.247894 -0.121497
v 0.543732 -0.181597 -0.119670
v 0.528665 -0.117695 -0.117695
v 0.509810 -0.056973 -0.115250
v 0.488639 0.000000 -0.111989
v 0.466762 0.053208 -0.107768
v 0.445907 0.103064 -0.103064
v 0.427544 0.150127 -0.098574
v 0.412469 0.195165 -0.094915
v 0.400519 0.238986 -0.092514
v 0.390590 0.282277 -0.091638
v 0.380937 0.325519 -0.092487
v 0.541115 -0.452479 -0.063842
v 0.551880 -0.383644 -0.062118
v 0.553780 -0.314712 -0.060798
v 0.547937 -0.246638 -0.059724
v 0.535498 -0.180321 -0.058736
v 0.517695 -0.116620 -0.057663
v 0.495942 -0.056317 -0.056317
v 0.471902 0.000000 -0.054508
v 0.447521 0.052165 -0.052166
v 0.424964 0.100504 -0.049553
v 0.406171 0.145777 -0.047062
v 0.392165 0.189112 -0.045052
v 0.382557 0.231645 -0.043773
v 0.375703 0.274171 -0.043363
v 0.369341 0.317080 -0.043917
v 0.537257 -0.449626 -0.000000
v 0.546807 -0.380821 -0.000000
v 0.547293 -0.311988 -0.000000
v 0.539816 -0.244111 -0.000000
v 0.525504 -0.178122 -0.000000
v 0.505588 -0.114918 -0.000000
v 0.481511 -0.055326 -0.000000
v 0.455053 -0.000000 -0.000000
v 0.428431 0.050806 0.000000
v 0.404249 0.097409 -0.000000
v 0.384996 0.140774 -0.000000
v 0.372016 0.182382 -0.000000
v 0.364672 0.223651 -0.000000
v 0.360699 0.265413 -0.000000
v 0.357293 0.307925 -0.000000
v 0.529605 -0.443406 0.062507
v 0.538606 -0.375396 0.060705
v 0.538256 -0.307181 0.059255
v 0.529865 -0.239964 0.058022
v 0.514524 -0.174719 0.056843
v 0.493434 -0.112404 0.055541
v 0.468026 -0.053923 0.053923
v 0.440118 -0.000000 0.051801
v 0.412061 0.049125 0.049126
v 0.386745 0.093862 0.046210
v 0.367126 0.135347 0.043537
v 0.354903 0.175351 0.041542
v 0.349264 0.215493 0.040462
v 0.347395 0.256581 0.040350
v 0.346044 0.298716 0.041215
v 0.490890 -0.412450 0.117467
v 0.527833 -0.368043 0.120411
v 0.527229 -0.300965 0.117504
v 0.518693 -0.234824 0.114908
v 0.503276 -0.170639 0.112325
v 0.482134 -0.109468 0.109469
v 0.456668 -0.052325 0.106014
v 0.428682 -0.000000 0.101631
v 0.400511 0.047414 0.096254
v 0.375071 0.090542 0.090542
v 0.355443 0.130598 0.085483
v 0.343512 0.169419 0.081936
v 0.338493 0.208646 0.080281
v 0.337392 0.249032 0.080485
v 0.336777 0.290605 0.082454
v 0.451076 -0.380567 0.164752
v 0.487787 -0.342490 0.170042
v 0.514612 -0.294233 0.174425
v 0.506661 -0.229552 0.170599
v 0.491111 -0.166348 0.166348
v 0.472075 -0.106660 0.162188
v 0.447873 -0.050826 0.156916
v 0.421270 -0.000000 0.150416
v 0.394460 0.046005 0.142648
v 0.370123 0.088148 0.134574
v 0.351020 0.127578 0.127578
v 0.338896 0.165861 0.122799
v 0.333206 0.204388 0.120685
v 0.331326 0.243870 0.121138
v 0.330030 0.284424 0.123996
v 0.411917 -0.349347 0.204080
v 0.444952 -0.315506 0.210966
v 0.479924 -0.277269 0.221125
v 0.488584 -0.222783 0.222783
v 0.473029 -0.161016 0.216784
v 0.457183 -0.103331 0.211859
v 0.441178 -0.049669 0.207212
v 0.417099 -0.000000 0.198967
v 0.392749 0.045107 0.189328
v 0.370404 0.086997 0.179460
v 0.352249 0.126604 0.170930
v 0.339687 0.164952 0.164952
v 0.332470 0.202978 0.162011
v 0.328668 0.241339 0.162148
v 0.325596 0.280350 0.165302
v 0.375003 -0.320494 0.235887
v 0.404036 -0.290599 0.244015
v 0.435412 -0.256310 0.256311
v 0.469389 -0.216902 0.271961
v 0.460373 -0.158357 0.267370
v 0.446758 -0.101633 0.261604
v 0.435386 -0.049026 0.257275
v 0.414449 -0.000000 0.247729
v 0.393048 0.044816 0.236735
v 0.373021 0.087091 0.225536
v 0.355994 0.127435 0.215674
v 0.343031 0.166245 0.208298
v 0.334048 0.203999 0.203999
v 0.327782 0.241183 0.203214
v 0.322388 0.278098 0.206075
v 0.341556 -0.296260 0.260911
v 0.366146 -0.269728 0.269729
v 0.393655 -0.238460 0.283871
v 0.424399 -0.202338 0.302397
v 0.451527 -0.158708 0.319635
v 0.441117 -0.102231 0.313852
v 0.428911 -0.049027 0.307234
v 0.411274 -0.000000 0.296775
v 0.392833 0.045187 0.284815
v 0.375056 0.088382 0.272570
v 0.359169 0.129840 0.261420
v 0.345989 0.169420 0.252387
v 0.335449 0.207316 0.246151
v 0.326768 0.243613 0.243613
v 0.319032 0.277934 0.245372
v 0.312648 -0.278956 0.278956
v 0.332270 -0.254504 0.288705
v 0.355663 -0.224929 0.304910
v 0.383081 -0.191126 0.326298
v 0.414126 -0.152311 0.351219
v 0.432326 -0.104161 0.366148
v 0.420042 -0.049798 0.357044
v 0.405587 -0.000000 0.345950
v 0.389884 0.046300 0.333273
v 0.374127 0.090940 0.320135
v 0.359319 0.133858 0.307688
v 0.346151 0.174536 0.296781
v 0.334619 0.213004 0.287953
v 0.324244 0.248968 0.282175
v 0.314927 0.280844 0.280844
v -0.221359 -0.221359 -0.243110
v -0.240935 -0.214001 -0.273556
v -0.267827 -0.198852 -0.309642
v -0.298850 -0.175700 -0.348741
v -0.331430 -0.143923 -0.389212
v -0.346743 -0.098585 -0.407782
v -0.341311 -0.047483 -0.400081
v -0.334586 -0.000000 -0.391154
v -0.326851 0.045355 -0.381738
v -0.318899 0.090584 -0.372563
v -0.311400 0.135432 -0.363993
v -0.304687 0.178980 -0.356044
v -0.298855 0.220671 -0.348149
v -0.294477 0.259399 -0.339365
v -0.292539 0.292539 -0.329047
v -0.192510 -0.215588 -0.242402
v -0.211086 -0.211086 -0.277722
v -0.235313 -0.198368 -0.318725
v -0.263015 -0.176416 -0.362653
v -0.292031 -0.145020 -0.407734
v -0.318852 -0.103908 -0.449118
v -0.315213 -0.050394 -0.441754
v -0.310145 -0.000000 -0.432834
v -0.303653 0.048414 -0.423149
v -0.296466 0.096398 -0.413295
v -0.289343 0.143688 -0.403470
v -0.282763 0.189414 -0.393616
v -0.277090 0.232861 -0.383190
v -0.273068 0.273068 -0.371181
v -0.271380 0.308608 -0.356734
v -0.162299 -0.215846 -0.245132
v -0.180289 -0.213418 -0.284938
v -0.202028 -0.202028 -0.330228
v -0.226102 -0.180411 -0.378367
v -0.251062 -0.148602 -0.427444
v -0.275723 -0.107326 -0.475624
v -0.281210 -0.053932 -0.484723
v -0.277525 -0.000000 -0.476048
v -0.272216 0.052088 -0.466184
v -0.265935 0.103380 -0.455613
v -0.259472 0.153633 -0.444426
v -0.253382 0.202118 -0.432513
v -0.248079 0.248079 -0.419461
v -0.244188 0.290808 -0.404360
v -0.242286 0.329593 -0.386295
v -0.134134 -0.224894 -0.256214
v -0.149465 -0.222070 -0.298456
v -0.167641 -0.210053 -0.346514
v -0.187445 -0.187445 -0.397601
v -0.207856 -0.154317 -0.449514
v -0.227950 -0.111443 -0.500280
v -0.239165 -0.057818 -0.527700
v -0.236614 0.000000 -0.519438
v -0.232435 0.056102 -0.509477
v -0.227178 0.111053 -0.498212
v -0.221588 0.164622 -0.485682
v -0.216242 0.216242 -0.471742
v -0.211556 0.265244 -0.456056
v -0.208022 0.311032 -0.437938
v -0.206178 0.353080 -0.416588
v -0.106391 -0.242892 -0.277740
v -0.117570 -0.236674 -0.319910
v -0.131212 -0.221988 -0.368741
v -0.146211 -0.197057 -0.421067
v -0.161710 -0.161710 -0.474351
v -0.172307 -0.113442 -0.509431
v -0.175149 -0.056988 -0.516134
v -0.177472 0.000000 -0.523056
v -0.178785 0.058217 -0.529746
v -0.179392 0.118192 -0.535592
v -0.176002 0.176002 -0.525994
v -0.171605 0.230893 -0.510192
v -0.167744 0.283065 -0.492062
v -0.164825 0.331970 -0.471096
v -0.163277 0.377087 -0.446695
v -0.075601 -0.266756 -0.306611
v -0.082662 -0.255522 -0.347776
v -0.091622 -0.236775 -0.395998
v -0.101629 -0.208483 -0.448140
v -0.107981 -0.164159 -0.479351
v -0.109743 -0.109743 -0.483684
v -0.111726 -0.055200 -0.489535
v -0.113441 0.000000 -0.497040
v -0.114526 0.056609 -0.505642
v -0.115170 0.115169 -0.514382
v -0.115719 0.175703 -0.521972
v -0.116471 0.237924 -0.526995
v -0.117324 0.300518 -0.526314
v -0.115162 0.352397 -0.502797
v -0.113996 0.400372 -0.475614
v -0.040364 -0.292935 -0.338710
v -0.043729 -0.276307 -0.379140
v -0.048123 -0.252869 -0.426304
v -0.050576 -0.210769 -0.450810
v -0.051094 -0.157707 -0.450834
v -0.051968 -0.105304 -0.452582
v -0.053012 -0.053012 -0.457400
v -0.053975 0.000000 -0.465647
v -0.054655 0.054655 -0.476564
v -0.055123 0.111572 -0.488650
v -0.055537 0.170855 -0.500058
v -0.056052 0.232241 -0.508951
v -0.056809 0.295248 -0.513659
v -0.057944 0.359282 -0.512674
v -0.059323 0.421768 -0.502155
v -0.000000 -0.318829 -0.371142
v -0.000000 -0.296864 -0.411417
v -0.000000 -0.253916 -0.427239
v -0.000000 -0.201169 -0.423084
v -0.000000 -0.149820 -0.419030
v -0.000000 -0.099733 -0.417697
v 0.000000 -0.050197 -0.421273
v 0.000000 0.000000 -0.430491
v 0.000000 0.052149 -0.444207
v 0.000000 0.107053 -0.460068
v 0.000000 0.164829 -0.475494
v 0.000000 0.225133 -0.488227
v -0.000000 0.287378 -0.496417
v -0.000000 0.350876 -0.498517
v -0.000000 0.414878 -0.493127
v 0.047675 -0.342619 -0.401741
v 0.046867 -0.294624 -0.408618
v 0.045802 -0.241546 -0.402964
v 0.045275 -0.189985 -0.394528
v 0.045249 -0.140410 -0.386082
v 0.045724 -0.092896 -0.381187
v 0.046662 -0.046662 -0.383327
v 0.047861 0.000000 -0.393841
v 0.049021 0.049021 -0.410842
v 0.050055 0.101502 -0.430706
v 0.051020 0.157489 -0.450021
v 0.052027 0.216457 -0.466211
v 0.053202 0.277651 -0.477387
v 0.054685 0.340261 -0.482062
v 0.056629 0.403461 -0.478929
v 0.094962 -0.334133 -0.391832
v 0.091206 -0.280988 -0.388527
v 0.088430 -0.228856 -0.379808
v 0.086482 -0.178436 -0.367662
v 0.085406 -0.130483 -0.355018
v 0.085467 -0.085467 -0.346365
v 0.086956 -0.042734 -0.347009
v 0.089622 -0.000000 -0.359176
v 0.092629 0.045589 -0.379652
v 0.095513 0.095513 -0.403189
v 0.098237 0.149624 -0.425686
v 0.100941 0.207119 -0.444487
v 0.103817 0.267018 -0.457828
v 0.107105 0.328380 -0.464364
v 0.111108 0.390321 -0.462901
v 0.139135 -0.320134 -0.374990
v 0.133288 -0.268371 -0.370197
v 0.128534 -0.217511 -0.359701
v 0.124632 -0.168302 -0.345327
v 0.121735 -0.121735 -0.329909
v 0.120580 -0.078767 -0.318454
v 0.122229 -0.039104 -0.318015
v 0.126607 -0.000000 -0.331700
v 0.132018 0.042412 -0.354662
v 0.137348 0.090008 -0.380363
v 0.142369 0.142369 -0.404465
v 0.147180 0.198347 -0.424465
v 0.151971 0.256694 -0.438817
v 0.157084 0.316359 -0.446330
v 0.163008 0.376453 -0.445897
v 0.180623 -0.307611 -0.359702
v 0.173069 -0.257930 -0.354682
v 0.166704 -0.208875 -0.344176
v 0.161173 -0.161173 -0.329958
v 0.156695 -0.115921 -0.314753
v 0.154469 -0.074399 -0.303470
v 0.156243 -0.036669 -0.303163
v 0.162067 -0.000000 -0.316792
v 0.169597 0.040075 -0.339321
v 0.177206 0.085861 -0.364369
v 0.184414 0.136723 -0.387766
v 0.191161 0.191161 -0.407168
v 0.197574 0.247671 -0.421178
v 0.204137 0.305131 -0.428685
v 0.211578 0.362687 -0.428607
v 0.219546 -0.297256 -0.346164
v 0.210932 -0.250530 -0.342207
v 0.203773 -0.203773 -0.333610
v 0.197724 -0.157831 -0.322042
v 0.192967 -0.113853 -0.310145
v 0.190858 -0.073109 -0.302126
v 0.193061 -0.035865 -0.303025
v 0.199480 -0.000000 -0.314703
v 0.207975 0.038921 -0.333766
v 0.216906 0.083611 -0.355378
v 0.225507 0.133316 -0.375846
v 0.233445 0.186254 -0.392942
v 0.240756 0.240756 -0.405273
v 0.248137 0.295591 -0.411740
v 0.256499 0.349806 -0.411380
v 0.255783 -0.290212 -0.334123
v 0.247257 -0.247257 -0.332262
v 0.240651 -0.202775 -0.326962
v 0.235495 -0.158302 -0.319506
v 0.231815 -0.115160 -0.312202
v 0.230783 -0.074363 -0.308188
v 0.233582 -0.036410 -0.310382
v 0.240022 -0.000000 -0.319753
v 0.248525 0.038970 -0.334431
v 0.257738 0.083406 -0.351323
v 0.266715 0.132466 -0.367571
v 0.274861 0.184213 -0.381227
v 0.282075 0.236977 -0.390883
v 0.289197 0.289197 -0.395501
v 0.297383 0.339276 -0.394427
v 0.288066 -0.288065 -0.323646
v 0.282006 -0.248824 -0.324036
v 0.277981 -0.205993 -0.322244
v 0.275015 -0.162303 -0.318920
v 0.273190 -0.119234 -0.315885
v 0.273556 -0.077555 -0.315213
v 0.276951 -0.038012 -0.318432
v 0.283259 -0.000000 -0.325968
v 0.291398 0.040138 -0.336760
v 0.300265 0.085230 -0.348995
v 0.308830 0.134342 -0.360757
v 0.316304 0.185509 -0.370577
v 0.318100 0.234204 -0.372033
v 0.321320 0.282158 -0.372357
v 0.326572 0.326572 -0.370137
vn 0.7652 -0.0547 -0.6415
vn 0.3270 -0.0497 -0.9437
vn 0.9428 0.3020 0.1413
vn 0.3031 -0.3982 0.8658
vn -0.8890 0.1808 -0.4208
vn 0.3666 -0.8229 -0.4341
vn -0.7453 -0.1979 0.6367
vn -0.8229 -0.3088 0.4770
vn 0.3458 -0.7629 -0.5463
vn 0.2529 -0.7340 -0.6303
vn 0.1352 -0.7012 -0.7000
vn 0.0139 -0.6814 -0.7318
vn -0.1049 -0.6786 -0.7270
vn -0.2137 -0.6851 -0.6964
vn -0.3103 -0.6986 -0.6447
vn -0.4824 -0.7495 -0.4534
vn -0.6657 -0.7421 0.0781
vn -0.6649 -0.6304 0.4006
vn -0.6806 -0.6437 0.3500
vn -0.6955 -0.6583 0.2879
vn -0.7058 -0.6699 0.2304
vn -0.7233 -0.6568 0.2133
vn -0.7843 -0.5584 0.2703
vn 0.3190 -0.0409 -0.9469
vn 0.3245 -0.0405 -0.9450
vn 0.3319 -0.0453 -0.9422
vn 0.3380 -0.0568 -0.9394
vn 0.3012 -0.1448 -0.9425
vn -0.0602 -0.4351 -0.8983
vn -0.5192 -0.6097 -0.5989
vn -0.6907 -0.6067 -0.3934
vn -0.7516 -0.5897 -0.2955
vn -0.7684 -0.6113 -0.1896
vn -0.7229 -0.6851 -0.0897
vn -0.5348 -0.8412 -0.0793
vn -0.1465 -0.9744 -0.1707
vn 0.1746 -0.9464 -0.2718
vn 0.3195 -0.8768 -0.3594
vn 0.7711 -0.0782 -0.6318
vn 0.7803 -0.0814 -0.6201
vn 0.7919 -0.0711 -0.6065
vn 0.7732 -0.0630 -0.6310
vn 0.6785 -0.0174 -0.7344
vn 0.4804 -0.0187 -0.8768
vn 0.2125 -0.1126 -0.9707
vn 0.0428 -0.1536 -0.9872
vn -0.0085 -0.1225 -0.9924
vn 0.0027 -0.0649 -0.9979
vn 0.0502 -0.0204 -0.9985
vn 0.1178 0.0015 -0.9930
vn 0.1874 -0.0003 -0.9823
vn 0.2458 -0.0099 -0.9693
vn 0.2907 -0.0197 -0.9566
vn -0.7682 0.0576 0.6377
vn -0.7335 0.1925 0.6519
vn -0.7269 0.2734 0.6300
vn -0.7165 0.3627 0.5959
vn -0.7063 0.4473 0.5487
vn -0.7004 0.5232 0.4855
vn -0.7102 0.5733 0.4087
vn -0.7744 0.5192 0.3615
vn -0.8817 0.2517 0.3991
vn -0.8983 -0.1164 0.4238
vn -0.8330 -0.3202 0.4513
vn -0.7825 -0.3586 0.5090
vn -0.7608 -0.3243 0.5621
vn -0.7517 -0.2779 0.5981
vn -0.7463 -0.2429 0.6197
vn 0.9473 0.2938 0.1276
vn 0.9460 0.3009 0.1204
vn 0.9435 0.3102 0.1166
vn 0.9403 0.3189 0.1188
vn 0.9355 0.3272 0.1335
vn 0.9291 0.3316 0.1637
vn 0.9228 0.3246 0.2078
vn 0.9191 0.2916 0.2650
vn 0.9024 0.0842 0.4226
vn 0.6910 -0.3941 0.6060
vn 0.3636 -0.6828 0.6337
vn 0.2738 -0.6989 0.6608
vn 0.2496 -0.6654 0.7035
vn 0.2462 -0.5978 0.7629
vn 0.2647 -0.5044 0.8219
vn -0.9003 0.1642 -0.4031
vn -0.9086 0.1661 -0.3833
vn -0.9175 0.1709 -0.3591
vn -0.9254 0.1803 -0.3335
vn -0.9276 0.2017 -0.3144
vn -0.9227 0.2294 -0.3099
vn -0.9120 0.2513 -0.3241
vn -0.9005 0.2497 -0.3561
vn -0.8902 0.2202 -0.3988
vn -0.8531 0.0824 -0.5152
vn -0.6276 -0.4460 -0.6381
vn -0.1890 -0.8216 -0.5378
vn -0.0252 -0.8520 -0.5229
vn 0.1122 -0.8554 -0.5056
vn 0.2612 -0.8464 -0.4642
vn 0.9030 0.3697 0.2189
vn 0.8474 0.4370 0.3015
vn 0.7902 0.4889 0.3697
vn 0.7297 0.5332 0.4281
vn 0.6614 0.5748 0.4818
vn 0.5865 0.6125 0.5300
vn 0.5018 0.6472 0.5738
vn 0.2495 0.6550 0.7133
vn -0.2824 0.5082 0.8136
vn -0.6037 0.3012 0.7381
vn -0.6589 0.2202 0.7193
vn -0.6991 0.1372 0.7017
vn -0.7241 0.0513 0.6878
vn -0.7369 -0.0386 0.6749
vn -0.7459 -0.1285 0.6536
vn 0.7708 0.0247 -0.6366
vn 0.8938 0.2784 -0.3516
vn 0.9071 0.4207 -0.0116
vn 0.9032 0.4206 0.0858
vn 0.9172 0.3725 0.1415
vn 0.9304 0.3152 0.1873
vn 0.9412 0.2529 0.2239
vn 0.9505 0.1935 0.2431
vn 0.9609 0.1489 0.2333
vn 0.9708 0.1291 0.2021
vn 0.9763 0.1363 0.1680
vn 0.9759 0.1651 0.1429
vn 0.9700 0.2040 0.1319
vn 0.9621 0.2414 0.1266
vn 0.9540 0.2733 0.1234
vn -0.7927 -0.3825 0.4747
vn -0.7723 -0.4220 0.4749
vn -0.6530 -0.5635 0.5060
vn -0.4599 -0.7578 0.4629
vn -0.2886 -0.8721 0.3952
vn -0.0081 -0.8511 0.5250
vn 0.3684 -0.6528 0.6620
vn 0.5676 -0.4940 0.6586
vn 0.6334 -0.4386 0.6375
vn 0.6729 -0.3874 0.6301
vn 0.6893 -0.3431 0.6381
vn 0.6768 -0.3135 0.6661
vn 0.6255 -0.3074 0.7171
vn 0.5346 -0.3240 0.7805
vn 0.4184 -0.3574 0.8350
vn -0.7473 -0.1473 0.6479
vn -0.7541 -0.0744 0.6525
vn -0.7561 0.0040 0.6545
vn -0.7701 0.1177 0.6270
vn -0.8996 0.3519 0.2587
vn -0.8862 0.4397 -0.1462
vn -0.8739 0.4213 -0.2424
vn -0.8732 0.3749 -0.3113
vn -0.8732 0.3274 -0.3609
vn -0.8767 0.2847 -0.3877
vn -0.8810 0.2496 -0.4019
vn -0.8847 0.2235 -0.4092
vn -0.8879 0.2060 -0.4113
vn -0.8915 0.1926 -0.4100
vn -0.8931 0.1823 -0.4113
vn -0.8478 0.2450 -0.4704
vn -0.7942 0.3155 -0.5194
vn -0.7425 0.3744 -0.5554
vn -0.6883 0.4260 -0.5872
vn -0.6263 0.4747 -0.6184
vn -0.5576 0.5194 -0.6476
vn -0.3583 0.5266 -0.7709
vn 0.0078 0.4198 -0.9076
vn 0.2544 0.2734 -0.9277
vn 0.3114 0.2181 -0.9249
vn 0.3427 0.1872 -0.9206
vn 0.3698 0.1613 -0.9150
vn 0.3941 0.1398 -0.9084
vn 0.5396 0.0790 -0.8382
vn 0.7112 -0.0084 -0.7029
vn 0.2988 -0.3834 0.8739
vn 0.3243 -0.3959 0.8591
vn 0.3554 -0.4143 0.8379
vn 0.3928 -0.4413 0.8069
vn 0.4378 -0.4781 0.7614
vn 0.4852 -0.5188 0.7039
vn 0.6036 -0.5390 0.5874
vn 0.7849 -0.5754 0.2298
vn 0.7760 -0.5727 -0.2642
vn 0.6545 -0.5122 -0.5561
vn 0.5970 -0.4433 -0.6686
vn 0.5572 -0.3745 -0.7411
vn 0.5132 -0.3061 -0.8019
vn 0.4618 -0.2269 -0.8575
vn 0.3951 -0.1346 -0.9087
vn 0.7767 0.1561 -0.6102
vn 0.6580 0.2995 -0.6909
vn 0.4982 0.3267 -0.8032
vn 0.4126 0.3093 -0.8568
vn 0.3507 0.3322 -0.8756
vn 0.3100 0.3657 -0.8776
vn 0.1583 0.4685 -0.8692
vn -0.1819 0.6022 -0.7774
vn -0.4495 0.6229 -0.6403
vn -0.5512 0.5875 -0.5924
vn -0.6206 0.5365 -0.5719
vn -0.6835 0.4807 -0.5494
vn -0.7396 0.4224 -0.5240
vn -0.7935 0.3590 -0.4914
vn -0.8520 0.2719 -0.4475
vn 0.8540 0.4351 -0.2852
vn 0.7788 0.5407 -0.3180
vn 0.6737 0.5911 -0.4435
vn 0.5532 0.5969 -0.5812
vn 0.4416 0.5729 -0.6905
vn 0.3283 0.5777 -0.7473
vn 0.0191 0.6850 -0.7283
vn -0.3154 0.7239 -0.6135
vn -0.4632 0.6974 -0.5470
vn -0.5430 0.6474 -0.5348
vn -0.6138 0.5921 -0.5222
vn -0.6790 0.5305 -0.5076
vn -0.7393 0.4632 -0.4888
vn -0.7975 0.3875 -0.4625
vn -0.8536 0.2928 -0.4309
vn 0.8474 0.5307 -0.0166
vn 0.7916 0.6082 -0.0584
vn 0.7247 0.6805 -0.1084
vn 0.6408 0.7430 -0.1934
vn 0.5569 0.7667 -0.3194
vn 0.3539 0.8345 -0.4224
vn -0.0686 0.9013 -0.4276
vn -0.3706 0.8570 -0.3580
vn -0.4494 0.8255 -0.3414
vn -0.5104 0.7742 -0.3744
vn -0.5836 0.6874 -0.4323
vn -0.6684 0.5847 -0.4598
vn -0.7375 0.4984 -0.4557
vn -0.7979 0.4103 -0.4415
vn -0.8511 0.3082 -0.4249
vn 0.8624 0.5044 0.0432
vn 0.8067 0.5909 0.0026
vn 0.7421 0.6694 -0.0358
vn 0.6722 0.7370 -0.0711
vn 0.5984 0.7946 -0.1026
vn 0.3658 0.9202 -0.1394
vn -0.1042 0.9838 -0.1456
vn -0.3853 0.9173 -0.1009
vn -0.4183 0.9047 -0.0806
vn -0.4352 0.8935 -0.1110
vn -0.4958 0.8453 -0.1991
vn -0.6125 0.7229 -0.3198
vn -0.7199 0.5645 -0.4040
vn -0.7945 0.4382 -0.4205
vn -0.8475 0.3307 -0.4152
vn 0.8784 0.4680 0.0967
vn 0.8226 0.5658 0.0568
vn 0.7567 0.6534 0.0214
vn 0.6849 0.7286 -0.0096
vn 0.6092 0.7922 -0.0366
vn 0.3761 0.9245 -0.0629
vn -0.1191 0.9907 -0.0662
vn -0.4081 0.9120 -0.0418
vn -0.4192 0.9078 -0.0164
vn -0.4001 0.9165 0.0046
vn -0.3910 0.9203 -0.0170
vn -0.4651 0.8732 -0.1457
vn -0.6453 0.6961 -0.3147
vn -0.7849 0.4829 -0.3881
vn -0.8427 0.3611 -0.3993
vn 0.8945 0.4237 0.1424
vn 0.8387 0.5345 0.1044
vn 0.7715 0.6321 0.0722
vn 0.6978 0.7148 0.0451
vn 0.6202 0.7841 0.0222
vn 0.4072 0.9132 -0.0173
vn -0.1030 0.9928 -0.0613
vn -0.4256 0.9025 -0.0661
vn -0.4371 0.8978 -0.0546
vn -0.4160 0.9083 -0.0453
vn -0.3621 0.9313 -0.0396
vn -0.3263 0.9419 -0.0795
vn -0.5130 0.8325 -0.2092
vn -0.7506 0.5711 -0.3325
vn -0.8366 0.3980 -0.3765
vn 0.9090 0.3747 0.1824
vn 0.8539 0.4990 0.1480
vn 0.7857 0.6069 0.1193
vn 0.7106 0.6971 0.0956
vn 0.6313 0.7718 0.0760
vn 0.4739 0.8803 0.0212
vn -0.0384 0.9970 -0.0668
vn -0.4286 0.8978 -0.1013
vn -0.4403 0.8916 -0.1060
vn -0.4190 0.9011 -0.1116
vn -0.3633 0.9244 -0.1162
vn -0.2845 0.9514 -0.1179
vn -0.3841 0.9057 -0.1792
vn -0.6742 0.6791 -0.2903
vn -0.8303 0.4403 -0.3416
vn 0.9212 0.3262 0.2119
vn 0.8672 0.4621 0.1856
vn 0.7988 0.5793 0.1624
vn 0.7228 0.6762 0.1425
vn 0.6425 0.7559 0.1258
vn 0.5388 0.8379 0.0874
vn 0.0654 0.9978 -0.0065
vn -0.3943 0.9127 -0.1069
vn -0.4276 0.8909 -0.1534
vn -0.4073 0.8969 -0.1724
vn -0.3552 0.9160 -0.1865
vn -0.2823 0.9403 -0.1903
vn -0.3078 0.9276 -0.2119
vn -0.6067 0.7503 -0.2626
vn -0.8261 0.4854 -0.2863
vn 0.9320 0.2876 0.2204
vn 0.8784 0.4302 0.2081
vn 0.8101 0.5531 0.1947
vn 0.7338 0.6546 0.1818
vn 0.6532 0.7379 0.1700
vn 0.5683 0.8074 0.1585
vn 0.2034 0.9760 0.0776
vn -0.2799 0.9559 -0.0892
vn -0.4034 0.8967 -0.1820
vn -0.3859 0.8986 -0.2090
vn -0.3421 0.9116 -0.2279
vn -0.2826 0.9307 -0.2323
vn -0.2973 0.9286 -0.2220
vn -0.5900 0.7784 -0.2145
vn -0.8222 0.5270 -0.2151
vn 0.9404 0.2671 0.2102
vn 0.8866 0.4097 0.2146
vn 0.8184 0.5330 0.2145
vn 0.7425 0.6354 0.2120
vn 0.6622 0.7198 0.2084
vn 0.5785 0.7896 0.2048
vn 0.3630 0.9223 0.1324
vn -0.0872 0.9953 -0.0420
vn -0.3632 0.9157 -0.1720
vn -0.3622 0.9072 -0.2141
vn -0.3302 0.9145 -0.2336
vn -0.2879 0.9279 -0.2370
vn -0.3411 0.9171 -0.2065
vn -0.6145 0.7733 -0.1563
vn -0.8160 0.5604 -0.1417
vn 0.9440 0.2661 0.1948
vn 0.8901 0.4020 0.2148
vn 0.8225 0.5209 0.2284
vn 0.7475 0.6202 0.2376
vn 0.6684 0.7027 0.2440
vn 0.5855 0.7716 0.2485
vn 0.4706 0.8538 0.2227
vn 0.1256 0.9875 0.0951
vn -0.2587 0.9608 -0.0992
vn -0.3412 0.9208 -0.1890
vn -0.3227 0.9235 -0.2074
vn -0.3176 0.9280 -0.1948
vn -0.4690 0.8780 -0.0961
vn -0.7145 0.6967 0.0636
vn -0.8451 0.5031 0.1809
vn 0.9421 0.2808 0.1830
vn 0.8884 0.4052 0.2160
vn 0.8218 0.5156 0.2426
vn 0.7485 0.6085 0.2638
vn 0.6712 0.6861 0.2807
vn 0.5899 0.7519 0.2942
vn 0.5026 0.8084 0.3062
vn 0.3096 0.9155 0.2568
vn -0.0455 0.9955 0.0829
vn -0.3182 0.9447 -0.0796
vn -0.4051 0.9130 -0.0484
vn -0.4839 0.8669 0.1199
vn -0.6407 0.7045 0.3051
vn -0.7729 0.4474 0.4499
vn -0.7861 0.2710 0.5555
vn 0.9359 0.3044 0.1773
vn 0.8818 0.4165 0.2213
vn 0.8165 0.5148 0.2615
vn 0.7457 0.5976 0.2947
vn 0.6709 0.6680 0.3218
vn 0.5918 0.7288 0.3444
vn 0.5054 0.7821 0.3645
vn 0.3946 0.8403 0.3717
vn 0.1008 0.9262 0.3632
vn -0.3308 0.8777 0.3469
vn -0.5703 0.7262 0.3838
vn -0.6343 0.5614 0.5315
vn -0.6862 0.3654 0.6290
vn -0.7317 0.2212 0.6447
vn -0.7542 0.1145 0.6466
vn 0.9270 0.3320 0.1743
vn 0.8707 0.4330 0.2333
vn 0.8075 0.5147 0.2883
vn 0.7405 0.5840 0.3328
vn 0.6686 0.6455 0.3693
vn 0.5915 0.6997 0.4007
vn 0.5060 0.7483 0.4288
vn 0.4078 0.7913 0.4555
vn 0.0552 0.8167 0.5744
vn -0.4214 0.6234 0.6586
vn -0.6143 0.4150 0.6711
vn -0.6673 0.3202 0.6725
vn -0.7043 0.2342 0.6702
vn -0.7331 0.1446 0.6646
vn -0.7550 0.0418 0.6543
vn 0.9158 0.3567 0.1845
vn 0.8570 0.4448 0.2603
vn 0.7972 0.5084 0.3255
vn 0.7346 0.5635 0.3780
vn 0.6652 0.6152 0.4232
vn 0.5896 0.6617 0.4631
vn 0.5048 0.7041 0.4993
vn 0.3720 0.7289 0.5747
vn -0.1035 0.6870 0.7192
vn -0.5528 0.4389 0.7083
vn -0.6382 0.3110 0.7042
vn -0.6813 0.2281 0.6955
vn -0.7112 0.1439 0.6881
vn -0.7311 0.0590 0.6797
vn -0.7487 -0.0412 0.6616
vn 0.4044 -0.5031 0.7638
vn 0.3749 -0.6304 0.6798
vn 0.3567 -0.7026 0.6158
vn 0.3576 -0.7317 0.5803
vn 0.3754 -0.7257 0.5766
vn 0.4971 -0.5750 0.6498
vn 0.6865 -0.0935 0.7211
vn 0.7467 0.2485 0.6170
vn 0.8321 0.2608 0.4894
vn 0.8903 0.2953 0.3465
vn 0.9020 0.3349 0.2725
vn 0.9064 0.3393 0.2516
vn 0.9090 0.3399 0.2411
vn 0.9103 0.3380 0.2389
vn 0.9081 0.3479 0.2330
vn 0.5529 -0.4727 0.6862
vn 0.5266 -0.6151 0.5868
vn 0.4897 -0.6985 0.5219
vn 0.4640 -0.7295 0.5025
vn 0.4532 -0.7235 0.5207
vn 0.4777 -0.5784 0.6612
vn 0.5018 -0.1288 0.8553
vn 0.5088 0.1616 0.8456
vn 0.6176 0.1166 0.7778
vn 0.7459 0.1638 0.6456
vn 0.8322 0.2969 0.4683
vn 0.8528 0.3559 0.3821
vn 0.8548 0.3699 0.3639
vn 0.8531 0.3851 0.3521
vn 0.8482 0.4099 0.3354
vn 0.6530 -0.4384 0.6176
vn 0.6350 -0.5737 0.5173
vn 0.5919 -0.6600 0.4626
vn 0.5501 -0.6961 0.4613
vn 0.5188 -0.6955 0.4971
vn 0.5469 -0.5173 0.6582
vn 0.5642 -0.0858 0.8212
vn 0.5389 0.1166 0.8343
vn 0.5448 0.0347 0.8378
vn 0.5965 0.0201 0.8024
vn 0.7059 0.1700 0.6876
vn 0.7736 0.3433 0.5326
vn 0.7903 0.3950 0.4683
vn 0.7903 0.4245 0.4419
vn 0.7888 0.4576 0.4103
vn 0.7034 -0.4196 0.5737
vn 0.6890 -0.5342 0.4899
vn 0.6473 -0.6131 0.4529
vn 0.6005 -0.6506 0.4649
vn 0.5467 -0.6433 0.5360
vn 0.5259 -0.4629 0.7136
vn 0.5556 -0.0945 0.8260
vn 0.5826 0.0926 0.8075
vn 0.5971 0.0354 0.8014
vn 0.5860 -0.0276 0.8098
vn 0.6244 0.0592 0.7788
vn 0.6960 0.2777 0.6621
vn 0.7207 0.4140 0.5561
vn 0.7240 0.4538 0.5195
vn 0.7266 0.4947 0.4768
vn 0.7113 -0.4206 0.5632
vn 0.6992 -0.5085 0.5026
vn 0.6625 -0.5729 0.4825
vn 0.6169 -0.6056 0.5027
vn 0.5603 -0.5468 0.6221
vn 0.4881 -0.4003 0.7756
vn 0.5076 -0.1719 0.8443
vn 0.5832 0.0278 0.8119
vn 0.6120 0.0393 0.7899
vn 0.5998 -0.0092 0.8001
vn 0.6014 0.0127 0.7989
vn 0.6371 0.2303 0.7356
vn 0.6469 0.4283 0.6309
vn 0.6528 0.4770 0.5885
vn 0.6575 0.5268 0.5387
vn 0.6898 -0.4363 0.5777
vn 0.6795 -0.4964 0.5402
vn 0.6478 -0.5428 0.5345
vn 0.5987 -0.5594 0.5733
vn 0.5455 -0.4396 0.7136
vn 0.4860 -0.3237 0.8118
vn 0.4924 -0.2517 0.8332
vn 0.5633 -0.0602 0.8240
vn 0.5940 0.0422 0.8034
vn 0.5845 0.0112 0.8114
vn 0.5671 0.0214 0.8234
vn 0.5697 0.2340 0.7878
vn 0.5683 0.4399 0.6954
vn 0.5759 0.4969 0.6492
vn 0.5820 0.5553 0.5941
vn 0.6462 -0.4612 0.6081
vn 0.6365 -0.4953 0.5912
vn 0.6085 -0.5228 0.5971
vn 0.5608 -0.4985 0.6611
vn 0.5082 -0.3641 0.7805
vn 0.4699 -0.2831 0.8361
vn 0.4508 -0.2724 0.8500
vn 0.4317 -0.0867 0.8979
vn 0.4057 0.0655 0.9117
vn 0.3573 0.0579 0.9322
vn 0.2877 0.0842 0.9540
vn 0.2695 0.2597 0.9273
vn 0.3536 0.4187 0.8365
vn 0.4550 0.4938 0.7410
vn 0.4945 0.5802 0.6472
vn 0.5776 -0.4940 0.6498
vn 0.5691 -0.5047 0.6492
vn 0.5448 -0.5133 0.6631
vn 0.4986 -0.4287 0.7534
vn 0.3903 -0.2629 0.8823
vn 0.2187 -0.2014 0.9548
vn 0.0161 -0.1760 0.9843
vn -0.1292 -0.0190 0.9914
vn -0.2077 0.1059 0.9724
vn -0.2568 0.1137 0.9598
vn -0.3083 0.1358 0.9416
vn -0.3089 0.2153 0.9264
vn -0.2144 0.3107 0.9260
vn -0.0701 0.4468 0.8919
vn 0.0788 0.5832 0.8085
vn 0.4707 -0.5553 0.6857
vn 0.4523 -0.4976 0.7402
vn 0.2983 -0.4579 0.8375
vn 0.0410 -0.3172 0.9475
vn -0.1654 -0.1076 0.9803
vn -0.3607 -0.0165 0.9325
vn -0.5273 0.0205 0.8494
vn -0.6159 0.0775 0.7840
vn -0.6422 0.1091 0.7588
vn -0.6455 0.1144 0.7551
vn -0.6405 0.1232 0.7580
vn -0.6277 0.1408 0.7656
vn -0.6088 0.1720 0.7744
vn -0.5691 0.2512 0.7829
vn -0.4610 0.3774 0.8031
vn 0.0910 -0.6542 0.7508
vn -0.0325 -0.4044 0.9140
vn -0.2856 -0.2303 0.9303
vn -0.5244 -0.0645 0.8490
vn -0.6293 0.0533 0.7753
vn -0.6679 0.1016 0.7373
vn -0.6949 0.1174 0.7095
vn -0.7168 0.1205 0.6868
vn -0.7304 0.1140 0.6734
vn -0.7335 0.1032 0.6718
vn -0.7256 0.0958 0.6814
vn -0.7082 0.0990 0.6991
vn -0.6842 0.1186 0.7196
vn -0.6571 0.1577 0.7371
vn -0.6300 0.2177 0.7454
vn -0.4120 -0.5504 0.7261
vn -0.5469 -0.1422 0.8250
vn -0.6311 0.0016 0.7757
vn -0.6673 0.0793 0.7405
vn -0.7001 0.1234 0.7033
vn -0.7347 0.1488 0.6619
vn -0.7678 0.1560 0.6214
vn -0.7952 0.1459 0.5885
vn -0.8121 0.1210 0.5708
vn -0.8147 0.0889 0.5731
vn -0.8025 0.0612 0.5936
vn -0.7784 0.0479 0.6259
vn -0.7474 0.0556 0.6620
vn -0.7146 0.0872 0.6941
vn -0.6842 0.1426 0.7153
vn -0.6261 -0.3081 0.7163
vn -0.6583 -0.0009 0.7528
vn -0.6824 0.0790 0.7267
vn -0.7126 0.1416 0.6872
vn -0.7483 0.1849 0.6371
vn -0.7879 0.2072 0.5798
vn -0.8279 0.2067 0.5214
vn -0.8625 0.1807 0.4727
vn -0.8843 0.1303 0.4484
vn -0.8868 0.0689 0.4570
vn -0.8695 0.0158 0.4937
vn -0.8375 -0.0155 0.5463
vn -0.7983 -0.0186 0.6020
vn -0.7589 0.0073 0.6511
vn -0.7247 0.0604 0.6864
vn -0.6830 -0.1211 0.7203
vn -0.6924 0.0635 0.7187
vn -0.7148 0.1431 0.6845
vn -0.7433 0.2078 0.6359
vn -0.7792 0.2543 0.5729
vn -0.8219 0.2783 0.4971
vn -0.8679 0.2735 0.4148
vn -0.9112 0.2290 0.3423
vn -0.9410 0.1424 0.3070
vn -0.9448 0.0400 0.3252
vn -0.9215 -0.0440 0.3858
vn -0.8807 -0.0923 0.4646
vn -0.8338 -0.1030 0.5424
vn -0.7885 -0.0808 0.6097
vn -0.7500 -0.0283 0.6608
vn -0.7155 -0.0156 0.6984
vn -0.7182 0.1235 0.6848
vn -0.7347 0.2021 0.6475
vn -0.7561 0.2725 0.5951
vn -0.7866 0.3282 0.5229
vn -0.8275 0.3614 0.4297
vn -0.8766 0.3595 0.3199
vn -0.9303 0.2968 0.2154
vn -0.9738 0.1592 0.1622
vn -0.9808 -0.0024 0.1949
vn -0.9495 -0.1217 0.2892
vn -0.8994 -0.1806 0.3981
vn -0.8489 -0.1899 0.4933
vn -0.8039 -0.1684 0.5704
vn -0.7642 -0.1209 0.6335
vn -0.7231 0.0604 0.6881
vn -0.7329 0.1695 0.6589
vn -0.7390 0.2478 0.6264
vn -0.7468 0.3282 0.5785
vn -0.7634 0.3987 0.5082
vn -0.7923 0.4510 0.4109
vn -0.8368 0.4665 0.2866
vn -0.9044 0.3954 0.1606
vn -0.9771 0.1905 0.0949
vn -0.9876 -0.0631 0.1439
vn -0.9383 -0.2208 0.2662
vn -0.8779 -0.2764 0.3911
vn -0.8316 -0.2680 0.4864
vn -0.7977 -0.2382 0.5541
vn -0.7663 -0.2003 0.6105
vn -0.8378 -0.1842 0.5139
vn -0.7553 0.1537 0.6371
vn -0.7124 0.2723 0.6468
vn -0.6827 0.3619 0.6348
vn -0.6397 0.4466 0.6255
vn -0.5814 0.5228 0.6234
vn -0.5107 0.5735 0.6405
vn -0.4717 0.5217 0.7109
vn -0.5218 0.2522 0.8150
vn -0.5529 -0.1180 0.8248
vn -0.5746 -0.3223 0.7523
vn -0.6192 -0.3603 0.6977
vn -0.6594 -0.3265 0.6772
vn -0.6893 -0.2773 0.6693
vn -0.7193 -0.2283 0.6561
vn -0.7830 -0.4727 0.4043
vn -0.7888 -0.0173 0.6145
vn -0.7147 0.2436 0.6556
vn -0.6701 0.3272 0.6662
vn -0.6080 0.3991 0.6863
vn -0.5233 0.4530 0.7218
vn -0.4158 0.4706 0.7782
vn -0.3090 0.4028 0.8616
vn -0.2608 0.1976 0.9449
vn -0.3115 -0.0640 0.9481
vn -0.4182 -0.2276 0.8794
vn -0.5238 -0.2836 0.8032
vn -0.6059 -0.2741 0.7468
vn -0.6673 -0.2336 0.7072
vn -0.7184 -0.1715 0.6741
vn -0.6837 -0.6656 0.2993
vn -0.8000 -0.3194 0.5079
vn -0.7605 0.1503 0.6317
vn -0.6848 0.2716 0.6762
vn -0.6205 0.3299 0.7114
vn -0.5388 0.3647 0.7594
vn -0.4434 0.3633 0.8194
vn -0.3535 0.3006 0.8858
vn -0.3105 0.1616 0.9367
vn -0.3439 -0.0057 0.9390
vn -0.4298 -0.1297 0.8935
vn -0.5266 -0.1886 0.8289
vn -0.6117 -0.1932 0.7671
vn -0.6799 -0.1586 0.7160
vn -0.7300 -0.0918 0.6773
vn -0.6420 -0.7114 0.2859
vn -0.7156 -0.5586 0.4194
vn -0.7896 -0.0722 0.6094
vn -0.7173 0.2068 0.6654
vn -0.6607 0.2564 0.7055
vn -0.5934 0.2815 0.7541
vn -0.5209 0.2755 0.8079
vn -0.4579 0.2290 0.8590
vn -0.4285 0.1404 0.8925
vn -0.4473 0.0351 0.8937
vn -0.5036 -0.0510 0.8624
vn -0.5752 -0.0983 0.8121
vn -0.6446 -0.1037 0.7574
vn -0.7023 -0.0719 0.7082
vn -0.7438 -0.0029 0.6684
vn -0.6268 -0.6983 0.3458
vn -0.6150 -0.6856 0.3895
vn -0.7895 -0.3187 0.5244
vn -0.7910 0.1096 0.6020
vn -0.7191 0.1782 0.6717
vn -0.6614 0.2102 0.7200
vn -0.6096 0.2081 0.7649
vn -0.5671 0.1792 0.8039
vn -0.5466 0.1262 0.8278
vn -0.5555 0.0629 0.8291
vn -0.5962 0.0236 0.8025
vn -0.6752 0.0183 0.7374
vn -0.7784 0.0313 0.6270
vn -0.8677 0.0808 0.4905
vn -0.9156 0.1823 0.3585
vn -0.6183 -0.6798 0.3944
vn -0.6554 -0.6807 0.3272
vn -0.8971 -0.3796 0.2261
vn -0.9814 0.0021 0.1918
vn -0.9622 0.1119 0.2482
vn -0.9350 0.1823 0.3041
vn -0.9142 0.1987 0.3532
vn -0.9040 0.1910 0.3825
vn -0.9104 0.1630 0.3804
vn -0.9315 0.1246 0.3417
vn -0.9521 0.1361 0.2740
vn -0.9661 0.1705 0.1940
vn -0.9768 0.1932 0.0926
vn -0.9706 0.2401 -0.0138
vn -0.9420 0.3200 -0.1015
vn -0.6455 -0.7430 0.1768
vn -0.8045 -0.5817 0.1202
vn -0.9696 -0.2329 -0.0746
vn -0.9788 -0.0064 -0.2045
vn -0.9700 0.0832 -0.2283
vn -0.9638 0.1439 -0.2244
vn -0.9601 0.1734 -0.2195
vn -0.9557 0.1829 -0.2305
vn -0.9492 0.1751 -0.2615
vn -0.9379 0.1584 -0.3086
vn -0.9237 0.1647 -0.3460
vn -0.9177 0.1884 -0.3498
vn -0.9193 0.2144 -0.3300
vn -0.9171 0.2595 -0.3026
vn -0.9046 0.3278 -0.2723
vn -0.5584 -0.7628 -0.3262
vn -0.8187 -0.5077 -0.2684
vn -0.9597 -0.1064 -0.2600
vn -0.9624 0.0352 -0.2694
vn -0.9497 0.1031 -0.2958
vn -0.9334 0.1530 -0.3244
vn -0.9169 0.1845 -0.3540
vn -0.9026 0.1977 -0.3824
vn -0.8929 0.1947 -0.4060
vn -0.8889 0.1816 -0.4207
vn -0.8904 0.1679 -0.4231
vn -0.8958 0.1640 -0.4130
vn -0.9021 0.1783 -0.3930
vn -0.9049 0.2160 -0.3668
vn -0.8982 0.2806 -0.3384
vn -0.3780 -0.7028 -0.6027
vn -0.6574 -0.5292 -0.5364
vn -0.9069 -0.1579 -0.3907
vn -0.9478 0.0661 -0.3119
vn -0.9335 0.1349 -0.3324
vn -0.9155 0.1855 -0.3570
vn -0.8970 0.2165 -0.3853
vn -0.8811 0.2265 -0.4151
vn -0.8708 0.2156 -0.4418
vn -0.8679 0.1897 -0.4591
vn -0.8719 0.1607 -0.4625
vn -0.8805 0.1423 -0.4521
vn -0.8902 0.1451 -0.4319
vn -0.8965 0.1748 -0.4071
vn -0.8937 0.2345 -0.3824
vn -0.2715 -0.7057 -0.6545
vn -0.4646 -0.6523 -0.5989
vn -0.8241 -0.2906 -0.4862
vn -0.9303 0.0792 -0.3581
vn -0.9206 0.1629 -0.3549
vn -0.9023 0.2156 -0.3734
vn -0.8833 0.2485 -0.3975
vn -0.8673 0.2577 -0.4259
vn -0.8582 0.2404 -0.4535
vn -0.8582 0.2018 -0.4720
vn -0.8656 0.1570 -0.4755
vn -0.8769 0.1238 -0.4644
vn -0.8884 0.1157 -0.4444
vn -0.8960 0.1384 -0.4219
vn -0.8948 0.1939 -0.4021
vn -0.1652 -0.7133 -0.6811
vn -0.2837 -0.7170 -0.6367
vn -0.6821 -0.4241 -0.5958
vn -0.8975 0.0253 -0.4402
vn -0.9116 0.1844 -0.3674
vn -0.8950 0.2398 -0.3762
vn -0.8778 0.2763 -0.3914
vn -0.8641 0.2870 -0.4134
vn -0.8592 0.2651 -0.4377
vn -0.8638 0.2153 -0.4555
vn -0.8741 0.1563 -0.4600
vn -0.8853 0.1102 -0.4517
vn -0.8950 0.0926 -0.4363
vn -0.9008 0.1095 -0.4201
vn -0.8986 0.1615 -0.4079
vn -0.0555 -0.7269 -0.6845
vn -0.1584 -0.7397 -0.6540
vn -0.4811 -0.5887 -0.6496
vn -0.8478 -0.1261 -0.5151
vn -0.9063 0.1960 -0.3746
vn -0.8937 0.2533 -0.3704
vn -0.8807 0.2938 -0.3716
vn -0.8720 0.3075 -0.3808
vn -0.8734 0.2835 -0.3960
vn -0.8834 0.2268 -0.4100
vn -0.8949 0.1595 -0.4168
vn -0.9030 0.1055 -0.4165
vn -0.9073 0.0815 -0.4124
vn -0.9082 0.0930 -0.4081
vn -0.9029 0.1401 -0.4063
vn 0.0458 -0.7508 -0.6590
vn -0.0685 -0.7634 -0.6423
vn -0.2773 -0.7274 -0.6276
vn -0.7388 -0.3115 -0.5977
vn -0.8912 0.1627 -0.4234
vn -0.8967 0.2526 -0.3635
vn -0.8897 0.2958 -0.3479
vn -0.8869 0.3128 -0.3399
vn -0.8943 0.2898 -0.3410
vn -0.9081 0.2332 -0.3478
vn -0.9191 0.1665 -0.3570
vn -0.9230 0.1128 -0.3680
vn -0.9206 0.0871 -0.3807
vn -0.9148 0.0928 -0.3930
vn -0.9061 0.1308 -0.4023
vn 0.1296 -0.7838 -0.6073
vn 0.0036 -0.7895 -0.6137
vn -0.1272 -0.7806 -0.6119
vn -0.5516 -0.5015 -0.6665
vn -0.8607 0.0177 -0.5088
vn -0.9001 0.2370 -0.3655
vn -0.8996 0.2810 -0.3343
vn -0.9021 0.3012 -0.3090
vn -0.9127 0.2829 -0.2949
vn -0.9271 0.2335 -0.2932
vn -0.9365 0.1761 -0.3033
vn -0.9371 0.1307 -0.3237
vn -0.9298 0.1093 -0.3515
vn -0.9180 0.1108 -0.3807
vn -0.9068 0.1321 -0.4003
vn 0.2126 -0.8086 -0.5486
vn 0.0652 -0.8151 -0.5756
vn -0.0529 -0.8110 -0.5827
vn -0.3424 -0.7116 -0.6135
vn -0.7905 -0.2224 -0.5706
vn -0.8937 0.1984 -0.4023
vn -0.9033 0.2533 -0.3462
vn -0.9100 0.2773 -0.3081
vn -0.9214 0.2675 -0.2820
vn -0.9340 0.2306 -0.2730
vn -0.9409 0.1877 -0.2817
vn -0.9396 0.1546 -0.3053
vn -0.9308 0.1404 -0.3376
vn -0.9183 0.1394 -0.3706
vn -0.9080 0.1430 -0.3937
vn 0.3635 -0.7146 -0.5977
vn 0.2229 -0.6975 -0.6810
vn -0.1647 -0.6714 -0.7226
vn -0.5998 -0.5176 -0.6102
vn -0.7961 -0.3717 -0.4776
vn -0.8101 -0.3876 -0.4399
vn -0.7731 -0.4519 -0.4451
vn -0.7025 -0.5307 -0.4742
vn -0.5943 -0.6054 -0.5294
vn -0.2702 -0.6426 -0.7170
vn 0.1464 -0.4843 -0.8626
vn 0.3271 -0.2650 -0.9071
vn 0.3637 -0.1884 -0.9123
vn 0.3653 -0.1762 -0.9141
vn 0.3766 -0.1603 -0.9124
vn 0.2889 -0.6168 -0.7322
vn 0.1773 -0.4603 -0.8699
vn -0.1062 -0.2773 -0.9549
vn -0.4615 -0.1368 -0.8765
vn -0.6580 -0.1510 -0.7377
vn -0.7231 -0.2576 -0.6409
vn -0.7188 -0.3794 -0.5826
vn -0.6649 -0.4959 -0.5586
vn -0.5634 -0.6159 -0.5507
vn -0.2893 -0.7794 -0.5557
vn 0.0331 -0.8184 -0.5737
vn 0.2245 -0.7038 -0.6740
vn 0.3436 -0.4897 -0.8014
vn 0.3980 -0.3366 -0.8534
vn 0.4387 -0.2723 -0.8564
vn 0.1519 -0.5981 -0.7869
vn 0.0567 -0.4416 -0.8954
vn -0.1501 -0.2673 -0.9519
vn -0.3873 -0.1669 -0.9067
vn -0.5476 -0.1894 -0.8150
vn -0.6237 -0.2828 -0.7287
vn -0.6376 -0.3985 -0.6593
vn -0.6003 -0.5142 -0.6126
vn -0.4544 -0.6829 -0.5720
vn -0.1407 -0.8776 -0.4583
vn 0.0278 -0.9403 -0.3391
vn 0.0601 -0.9228 -0.3806
vn 0.1742 -0.7983 -0.5764
vn 0.3529 -0.5697 -0.7422
vn 0.4797 -0.3757 -0.7929
vn 0.0160 -0.5949 -0.8036
vn -0.0638 -0.4745 -0.8779
vn -0.2073 -0.3558 -0.9113
vn -0.3623 -0.2929 -0.8849
vn -0.4781 -0.3069 -0.8229
vn -0.5414 -0.3749 -0.7526
vn -0.5564 -0.4680 -0.6865
vn -0.5204 -0.5789 -0.6277
vn -0.2610 -0.7751 -0.5754
vn 0.0341 -0.8866 -0.4612
vn 0.0536 -0.9172 -0.3949
vn -0.0023 -0.9217 -0.3879
vn 0.0217 -0.9017 -0.4317
vn 0.2344 -0.7758 -0.5858
vn 0.4725 -0.5244 -0.7083
vn -0.1020 -0.6128 -0.7836
vn -0.1588 -0.5288 -0.8338
vn -0.2526 -0.4553 -0.8538
vn -0.3519 -0.4201 -0.8365
vn -0.4299 -0.4328 -0.7924
vn -0.4745 -0.4834 -0.7356
vn -0.4835 -0.5553 -0.6767
vn -0.4090 -0.6734 -0.6158
vn -0.0883 -0.8249 -0.5584
vn 0.1200 -0.8646 -0.4880
vn 0.0596 -0.8839 -0.4639
vn 0.0085 -0.8960 -0.4440
vn -0.0030 -0.9069 -0.4213
vn 0.1195 -0.8682 -0.4817
vn 0.4082 -0.6723 -0.6176
vn -0.2011 -0.6416 -0.7402
vn -0.2321 -0.5888 -0.7743
vn -0.2872 -0.5475 -0.7860
vn -0.3468 -0.5323 -0.7723
vn -0.3946 -0.5476 -0.7379
vn -0.4208 -0.5877 -0.6910
vn -0.4217 -0.6429 -0.6395
vn -0.2771 -0.7525 -0.5974
vn 0.0221 -0.8374 -0.5462
vn 0.1363 -0.8497 -0.5093
vn 0.0733 -0.8634 -0.4992
vn 0.0327 -0.8797 -0.4745
vn 0.0265 -0.8957 -0.4438
vn 0.0759 -0.8948 -0.4399
vn 0.3612 -0.7733 -0.5210
vn -0.2842 -0.6766 -0.6793
vn -0.2906 -0.6494 -0.7028
vn -0.3153 -0.6312 -0.7086
vn -0.3451 -0.6301 -0.6956
vn -0.3690 -0.6477 -0.6666
vn -0.3791 -0.6806 -0.6269
vn -0.3716 -0.7230 -0.5824
vn -0.1796 -0.8101 -0.5580
vn 0.0840 -0.8466 -0.5256
vn 0.1359 -0.8503 -0.5085
vn 0.0910 -0.8615 -0.4996
vn 0.0639 -0.8773 -0.4757
vn 0.0654 -0.8940 -0.4432
vn 0.1242 -0.9119 -0.3911
vn 0.4140 -0.8452 -0.3379
vn -0.4050 -0.7210 -0.5622
vn -0.3507 -0.7112 -0.6093
vn -0.3425 -0.7088 -0.6167
vn -0.3486 -0.7158 -0.6050
vn -0.3527 -0.7336 -0.5809
vn -0.3487 -0.7603 -0.5480
vn -0.3327 -0.7929 -0.5105
vn -0.1279 -0.8594 -0.4951
vn 0.1099 -0.8697 -0.4811
vn 0.1377 -0.8679 -0.4773
vn 0.1107 -0.8759 -0.4697
vn 0.1321 -0.8962 -0.4236
vn 0.2096 -0.9392 -0.2721
vn 0.3284 -0.9444 -0.0131
vn 0.5278 -0.8303 0.1791
vn -0.6353 -0.7696 -0.0638
vn -0.5490 -0.8012 -0.2379
vn -0.4491 -0.8129 -0.3708
vn -0.3636 -0.8515 -0.3778
vn -0.3478 -0.8900 -0.2948
vn -0.3538 -0.9126 -0.2048
vn -0.3421 -0.9279 -0.1483
vn -0.1732 -0.9689 -0.1768
vn 0.0613 -0.9548 -0.2909
vn 0.1905 -0.9301 -0.3141
vn 0.2503 -0.9525 -0.1733
vn 0.3335 -0.9414 0.0512
vn 0.4352 -0.8548 0.2827
vn 0.4752 -0.7219 0.5030
vn 0.5086 -0.6082 0.6095
vn -0.6938 -0.6228 0.3616
vn -0.7027 -0.6734 0.2297
vn -0.5640 -0.8180 0.1129
vn -0.3405 -0.9323 0.1217
vn -0.2874 -0.9358 0.2044
vn -0.3128 -0.9102 0.2715
vn -0.3249 -0.8978 0.2973
vn -0.2773 -0.9280 0.2487
vn -0.0092 -0.9830 0.1834
vn 0.3216 -0.9209 0.2202
vn 0.4446 -0.8032 0.3965
vn 0.4602 -0.6768 0.5746
vn 0.4883 -0.5725 0.6586
vn 0.4951 -0.5300 0.6885
vn 0.4889 -0.5186 0.7015
vn -0.7291 -0.5920 0.3435
vn -0.7514 -0.5708 0.3311
vn -0.5660 -0.7393 0.3649
vn -0.2729 -0.8773 0.3947
vn -0.2357 -0.8831 0.4057
vn -0.2868 -0.8708 0.3993
vn -0.3221 -0.8645 0.3858
vn -0.3016 -0.8638 0.4035
vn 0.0375 -0.8499 0.5257
vn 0.4251 -0.6661 0.6129
vn 0.5002 -0.5589 0.6614
vn 0.5075 -0.5123 0.6928
vn 0.5017 -0.4775 0.7213
vn 0.4847 -0.4592 0.7445
vn 0.4607 -0.4603 0.7589
vn -0.7423 -0.6061 0.2857
vn -0.7623 -0.5820 0.2831
vn -0.5504 -0.7688 0.3256
vn -0.2501 -0.9029 0.3497
vn -0.2392 -0.9035 0.3555
vn -0.2937 -0.8893 0.3506
vn -0.3319 -0.8783 0.3441
vn -0.1959 -0.8763 0.4401
vn 0.2262 -0.7604 0.6088
vn 0.5070 -0.5516 0.6623
vn 0.5301 -0.4805 0.6987
vn 0.5285 -0.4315 0.7311
vn 0.5104 -0.3988 0.7619
vn 0.4779 -0.3887 0.7877
vn 0.4355 -0.4044 0.8042
vn -0.7466 -0.6237 0.2316
vn -0.7621 -0.6023 0.2376
vn -0.5381 -0.7928 0.2862
vn -0.2433 -0.9211 0.3039
vn -0.2416 -0.9229 0.2999
vn -0.2927 -0.9089 0.2969
vn -0.2941 -0.8931 0.3403
vn 0.0192 -0.8536 0.5205
vn 0.4359 -0.6254 0.6472
vn 0.5535 -0.4688 0.6884
vn 0.5643 -0.4054 0.7192
vn 0.5545 -0.3545 0.7529
vn 0.5240 -0.3254 0.7871
vn 0.4756 -0.3264 0.8168
vn 0.4157 -0.3590 0.8356
vn -0.7429 -0.6416 0.1907
vn -0.7514 -0.6272 0.2050
vn -0.5378 -0.8020 0.2600
vn -0.2590 -0.9262 0.2740
vn -0.2429 -0.9344 0.2605
vn -0.2839 -0.9227 0.2608
vn -0.1301 -0.9105 0.3926
vn 0.2919 -0.7452 0.5995
vn 0.5525 -0.5023 0.6651
vn 0.5953 -0.4100 0.6910
vn 0.6034 -0.3443 0.7192
vn 0.5874 -0.2931 0.7543
vn 0.5449 -0.2689 0.7942
vn 0.4787 -0.2813 0.8317
vn 0.4005 -0.3266 0.8561
vn -0.7333 -0.6584 0.1697
vn -0.7328 -0.6522 0.1939
vn -0.5563 -0.7916 0.2528
vn -0.2999 -0.9150 0.2699
vn -0.2447 -0.9354 0.2552
vn -0.2100 -0.9202 0.3303
vn 0.1299 -0.8323 0.5388
vn 0.5027 -0.5772 0.6435
vn 0.6031 -0.4452 0.6619
vn 0.6372 -0.3777 0.6718
vn 0.6471 -0.3162 0.6937
vn 0.6298 -0.2698 0.7285
vn 0.5789 -0.2508 0.7759
vn 0.4958 -0.2642 0.8273
vn 0.3954 -0.3053 0.8663
vn 0.3729 -0.0895 -0.9236
vn 0.3343 -0.0703 -0.9398
vn 0.2897 -0.0635 -0.9550
vn 0.2429 -0.0621 -0.9681
vn 0.1994 -0.0739 -0.9771
vn 0.1709 -0.0980 -0.9804
vn 0.1761 -0.1177 -0.9773
vn 0.2751 -0.0254 -0.9611
vn 0.4641 0.1255 -0.8768
vn 0.6325 0.1581 -0.7583
vn 0.6976 0.0748 -0.7125
vn 0.7116 -0.0275 -0.7021
vn 0.7211 -0.0748 -0.6888
vn 0.7303 -0.0847 -0.6779
vn 0.7459 -0.0681 -0.6626
vn 0.4608 -0.1758 -0.8699
vn 0.4376 -0.1411 -0.8880
vn 0.4072 -0.1226 -0.9051
vn 0.3780 -0.1136 -0.9188
vn 0.3540 -0.1137 -0.9283
vn 0.3407 -0.1206 -0.9324
vn 0.3773 -0.0724 -0.9232
vn 0.4675 0.1328 -0.8739
vn 0.5297 0.2716 -0.8035
vn 0.5688 0.2047 -0.7966
vn 0.5971 0.0837 -0.7978
vn 0.6331 -0.0072 -0.7741
vn 0.6800 -0.0321 -0.7325
vn 0.7672 0.0152 -0.6412
vn 0.8705 0.1032 -0.4813
vn 0.5260 -0.2530 -0.8120
vn 0.5228 -0.2087 -0.8265
vn 0.5111 -0.1769 -0.8411
vn 0.4979 -0.1557 -0.8531
vn 0.4878 -0.1429 -0.8612
vn 0.4912 -0.1279 -0.8616
vn 0.5437 0.0094 -0.8392
vn 0.5797 0.2246 -0.7833
vn 0.5789 0.2986 -0.7587
vn 0.6092 0.2348 -0.7575
vn 0.6968 0.1635 -0.6984
vn 0.8158 0.1046 -0.5689
vn 0.9063 0.1335 -0.4010
vn 0.9439 0.2315 -0.2354
vn 0.9442 0.3176 -0.0875
vn 0.5819 -0.3165 -0.7491
vn 0.5944 -0.2649 -0.7593
vn 0.5983 -0.2227 -0.7697
vn 0.6329 -0.1587 -0.7578
vn 0.7209 -0.0929 -0.6868
vn 0.8317 -0.0376 -0.5540
vn 0.9003 0.1219 -0.4179
vn 0.8935 0.3013 -0.3330
vn 0.8901 0.3408 -0.3026
vn 0.9104 0.3244 -0.2568
vn 0.9455 0.2873 -0.1534
vn 0.9685 0.2489 -0.0068
vn 0.9601 0.2563 0.1115
vn 0.9404 0.3049 0.1510
vn 0.9253 0.3569 0.1284
vn 0.6339 -0.3711 -0.6786
vn 0.7008 -0.2809 -0.6557
vn 0.8028 -0.1995 -0.5619
vn 0.9051 -0.0841 -0.4168
vn 0.9669 0.0607 -0.2477
vn 0.9882 0.1469 -0.0431
vn 0.9644 0.2364 0.1185
vn 0.9346 0.2992 0.1923
vn 0.9206 0.3134 0.2330
vn 0.9130 0.3090 0.2662
vn 0.9123 0.2929 0.2862
vn 0.9178 0.2737 0.2875
vn 0.9268 0.2620 0.2690
vn 0.9345 0.2683 0.2340
vn 0.9342 0.3026 0.1890
vn 0.7845 -0.3853 -0.4860
vn 0.9076 -0.2421 -0.3431
vn 0.9825 -0.0738 -0.1709
vn 0.9985 0.0550 -0.0004
vn 0.9794 0.1763 0.0986
vn 0.9555 0.2540 0.1498
vn 0.9315 0.3071 0.1951
vn 0.9091 0.3393 0.2415
vn 0.8929 0.3468 0.2872
vn 0.8857 0.3294 0.3271
vn 0.8888 0.2929 0.3525
vn 0.9011 0.2494 0.3548
vn 0.9182 0.2161 0.3319
vn 0.9340 0.2089 0.2897
vn 0.9413 0.2391 0.2382
vn 0.9408 -0.3078 -0.1422
vn 0.9911 -0.1329 0.0057
vn 0.9967 0.0222 0.0782
vn 0.9854 0.1304 0.1097
vn 0.9651 0.2202 0.1418
vn 0.9390 0.2942 0.1783
vn 0.9105 0.3504 0.2195
vn 0.8843 0.3841 0.2656
vn 0.8655 0.3893 0.3152
vn 0.8591 0.3611 0.3627
vn 0.8672 0.3021 0.3958
vn 0.8870 0.2285 0.4013
vn 0.9113 0.1684 0.3757
vn 0.9333 0.1450 0.3286
vn 0.9464 0.1707 0.2741
vn 0.9481 -0.2738 0.1619
vn 0.9907 -0.0749 0.1132
vn 0.9909 0.0481 0.1258
vn 0.9774 0.1563 0.1421
vn 0.9545 0.2500 0.1623
vn 0.9256 0.3288 0.1876
vn 0.8940 0.3906 0.2196
vn 0.8645 0.4302 0.2599
vn 0.8442 0.4383 0.3084
vn 0.8411 0.4042 0.3594
vn 0.8582 0.3239 0.3981
vn 0.8877 0.2170 0.4062
vn 0.9166 0.1262 0.3795
vn 0.9391 0.0856 0.3327
vn 0.9530 0.1065 0.2836
vn 0.8195 -0.3817 0.4274
vn 0.9632 -0.1201 0.2404
vn 0.9846 0.0643 0.1623
vn 0.9708 0.1741 0.1650
vn 0.9475 0.2707 0.1705
vn 0.9177 0.3540 0.1805
vn 0.8848 0.4223 0.1972
vn 0.8542 0.4696 0.2232
vn 0.8355 0.4844 0.2593
vn 0.8408 0.4499 0.3011
vn 0.8733 0.3539 0.3349
vn 0.9143 0.2166 0.3424
vn 0.9423 0.0971 0.3203
vn 0.9576 0.0418 0.2851
vn 0.9655 0.0593 0.2537
vn 0.5824 -0.4810 0.6553
vn 0.8348 -0.2717 0.4788
vn 0.9634 0.0159 0.2676
vn 0.9656 0.1838 0.1840
vn 0.9437 0.2797 0.1765
vn 0.9163 0.3639 0.1669
vn 0.8843 0.4384 0.1608
vn 0.8554 0.4913 0.1639
vn 0.8419 0.5107 0.1745
vn 0.8578 0.4774 0.1902
vn 0.9039 0.3753 0.2052
vn 0.9516 0.2233 0.2114
vn 0.9745 0.0884 0.2064
vn 0.9797 0.0250 0.1989
vn 0.9796 0.0404 0.1967
vn 0.4351 -0.5002 0.7487
vn 0.5885 -0.4351 0.6814
vn 0.8574 -0.1522 0.4917
vn 0.9429 0.1562 0.2943
vn 0.9319 0.2777 0.2335
vn 0.9183 0.3440 0.1961
vn 0.8946 0.4247 0.1388
vn 0.8672 0.4873 0.1023
vn 0.8592 0.5049 0.0828
vn 0.8796 0.4710 0.0665
vn 0.9254 0.3744 0.0583
vn 0.9705 0.2327 0.0639
vn 0.9910 0.1052 0.0826
vn 0.9931 0.0424 0.1090
vn 0.9889 0.0541 0.1382
vn 0.3649 -0.4850 0.7948
vn 0.3914 -0.5122 0.7645
vn 0.6446 -0.3621 0.6734
vn 0.8954 0.0104 0.4451
vn 0.9295 0.2569 0.2645
vn 0.9343 0.2930 0.2028
vn 0.9182 0.3759 0.1246
vn 0.8859 0.4598 0.0613
vn 0.8813 0.4722 0.0190
vn 0.8988 0.4380 -0.0193
vn 0.9331 0.3570 -0.0429
vn 0.9687 0.2454 -0.0387
vn 0.9896 0.1439 -0.0053
vn 0.9950 0.0893 0.0444
vn 0.9908 0.0953 0.0960
vn 0.3111 -0.4743 0.8235
vn 0.2954 -0.5253 0.7980
vn 0.3885 -0.5342 0.7508
vn 0.7533 -0.2574 0.6052
vn 0.9448 0.1298 0.3009
vn 0.9583 0.2421 0.1517
vn 0.9400 0.3237 0.1082
vn 0.9066 0.4184 0.0543
vn 0.9037 0.4281 0.0005
vn 0.9160 0.3985 -0.0465
vn 0.9380 0.3382 -0.0755
vn 0.9622 0.2620 -0.0743
vn 0.9803 0.1936 -0.0396
vn 0.9881 0.1531 0.0178
vn 0.9852 0.1520 0.0794
vn 0.2688 -0.4698 0.8409
vn 0.2430 -0.5341 0.8098
vn 0.2482 -0.5845 0.7725
vn 0.4397 -0.5318 0.7237
vn 0.8296 -0.1995 0.5215
vn 0.9615 0.1545 0.2271
vn 0.9465 0.2953 0.1300
vn 0.9239 0.3730 0.0849
vn 0.9224 0.3854 0.0273
vn 0.9306 0.3654 -0.0205
vn 0.9440 0.3261 -0.0502
vn 0.9585 0.2801 -0.0535
vn 0.9699 0.2417 -0.0277
vn 0.9754 0.2192 0.0227
vn 0.9742 0.2108 0.0800
vn 0.2331 -0.4738 0.8492
vn 0.2127 -0.5544 0.8046
vn 0.2174 -0.6181 0.7554
vn 0.2696 -0.6476 0.7127
vn 0.5434 -0.5225 0.6571
vn 0.8780 -0.1035 0.4674
vn 0.9389 0.2485 0.2380
vn 0.9314 0.3302 0.1535
vn 0.9318 0.3501 0.0962
vn 0.9380 0.3430 0.0501
vn 0.9463 0.3226 0.0207
vn 0.9543 0.2986 0.0120
vn 0.9597 0.2801 0.0232
vn 0.9616 0.2698 0.0498
vn 0.9628 0.2568 0.0844
vn 0.2349 -0.9219 -0.3080
vn 0.0922 -0.9238 -0.3716
vn -0.0489 -0.9036 -0.4256
vn -0.1594 -0.8654 -0.4750
vn -0.4376 -0.6758 -0.5932
vn -0.7847 -0.1435 -0.6030
vn -0.8540 0.1880 -0.4851
vn -0.8668 0.2234 -0.4459
vn -0.8789 0.2368 -0.4140
vn -0.8888 0.2296 -0.3967
vn -0.8930 0.2157 -0.3951
vn -0.8908 0.2048 -0.4056
vn -0.8840 0.2001 -0.4226
vn -0.8744 0.1983 -0.4427
vn -0.8622 0.2090 -0.4615
vn 0.0873 -0.9885 -0.1237
vn -0.0202 -0.9772 -0.2112
vn -0.1301 -0.9415 -0.3108
vn -0.2142 -0.8900 -0.4026
vn -0.3476 -0.7966 -0.4946
vn -0.6624 -0.3528 -0.6608
vn -0.7849 0.1262 -0.6067
vn -0.8142 0.1986 -0.5455
vn -0.8268 0.2220 -0.5169
vn -0.8364 0.2279 -0.4984
vn -0.8408 0.2267 -0.4915
vn -0.8394 0.2266 -0.4940
vn -0.8326 0.2313 -0.5033
vn -0.8208 0.2433 -0.5168
vn -0.8057 0.2708 -0.5268
vn -0.1399 -0.9896 0.0328
vn -0.1908 -0.9785 -0.0780
vn -0.2455 -0.9440 -0.2206
vn -0.2878 -0.8912 -0.3506
vn -0.3271 -0.8234 -0.4637
vn -0.5251 -0.5187 -0.6747
vn -0.7013 -0.0141 -0.7127
vn -0.7514 0.1758 -0.6360
vn -0.7639 0.2066 -0.6113
vn -0.7736 0.2237 -0.5928
vn -0.7785 0.2344 -0.5822
vn -0.7780 0.2458 -0.5781
vn -0.7724 0.2626 -0.5783
vn -0.7626 0.2885 -0.5790
vn -0.7511 0.3265 -0.5738
vn -0.3928 -0.9150 0.0923
vn -0.3641 -0.9309 -0.0286
vn -0.3609 -0.9135 -0.1880
vn -0.3612 -0.8701 -0.3354
vn -0.3403 -0.7994 -0.4951
vn -0.3113 -0.5564 -0.7704
vn -0.3387 -0.1275 -0.9322
vn -0.4251 0.1007 -0.8995
vn -0.5595 0.1274 -0.8190
vn -0.6627 0.1760 -0.7279
vn -0.7049 0.2318 -0.6704
vn -0.7112 0.2622 -0.6522
vn -0.7079 0.2903 -0.6439
vn -0.7017 0.3268 -0.6331
vn -0.6945 0.3726 -0.6154
vn -0.5688 -0.8221 0.0248
vn -0.4940 -0.8665 -0.0717
vn -0.4511 -0.8658 -0.2168
vn -0.3947 -0.8263 -0.4017
vn -0.1977 -0.6804 -0.7057
vn 0.0676 -0.3894 -0.9186
vn 0.2155 -0.1241 -0.9686
vn 0.1539 -0.0452 -0.9871
vn -0.0096 -0.0354 -0.9993
vn -0.1806 0.0484 -0.9824
vn -0.3343 0.1525 -0.9301
vn -0.4941 0.2041 -0.8451
vn -0.6056 0.2766 -0.7461
vn -0.6363 0.3595 -0.6826
vn -0.6315 0.4135 -0.6559
vn -0.6550 -0.7484 -0.1043
vn -0.5700 -0.8038 -0.1700
vn -0.4813 -0.8084 -0.3391
vn -0.2195 -0.6868 -0.6929
vn 0.1392 -0.3929 -0.9090
vn 0.3801 -0.1360 -0.9149
vn 0.4300 -0.0956 -0.8978
vn 0.4149 -0.1214 -0.9017
vn 0.3843 -0.1339 -0.9134
vn 0.3241 -0.1026 -0.9404
vn 0.1900 -0.0353 -0.9811
vn -0.0148 0.0340 -0.9993
vn -0.2184 0.1906 -0.9571
vn -0.3973 0.3270 -0.8574
vn -0.5237 0.4196 -0.7414
vn -0.6748 -0.6972 -0.2418
vn -0.5699 -0.7430 -0.3509
vn -0.2624 -0.6442 -0.7185
vn 0.1643 -0.3408 -0.9257
vn 0.4448 -0.0676 -0.8931
vn 0.5133 -0.0431 -0.8571
vn 0.5176 -0.0968 -0.8501
vn 0.4967 -0.1475 -0.8553
vn 0.4573 -0.1778 -0.8713
vn 0.4081 -0.1796 -0.8951
vn 0.3559 -0.1528 -0.9220
vn 0.3026 -0.0971 -0.9482
vn 0.2131 0.0181 -0.9769
vn 0.0268 0.1669 -0.9856
vn -0.1880 0.3594 -0.9141
vn -0.6037 -0.6571 -0.4515
vn -0.2818 -0.5472 -0.7881
vn 0.1667 -0.2481 -0.9543
vn 0.4589 0.0208 -0.8882
vn 0.5471 0.0483 -0.8357
vn 0.5856 -0.0152 -0.8105
vn 0.5918 -0.1037 -0.7994
vn 0.5621 -0.1849 -0.8061
vn 0.5095 -0.2326 -0.8284
vn 0.4503 -0.2402 -0.8600
vn 0.3940 -0.2127 -0.8942
vn 0.3444 -0.1563 -0.9257
vn 0.3024 -0.0755 -0.9502
vn 0.2633 0.0317 -0.9642
vn 0.1831 0.1987 -0.9628
vn -0.2166 -0.4565 -0.8630
vn 0.1766 -0.1455 -0.9735
vn 0.4189 0.0904 -0.9035
vn 0.5054 0.1453 -0.8505
vn 0.5747 0.1131 -0.8105
vn 0.6305 0.0185 -0.7760
vn 0.6418 -0.1187 -0.7576
vn 0.5991 -0.2394 -0.7641
vn 0.5292 -0.3022 -0.7929
vn 0.4600 -0.3087 -0.8325
vn 0.4027 -0.2744 -0.8732
vn 0.3587 -0.2107 -0.9094
vn 0.3258 -0.1240 -0.9373
vn 0.3015 -0.0170 -0.9533
vn 0.2839 0.1093 -0.9526
vn 0.2263 -0.1005 -0.9689
vn 0.3638 0.1072 -0.9253
vn 0.4128 0.1939 -0.8899
vn 0.4705 0.2238 -0.8535
vn 0.5469 0.1900 -0.8154
vn 0.6206 0.0622 -0.7816
vn 0.6388 -0.1433 -0.7559
vn 0.5803 -0.3146 -0.7512
vn 0.4966 -0.3853 -0.7778
vn 0.4274 -0.3804 -0.8202
vn 0.3797 -0.3325 -0.8633
vn 0.3489 -0.2585 -0.9008
vn 0.3298 -0.1652 -0.9295
vn 0.3186 -0.0545 -0.9463
vn 0.3131 0.0735 -0.9469
vn 0.3359 0.0573 -0.9402
vn 0.3382 0.1658 -0.9264
vn 0.3515 0.2452 -0.9035
vn 0.3807 0.2868 -0.8791
vn 0.4322 0.2601 -0.8634
vn 0.4941 0.1046 -0.8631
vn 0.5088 -0.1720 -0.8435
vn 0.4537 -0.3935 -0.7996
vn 0.3873 -0.4618 -0.7980
vn 0.3467 -0.4378 -0.8295
vn 0.3284 -0.3746 -0.8671
vn 0.3225 -0.2917 -0.9005
vn 0.3229 -0.1941 -0.9263
vn 0.3269 -0.0822 -0.9415
vn 0.3338 0.0450 -0.9416
vn 0.3155 0.0766 -0.9458
vn 0.2940 0.1818 -0.9384
vn 0.2709 0.2596 -0.9269
vn 0.2460 0.3026 -0.9208
vn 0.2257 0.2784 -0.9336
vn 0.2210 0.1144 -0.9685
vn 0.2163 -0.1823 -0.9592
vn 0.2039 -0.4192 -0.8847
vn 0.2088 -0.4864 -0.8484
vn 0.2318 -0.4542 -0.8602
vn 0.2607 -0.3858 -0.8850
vn 0.2882 -0.3017 -0.9088
vn 0.3121 -0.2058 -0.9275
vn 0.3328 -0.0975 -0.9380
vn 0.3515 0.0249 -0.9358
vn 0.2988 0.0757 -0.9513
vn 0.2554 0.1648 -0.9527
vn 0.1944 0.2274 -0.9542
vn 0.1166 0.2559 -0.9597
vn 0.0299 0.2230 -0.9744
vn -0.0409 0.0828 -0.9957
vn -0.0623 -0.1616 -0.9849
vn -0.0262 -0.3644 -0.9309
vn 0.0464 -0.4357 -0.8989
vn 0.1266 -0.4167 -0.9002
vn 0.1988 -0.3595 -0.9117
vn 0.2579 -0.2843 -0.9234
vn 0.3052 -0.1967 -0.9317
vn 0.3420 -0.0984 -0.9345
vn 0.3699 0.0128 -0.9290
vn 0.2896 0.0569 -0.9555
vn 0.2313 0.1160 -0.9660
vn 0.1454 0.1578 -0.9767
vn 0.0444 0.1707 -0.9843
vn -0.0591 0.1335 -0.9893
vn -0.1401 0.0287 -0.9897
vn -0.1631 -0.1354 -0.9773
vn -0.1166 -0.2820 -0.9523
vn -0.0275 -0.3472 -0.9374
vn 0.0732 -0.3434 -0.9363
vn 0.1666 -0.3034 -0.9382
vn 0.2611 -0.2311 -0.9372
vn 0.3692 -0.1507 -0.9170
vn 0.4543 -0.0855 -0.8867
vn 0.5015 -0.0123 -0.8651
vn 0.2766 0.0236 -0.9607
vn 0.2198 0.0505 -0.9742
vn 0.1381 0.0746 -0.9876
vn 0.0446 0.0801 -0.9958
vn -0.0459 0.0487 -0.9978
vn -0.1121 -0.0224 -0.9934
vn -0.1299 -0.1230 -0.9839
vn -0.0907 -0.2154 -0.9723
vn -0.0039 -0.2558 -0.9667
vn 0.1496 -0.2290 -0.9618
vn 0.3838 -0.1936 -0.9029
vn 0.5660 -0.1437 -0.8118
vn 0.6469 -0.0929 -0.7569
vn 0.6864 -0.0770 -0.7231
vn 0.7032 -0.0541 -0.7090
vt 0.640625 0.516235
vt 0.656250 0.515625
vt 0.656250 0.531250
vt 0.640625 0.531250
vt 0.671875 0.515625
vt 0.671875 0.531250
vt 0.687500 0.515625
vt 0.687500 0.531250
vt 0.703125 0.515625
vt 0.703125 0.531250
vt 0.718750 0.515625
vt 0.718750 0.531250
vt 0.734375 0.515625
vt 0.734375 0.531250
vt 0.750000 0.515625
vt 0.750000 0.531250
vt 0.765625 0.515625
vt 0.765625 0.531250
vt 0.781250 0.515625
vt 0.781250 0.531250
vt 0.796875 0.515625
vt 0.796875 0.531250
vt 0.812500 0.515625
vt 0.812500 0.531250
vt 0.828125 0.515625
vt 0.828125 0.531250
vt 0.843750 0.515625
vt 0.843750 0.531250
vt 0.859375 0.515625
vt 0.859375 0.531250
vt 0.656250 0.546875
vt 0.640625 0.546875
vt 0.671875 0.546875
vt 0.687500 0.546875
vt 0.703125 0.546875
vt 0.718750 0.546875
vt 0.734375 0.546875
vt 0.750000 0.546875
vt 0.765625 0.546875
vt 0.781250 0.546875
vt 0.796875 0.546875
vt 0.812500 0.546875
vt 0.828125 0.546875
vt 0.843750 0.546875
vt 0.859375 0.546875
vt 0.656250 0.562500
vt 0.640625 0.562500
vt 0.671875 0.562500
vt 0.687500 0.562500
vt 0.703125 0.562500
vt 0.718750 0.562500
vt 0.734375 0.562500
vt 0.750000 0.562500
vt 0.765625 0.562500
vt 0.781250 0.562500
vt 0.796875 0.562500
vt 0.812500 0.562500
vt 0.828125 0.562500
vt 0.843750 0.562500
vt 0.859375 0.562500
vt 0.656250 0.578125
vt 0.640625 0.578125
vt 0.671875 0.578125
vt 0.687500 0.578125
vt 0.703125 0.578125
vt 0.718750 0.578125
vt 0.734375 0.578125
vt 0.750000 0.578125
vt 0.765625 0.578125
vt 0.781250 0.578125
vt 0.796875 0.578125
vt 0.812500 0.578125
vt 0.828125 0.578125
vt 0.843750 0.578125
vt 0.859375 0.578125
vt 0.656250 0.593750
vt 0.640625 0.593750
vt 0.671875 0.593750
vt 0.687500 0.593750
vt 0.703125 0.593750
vt 0.718750 0.593750
vt 0.734375 0.593750
vt 0.750000 0.593750
vt 0.765625 0.593750
vt 0.781250 0.593750
vt 0.796875 0.593750
vt 0.812500 0.593750
vt 0.828125 0.593750
vt 0.843750 0.593750
vt 0.859375 0.593750
vt 0.656250 0.609375
vt 0.640625 0.609375
vt 0.671875 0.609375
vt 0.687500 0.609375
vt 0.703125 0.609375
vt 0.718750 0.609375
vt 0.734375 0.609375
vt 0.750000 0.609375
vt 0.765625 0.609375
vt 0.781250 0.609375
vt 0.796875 0.609375
vt 0.812500 0.609375
vt 0.828125 0.609375
vt 0.843750 0.609375
vt 0.859375 0.609375
vt 0.656250 0.625000
vt 0.640625 0.625000
vt 0.671875 0.625000
vt 0.687500 0.625000
vt 0.703125 0.625000
vt 0.718750 0.625000
vt 0.734375 0.625000
vt 0.750000 0.625000
vt 0.765625 0.625000
vt 0.781250 0.625000
vt 0.796875 0.625000
vt 0.812500 0.625000
vt 0.828125 0.625000
vt 0.843750 0.625000
vt 0.859375 0.625000
vt 0.656250 0.640625
vt 0.640625 0.640625
vt 0.671875 0.640625
vt 0.687500 0.640625
vt 0.703125 0.640625
vt 0.718750 0.640625
vt 0.734375 0.640625
vt 0.750000 0.640625
vt 0.765625 0.640625
vt 0.781250 0.640625
vt 0.796875 0.640625
vt 0.812500 0.640625
vt 0.828125 0.640625
vt 0.843750 0.640625
vt 0.859375 0.640625
vt 0.656250 0.656250
vt 0.640625 0.656250
vt 0.671875 0.656250
vt 0.687500 0.656250
vt 0.703125 0.656250
vt 0.718750 0.656250
vt 0.734375 0.656250
vt 0.750000 0.656250
vt 0.765625 0.656250
vt 0.781250 0.656250
vt 0.796875 0.656250
vt 0.812500 0.656250
vt 0.828125 0.656250
vt 0.843750 0.656250
vt 0.859375 0.656250
vt 0.656250 0.671875
vt 0.640625 0.671875
vt 0.671875 0.671875
vt 0.687500 0.671875
vt 0.703125 0.671875
vt 0.718750 0.671875
vt 0.734375 0.671875
vt 0.750000 0.671875
vt 0.765625 0.671875
vt 0.781250 0.671875
vt 0.796875 0.671875
vt 0.812500 0.671875
vt 0.828125 0.671875
vt 0.843750 0.671875
vt 0.859375 0.671875
vt 0.656250 0.687500
vt 0.640625 0.687500
vt 0.671875 0.687500
vt 0.687500 0.687500
vt 0.703125 0.687500
vt 0.718750 0.687500
vt 0.734375 0.687500
vt 0.750000 0.687500
vt 0.765625 0.687500
vt 0.781250 0.687500
vt 0.796875 0.687500
vt 0.812500 0.687500
vt 0.828125 0.687500
vt 0.843750 0.687500
vt 0.859375 0.687500
vt 0.656250 0.703125
vt 0.640625 0.703125
vt 0.671875 0.703125
vt 0.687500 0.703125
vt 0.703125 0.703125
vt 0.718750 0.703125
vt 0.734375 0.703125
vt 0.750000 0.703125
vt 0.765625 0.703125
vt 0.781250 0.703125
vt 0.796875 0.703125
vt 0.812500 0.703125
vt 0.828125 0.703125
vt 0.843750 0.703125
vt 0.859375 0.703125
vt 0.656250 0.718750
vt 0.640625 0.718750
vt 0.671875 0.718750
vt 0.687500 0.718750
vt 0.703125 0.718750
vt 0.718750 0.718750
vt 0.734375 0.718750
vt 0.750000 0.718750
vt 0.765625 0.718750
vt 0.781250 0.718750
vt 0.796875 0.718750
vt 0.812500 0.718750
vt 0.828125 0.718750
vt 0.843750 0.718750
vt 0.859375 0.718750
vt 0.656250 0.734375
vt 0.640625 0.733765
vt 0.671875 0.734375
vt 0.687500 0.734375
vt 0.703125 0.734375
vt 0.718750 0.734375
vt 0.734375 0.734375
vt 0.750000 0.734375
vt 0.765625 0.734375
vt 0.781250 0.734375
vt 0.796875 0.734375
vt 0.812500 0.734375
vt 0.828125 0.734375
vt 0.843750 0.734375
vt 0.859375 0.734375
vt 0.625000 0.500000
vt 0.640625 0.500000
vt 0.625000 0.515625
vt 0.656250 0.500000
vt 0.671875 0.500000
vt 0.687500 0.500000
vt 0.703125 0.500000
vt 0.718750 0.500000
vt 0.734375 0.500000
vt 0.750000 0.500000
vt 0.765625 0.500000
vt 0.781250 0.500000
vt 0.796875 0.500000
vt 0.812500 0.500000
vt 0.828125 0.500000
vt 0.843750 0.500000
vt 0.859375 0.500000
vt 0.875000 0.500000
vt 0.875000 0.515625
vt 0.875000 0.531250
vt 0.875000 0.546875
vt 0.875000 0.562500
vt 0.875000 0.578125
vt 0.875000 0.593750
vt 0.875000 0.609375
vt 0.875000 0.625000
vt 0.875000 0.640625
vt 0.875000 0.656250
vt 0.875000 0.671875
vt 0.875000 0.687500
vt 0.875000 0.703125
vt 0.875000 0.718750
vt 0.875000 0.734375
vt 0.875000 0.750000
vt 0.859375 0.750000
vt 0.843750 0.750000
vt 0.828125 0.750000
vt 0.812500 0.750000
vt 0.796875 0.750000
vt 0.781250 0.750000
vt 0.765625 0.750000
vt 0.750000 0.750000
vt 0.734375 0.750000
vt 0.718750 0.750000
vt 0.703125 0.750000
vt 0.687500 0.750000
vt 0.671875 0.750000
vt 0.656250 0.750000
vt 0.640625 0.750000
vt 0.625000 0.734375
vt 0.625000 0.750000
vt 0.625000 0.718750
vt 0.625000 0.703125
vt 0.625000 0.687500
vt 0.625000 0.671875
vt 0.625000 0.656250
vt 0.625000 0.640625
vt 0.625000 0.625000
vt 0.625000 0.609375
vt 0.625000 0.593750
vt 0.625000 0.578125
vt 0.625000 0.562500
vt 0.625000 0.546875
vt 0.625000 0.531250
vt 0.391235 0.765625
vt 0.406250 0.765625
vt 0.406250 0.781250
vt 0.390625 0.781250
vt 0.421875 0.765625
vt 0.421875 0.781250
vt 0.437500 0.765625
vt 0.437500 0.781250
vt 0.453125 0.765625
vt 0.453125 0.781250
vt 0.468750 0.765625
vt 0.468750 0.781250
vt 0.484375 0.765625
vt 0.484375 0.781250
vt 0.500000 0.765625
vt 0.500000 0.781250
vt 0.515625 0.765625
vt 0.515625 0.781250
vt 0.531250 0.765625
vt 0.531250 0.781250
vt 0.546875 0.765625
vt 0.546875 0.781250
vt 0.562500 0.765625
vt 0.562500 0.781250
vt 0.578125 0.765625
vt 0.578125 0.781250
vt 0.593750 0.765625
vt 0.593750 0.781250
vt 0.608765 0.765625
vt 0.609375 0.781250
vt 0.406250 0.796875
vt 0.390625 0.796875
vt 0.421875 0.796875
vt 0.437500 0.796875
vt 0.453125 0.796875
vt 0.468750 0.796875
vt 0.484375 0.796875
vt 0.500000 0.796875
vt 0.515625 0.796875
vt 0.531250 0.796875
vt 0.546875 0.796875
vt 0.562500 0.796875
vt 0.578125 0.796875
vt 0.593750 0.796875
vt 0.609375 0.796875
vt 0.406250 0.812500
vt 0.390625 0.812500
vt 0.421875 0.812500
vt 0.437500 0.812500
vt 0.453125 0.812500
vt 0.468750 0.812500
vt 0.484375 0.812500
vt 0.500000 0.812500
vt 0.515625 0.812500
vt 0.531250 0.812500
vt 0.546875 0.812500
vt 0.562500 0.812500
vt 0.578125 0.812500
vt 0.593750 0.812500
vt 0.609375 0.812500
vt 0.406250 0.828125
vt 0.390625 0.828125
vt 0.421875 0.828125
vt 0.437500 0.828125
vt 0.453125 0.828125
vt 0.468750 0.828125
vt 0.484375 0.828125
vt 0.500000 0.828125
vt 0.515625 0.828125
vt 0.531250 0.828125
vt 0.546875 0.828125
vt 0.562500 0.828125
vt 0.578125 0.828125
vt 0.593750 0.828125
vt 0.609375 0.828125
vt 0.406250 0.843750
vt 0.390625 0.843750
vt 0.421875 0.843750
vt 0.437500 0.843750
vt 0.453125 0.843750
vt 0.468750 0.843750
vt 0.484375 0.843750
vt 0.500000 0.843750
vt 0.515625 0.843750
vt 0.531250 0.843750
vt 0.546875 0.843750
vt 0.562500 0.843750
vt 0.578125 0.843750
vt 0.593750 0.843750
vt 0.609375 0.843750
vt 0.406250 0.859375
vt 0.390625 0.859375
vt 0.421875 0.859375
vt 0.437500 0.859375
vt 0.453125 0.859375
vt 0.468750 0.859375
vt 0.484375 0.859375
vt 0.500000 0.859375
vt 0.515625 0.859375
vt 0.531250 0.859375
vt 0.546875 0.859375
vt 0.562500 0.859375
vt 0.578125 0.859375
vt 0.593750 0.859375
vt 0.609375 0.859375
vt 0.406250 0.875000
vt 0.390625 0.875000
vt 0.421875 0.875000
vt 0.437500 0.875000
vt 0.453125 0.875000
vt 0.468750 0.875000
vt 0.484375 0.875000
vt 0.500000 0.875000
vt 0.515625 0.875000
vt 0.531250 0.875000
vt 0.546875 0.875000
vt 0.562500 0.875000
vt 0.578125 0.875000
vt 0.593750 0.875000
vt 0.609375 0.875000
vt 0.406250 0.890625
vt 0.390625 0.890625
vt 0.421875 0.890625
vt 0.437500 0.890625
vt 0.453125 0.890625
vt 0.468750 0.890625
vt 0.484375 0.890625
vt 0.500000 0.890625
vt 0.515625 0.890625
vt 0.531250 0.890625
vt 0.546875 0.890625
vt 0.562500 0.890625
vt 0.578125 0.890625
vt 0.593750 0.890625
vt 0.609375 0.890625
vt 0.406250 0.906250
vt 0.390625 0.906250
vt 0.421875 0.906250
vt 0.437500 0.906250
vt 0.453125 0.906250
vt 0.468750 0.906250
vt 0.484375 0.906250
vt 0.500000 0.906250
vt 0.515625 0.906250
vt 0.531250 0.906250
vt 0.546875 0.906250
vt 0.562500 0.906250
vt 0.578125 0.906250
vt 0.593750 0.906250
vt 0.609375 0.906250
vt 0.406250 0.921875
vt 0.390625 0.921875
vt 0.421875 0.921875
vt 0.437500 0.921875
vt 0.453125 0.921875
vt 0.468750 0.921875
vt 0.484375 0.921875
vt 0.500000 0.921875
vt 0.515625 0.921875
vt 0.531250 0.921875
vt 0.546875 0.921875
vt 0.562500 0.921875
vt 0.578125 0.921875
vt 0.593750 0.921875
vt 0.609375 0.921875
vt 0.406250 0.937500
vt 0.390625 0.937500
vt 0.421875 0.937500
vt 0.437500 0.937500
vt 0.453125 0.937500
vt 0.468750 0.937500
vt 0.484375 0.937500
vt 0.500000 0.937500
vt 0.515625 0.937500
vt 0.531250 0.937500
vt 0.546875 0.937500
vt 0.562500 0.937500
vt 0.578125 0.937500
vt 0.593750 0.937500
vt 0.609375 0.937500
vt 0.406250 0.953125
vt 0.390625 0.953125
vt 0.421875 0.953125
vt 0.437500 0.953125
vt 0.453125 0.953125
vt 0.468750 0.953125
vt 0.484375 0.953125
vt 0.500000 0.953125
vt 0.515625 0.953125
vt 0.531250 0.953125
vt 0.546875 0.953125
vt 0.562500 0.953125
vt 0.578125 0.953125
vt 0.593750 0.953125
vt 0.609375 0.953125
vt 0.406250 0.968750
vt 0.390625 0.968750
vt 0.421875 0.968750
vt 0.437500 0.968750
vt 0.453125 0.968750
vt 0.468750 0.968750
vt 0.484375 0.968750
vt 0.500000 0.968750
vt 0.515625 0.968750
vt 0.531250 0.968750
vt 0.546875 0.968750
vt 0.562500 0.968750
vt 0.578125 0.968750
vt 0.593750 0.968750
vt 0.609375 0.968750
vt 0.406250 0.984375
vt 0.390625 0.984375
vt 0.421875 0.984375
vt 0.437500 0.984375
vt 0.453125 0.984375
vt 0.468750 0.984375
vt 0.484375 0.984375
vt 0.500000 0.984375
vt 0.515625 0.984375
vt 0.531250 0.984375
vt 0.546875 0.984375
vt 0.562500 0.984375
vt 0.578125 0.984375
vt 0.593750 0.984375
vt 0.609375 0.984375
vt 0.375000 0.750000
vt 0.390625 0.750000
vt 0.375000 0.765625
vt 0.406250 0.750000
vt 0.421875 0.750000
vt 0.437500 0.750000
vt 0.453125 0.750000
vt 0.468750 0.750000
vt 0.484375 0.750000
vt 0.500000 0.750000
vt 0.515625 0.750000
vt 0.531250 0.750000
vt 0.546875 0.750000
vt 0.562500 0.750000
vt 0.578125 0.750000
vt 0.593750 0.750000
vt 0.609375 0.750000
vt 0.625000 0.765625
vt 0.625000 0.781250
vt 0.625000 0.796875
vt 0.625000 0.812500
vt 0.625000 0.828125
vt 0.625000 0.843750
vt 0.625000 0.859375
vt 0.625000 0.875000
vt 0.625000 0.890625
vt 0.625000 0.906250
vt 0.625000 0.921875
vt 0.625000 0.937500
vt 0.625000 0.953125
vt 0.625000 0.968750
vt 0.625000 0.984375
vt 0.625000 1.000000
vt 0.609375 1.000000
vt 0.593750 1.000000
vt 0.578125 1.000000
vt 0.562500 1.000000
vt 0.546875 1.000000
vt 0.531250 1.000000
vt 0.515625 1.000000
vt 0.500000 1.000000
vt 0.484375 1.000000
vt 0.468750 1.000000
vt 0.453125 1.000000
vt 0.437500 1.000000
vt 0.421875 1.000000
vt 0.406250 1.000000
vt 0.390625 1.000000
vt 0.375000 0.984375
vt 0.375000 1.000000
vt 0.375000 0.968750
vt 0.375000 0.953125
vt 0.375000 0.937500
vt 0.375000 0.921875
vt 0.375000 0.906250
vt 0.375000 0.890625
vt 0.375000 0.875000
vt 0.375000 0.859375
vt 0.375000 0.843750
vt 0.375000 0.828125
vt 0.375000 0.812500
vt 0.375000 0.796875
vt 0.375000 0.781250
vt 0.390625 0.015625
vt 0.406250 0.015625
vt 0.406250 0.031250
vt 0.390625 0.031250
vt 0.421875 0.015625
vt 0.421875 0.031250
vt 0.437500 0.015625
vt 0.437500 0.031250
vt 0.453125 0.015625
vt 0.453125 0.031250
vt 0.468750 0.015625
vt 0.468750 0.031250
vt 0.484375 0.015625
vt 0.484375 0.031250
vt 0.500000 0.015625
vt 0.500000 0.031250
vt 0.515625 0.015625
vt 0.515625 0.031250
vt 0.531250 0.015625
vt 0.531250 0.031250
vt 0.546875 0.015625
vt 0.546875 0.031250
vt 0.562500 0.015625
vt 0.562500 0.031250
vt 0.578125 0.015625
vt 0.578125 0.031250
vt 0.593750 0.015625
vt 0.593750 0.031250
vt 0.609375 0.015625
vt 0.609375 0.031250
vt 0.406250 0.046875
vt 0.390625 0.046875
vt 0.421875 0.046875
vt 0.437500 0.046875
vt 0.453125 0.046875
vt 0.468750 0.046875
vt 0.484375 0.046875
vt 0.500000 0.046875
vt 0.515625 0.046875
vt 0.531250 0.046875
vt 0.546875 0.046875
vt 0.562500 0.046875
vt 0.578125 0.046875
vt 0.593750 0.046875
vt 0.609375 0.046875
vt 0.406250 0.062500
vt 0.390625 0.062500
vt 0.421875 0.062500
vt 0.437500 0.062500
vt 0.453125 0.062500
vt 0.468750 0.062500
vt 0.484375 0.062500
vt 0.500000 0.062500
vt 0.515625 0.062500
vt 0.531250 0.062500
vt 0.546875 0.062500
vt 0.562500 0.062500
vt 0.578125 0.062500
vt 0.593750 0.062500
vt 0.609375 0.062500
vt 0.406250 0.078125
vt 0.390625 0.078125
vt 0.421875 0.078125
vt 0.437500 0.078125
vt 0.453125 0.078125
vt 0.468750 0.078125
vt 0.484375 0.078125
vt 0.500000 0.078125
vt 0.515625 0.078125
vt 0.531250 0.078125
vt 0.546875 0.078125
vt 0.562500 0.078125
vt 0.578125 0.078125
vt 0.593750 0.078125
vt 0.609375 0.078125
vt 0.406250 0.093750
vt 0.390625 0.093750
vt 0.421875 0.093750
vt 0.437500 0.093750
vt 0.453125 0.093750
vt 0.468750 0.093750
vt 0.484375 0.093750
vt 0.500000 0.093750
vt 0.515625 0.093750
vt 0.531250 0.093750
vt 0.546875 0.093750
vt 0.562500 0.093750
vt 0.578125 0.093750
vt 0.593750 0.093750
vt 0.609375 0.093750
vt 0.406250 0.109375
vt 0.390625 0.109375
vt 0.421875 0.109375
vt 0.437500 0.109375
vt 0.453125 0.109375
vt 0.468750 0.109375
vt 0.484375 0.109375
vt 0.500000 0.109375
vt 0.515625 0.109375
vt 0.531250 0.109375
vt 0.546875 0.109375
vt 0.562500 0.109375
vt 0.578125 0.109375
vt 0.593750 0.109375
vt 0.609375 0.109375
vt 0.406250 0.125000
vt 0.390625 0.125000
vt 0.421875 0.125000
vt 0.437500 0.125000
vt 0.453125 0.125000
vt 0.468750 0.125000
vt 0.484375 0.125000
vt 0.500000 0.125000
vt 0.515625 0.125000
vt 0.531250 0.125000
vt 0.546875 0.125000
vt 0.562500 0.125000
vt 0.578125 0.125000
vt 0.593750 0.125000
vt 0.609375 0.125000
vt 0.406250 0.140625
vt 0.390625 0.140625
vt 0.421875 0.140625
vt 0.437500 0.140625
vt 0.453125 0.140625
vt 0.468750 0.140625
vt 0.484375 0.140625
vt 0.500000 0.140625
vt 0.515625 0.140625
vt 0.531250 0.140625
vt 0.546875 0.140625
vt 0.562500 0.140625
vt 0.578125 0.140625
vt 0.593750 0.140625
vt 0.609375 0.140625
vt 0.406250 0.156250
vt 0.390625 0.156250
vt 0.421875 0.156250
vt 0.437500 0.156250
vt 0.453125 0.156250
vt 0.468750 0.156250
vt 0.484375 0.156250
vt 0.500000 0.156250
vt 0.515625 0.156250
vt 0.531250 0.156250
vt 0.546875 0.156250
vt 0.562500 0.156250
vt 0.578125 0.156250
vt 0.593750 0.156250
vt 0.609375 0.156250
vt 0.406250 0.171875
vt 0.390625 0.171875
vt 0.421875 0.171875
vt 0.437500 0.171875
vt 0.453125 0.171875
vt 0.468750 0.171875
vt 0.484375 0.171875
vt 0.500000 0.171875
vt 0.515625 0.171875
vt 0.531250 0.171875
vt 0.546875 0.171875
vt 0.562500 0.171875
vt 0.578125 0.171875
vt 0.593750 0.171875
vt 0.609375 0.171875
vt 0.406250 0.187500
vt 0.390625 0.187500
vt 0.421875 0.187500
vt 0.437500 0.187500
vt 0.453125 0.187500
vt 0.468750 0.187500
vt 0.484375 0.187500
vt 0.500000 0.187500
vt 0.515625 0.187500
vt 0.531250 0.187500
vt 0.546875 0.187500
vt 0.562500 0.187500
vt 0.578125 0.187500
vt 0.593750 0.187500
vt 0.609375 0.187500
vt 0.406250 0.203125
vt 0.390625 0.203125
vt 0.421875 0.203125
vt 0.437500 0.203125
vt 0.453125 0.203125
vt 0.468750 0.203125
vt 0.484375 0.203125
vt 0.500000 0.203125
vt 0.515625 0.203125
vt 0.531250 0.203125
vt 0.546875 0.203125
vt 0.562500 0.203125
vt 0.578125 0.203125
vt 0.593750 0.203125
vt 0.609375 0.203125
vt 0.406250 0.218750
vt 0.390625 0.218750
vt 0.421875 0.218750
vt 0.437500 0.218750
vt 0.453125 0.218750
vt 0.468750 0.218750
vt 0.484375 0.218750
vt 0.500000 0.218750
vt 0.515625 0.218750
vt 0.531250 0.218750
vt 0.546875 0.218750
vt 0.562500 0.218750
vt 0.578125 0.218750
vt 0.593750 0.218750
vt 0.609375 0.218750
vt 0.406250 0.234375
vt 0.390625 0.234375
vt 0.421875 0.234375
vt 0.437500 0.234375
vt 0.453125 0.234375
vt 0.468750 0.234375
vt 0.484375 0.234375
vt 0.500000 0.234375
vt 0.515625 0.234375
vt 0.531250 0.234375
vt 0.546875 0.234375
vt 0.562500 0.234375
vt 0.578125 0.234375
vt 0.593750 0.234375
vt 0.609375 0.234375
vt 0.375000 0.000000
vt 0.390625 0.000000
vt 0.375000 0.015625
vt 0.406250 0.000000
vt 0.421875 0.000000
vt 0.437500 0.000000
vt 0.453125 0.000000
vt 0.468750 0.000000
vt 0.484375 0.000000
vt 0.500000 0.000000
vt 0.515625 0.000000
vt 0.531250 0.000000
vt 0.546875 0.000000
vt 0.562500 0.000000
vt 0.578125 0.000000
vt 0.593750 0.000000
vt 0.609375 0.000000
vt 0.625000 0.000000
vt 0.625000 0.015625
vt 0.625000 0.031250
vt 0.625000 0.046875
vt 0.625000 0.062500
vt 0.625000 0.078125
vt 0.625000 0.093750
vt 0.625000 0.109375
vt 0.625000 0.125000
vt 0.625000 0.140625
vt 0.625000 0.156250
vt 0.625000 0.171875
vt 0.625000 0.187500
vt 0.625000 0.203125
vt 0.625000 0.218750
vt 0.625000 0.234375
vt 0.625000 0.250000
vt 0.609375 0.250000
vt 0.593750 0.250000
vt 0.578125 0.250000
vt 0.562500 0.250000
vt 0.546875 0.250000
vt 0.531250 0.250000
vt 0.515625 0.250000
vt 0.500000 0.250000
vt 0.484375 0.250000
vt 0.468750 0.250000
vt 0.453125 0.250000
vt 0.437500 0.250000
vt 0.421875 0.250000
vt 0.406250 0.250000
vt 0.390625 0.250000
vt 0.375000 0.234375
vt 0.375000 0.250000
vt 0.375000 0.218750
vt 0.375000 0.203125
vt 0.375000 0.187500
vt 0.375000 0.171875
vt 0.375000 0.156250
vt 0.375000 0.140625
vt 0.375000 0.125000
vt 0.375000 0.109375
vt 0.375000 0.093750
vt 0.375000 0.078125
vt 0.375000 0.062500
vt 0.375000 0.046875
vt 0.375000 0.031250
vt 0.140625 0.515625
vt 0.156250 0.515625
vt 0.156250 0.531250
vt 0.140625 0.531250
vt 0.171875 0.515625
vt 0.171875 0.531250
vt 0.187500 0.515625
vt 0.187500 0.531250
vt 0.203125 0.515625
vt 0.203125 0.531250
vt 0.218750 0.515625
vt 0.218750 0.531250
vt 0.234375 0.515625
vt 0.234375 0.531250
vt 0.250000 0.515625
vt 0.250000 0.531250
vt 0.265625 0.515625
vt 0.265625 0.531250
vt 0.281250 0.515625
vt 0.281250 0.531250
vt 0.296875 0.515625
vt 0.296875 0.531250
vt 0.312500 0.515625
vt 0.312500 0.531250
vt 0.328125 0.515625
vt 0.328125 0.531250
vt 0.343750 0.515625
vt 0.343750 0.531250
vt 0.359375 0.516235
vt 0.359375 0.531250
vt 0.156250 0.546875
vt 0.140625 0.546875
vt 0.171875 0.546875
vt 0.187500 0.546875
vt 0.203125 0.546875
vt 0.218750 0.546875
vt 0.234375 0.546875
vt 0.250000 0.546875
vt 0.265625 0.546875
vt 0.281250 0.546875
vt 0.296875 0.546875
vt 0.312500 0.546875
vt 0.328125 0.546875
vt 0.343750 0.546875
vt 0.359375 0.546875
vt 0.156250 0.562500
vt 0.140625 0.562500
vt 0.171875 0.562500
vt 0.187500 0.562500
vt 0.203125 0.562500
vt 0.218750 0.562500
vt 0.234375 0.562500
vt 0.250000 0.562500
vt 0.265625 0.562500
vt 0.281250 0.562500
vt 0.296875 0.562500
vt 0.312500 0.562500
vt 0.328125 0.562500
vt 0.343750 0.562500
vt 0.359375 0.562500
vt 0.156250 0.578125
vt 0.140625 0.578125
vt 0.171875 0.578125
vt 0.187500 0.578125
vt 0.203125 0.578125
vt 0.218750 0.578125
vt 0.234375 0.578125
vt 0.250000 0.578125
vt 0.265625 0.578125
vt 0.281250 0.578125
vt 0.296875 0.578125
vt 0.312500 0.578125
vt 0.328125 0.578125
vt 0.343750 0.578125
vt 0.359375 0.578125
vt 0.156250 0.593750
vt 0.140625 0.593750
vt 0.171875 0.593750
vt 0.187500 0.593750
vt 0.203125 0.593750
vt 0.218750 0.593750
vt 0.234375 0.593750
vt 0.250000 0.593750
vt 0.265625 0.593750
vt 0.281250 0.593750
vt 0.296875 0.593750
vt 0.312500 0.593750
vt 0.328125 0.593750
vt 0.343750 0.593750
vt 0.359375 0.593750
vt 0.156250 0.609375
vt 0.140625 0.609375
vt 0.171875 0.609375
vt 0.187500 0.609375
vt 0.203125 0.609375
vt 0.218750 0.609375
vt 0.234375 0.609375
vt 0.250000 0.609375
vt 0.265625 0.609375
vt 0.281250 0.609375
vt 0.296875 0.609375
vt 0.312500 0.609375
vt 0.328125 0.609375
vt 0.343750 0.609375
vt 0.359375 0.609375
vt 0.156250 0.625000
vt 0.140625 0.625000
vt 0.171875 0.625000
vt 0.187500 0.625000
vt 0.203125 0.625000
vt 0.218750 0.625000
vt 0.234375 0.625000
vt 0.250000 0.625000
vt 0.265625 0.625000
vt 0.281250 0.625000
vt 0.296875 0.625000
vt 0.312500 0.625000
vt 0.328125 0.625000
vt 0.343750 0.625000
vt 0.359375 0.625000
vt 0.156250 0.640625
vt 0.140625 0.640625
vt 0.171875 0.640625
vt 0.187500 0.640625
vt 0.203125 0.640625
vt 0.218750 0.640625
vt 0.234375 0.640625
vt 0.250000 0.640625
vt 0.265625 0.640625
vt 0.281250 0.640625
vt 0.296875 0.640625
vt 0.312500 0.640625
vt 0.328125 0.640625
vt 0.343750 0.640625
vt 0.359375 0.640625
vt 0.156250 0.656250
vt 0.140625 0.656250
vt 0.171875 0.656250
vt 0.187500 0.656250
vt 0.203125 0.656250
vt 0.218750 0.656250
vt 0.234375 0.656250
vt 0.250000 0.656250
vt 0.265625 0.656250
vt 0.281250 0.656250
vt 0.296875 0.656250
vt 0.312500 0.656250
vt 0.328125 0.656250
vt 0.343750 0.656250
vt 0.359375 0.656250
vt 0.156250 0.671875
vt 0.140625 0.671875
vt 0.171875 0.671875
vt 0.187500 0.671875
vt 0.203125 0.671875
vt 0.218750 0.671875
vt 0.234375 0.671875
vt 0.250000 0.671875
vt 0.265625 0.671875
vt 0.281250 0.671875
vt 0.296875 0.671875
vt 0.312500 0.671875
vt 0.328125 0.671875
vt 0.343750 0.671875
vt 0.359375 0.671875
vt 0.156250 0.687500
vt 0.140625 0.687500
vt 0.171875 0.687500
vt 0.187500 0.687500
vt 0.203125 0.687500
vt 0.218750 0.687500
vt 0.234375 0.687500
vt 0.250000 0.687500
vt 0.265625 0.687500
vt 0.281250 0.687500
vt 0.296875 0.687500
vt 0.312500 0.687500
vt 0.328125 0.687500
vt 0.343750 0.687500
vt 0.359375 0.687500
vt 0.156250 0.703125
vt 0.140625 0.703125
vt 0.171875 0.703125
vt 0.187500 0.703125
vt 0.203125 0.703125
vt 0.218750 0.703125
vt 0.234375 0.703125
vt 0.250000 0.703125
vt 0.265625 0.703125
vt 0.281250 0.703125
vt 0.296875 0.703125
vt 0.312500 0.703125
vt 0.328125 0.703125
vt 0.343750 0.703125
vt 0.359375 0.703125
vt 0.156250 0.718750
vt 0.140625 0.718750
vt 0.171875 0.718750
vt 0.187500 0.718750
vt 0.203125 0.718750
vt 0.218750 0.718750
vt 0.234375 0.718750
vt 0.250000 0.718750
vt 0.265625 0.718750
vt 0.281250 0.718750
vt 0.296875 0.718750
vt 0.312500 0.718750
vt 0.328125 0.718750
vt 0.343750 0.718750
vt 0.359375 0.718750
vt 0.156250 0.734375
vt 0.140625 0.734375
vt 0.171875 0.734375
vt 0.187500 0.734375
vt 0.203125 0.734375
vt 0.218750 0.734375
vt 0.234375 0.734375
vt 0.250000 0.734375
vt 0.265625 0.734375
vt 0.281250 0.734375
vt 0.296875 0.734375
vt 0.312500 0.734375
vt 0.328125 0.734375
vt 0.343750 0.734375
vt 0.359375 0.733765
vt 0.125000 0.500000
vt 0.140625 0.500000
vt 0.125000 0.515625
vt 0.156250 0.500000
vt 0.171875 0.500000
vt 0.187500 0.500000
vt 0.203125 0.500000
vt 0.218750 0.500000
vt 0.234375 0.500000
vt 0.250000 0.500000
vt 0.265625 0.500000
vt 0.281250 0.500000
vt 0.296875 0.500000
vt 0.312500 0.500000
vt 0.328125 0.500000
vt 0.343750 0.500000
vt 0.359375 0.500000
vt 0.375000 0.500000
vt 0.375000 0.515625
vt 0.375000 0.531250
vt 0.375000 0.546875
vt 0.375000 0.562500
vt 0.375000 0.578125
vt 0.375000 0.593750
vt 0.375000 0.609375
vt 0.375000 0.625000
vt 0.375000 0.640625
vt 0.375000 0.656250
vt 0.375000 0.671875
vt 0.375000 0.687500
vt 0.375000 0.703125
vt 0.375000 0.718750
vt 0.375000 0.734375
vt 0.359375 0.750000
vt 0.343750 0.750000
vt 0.328125 0.750000
vt 0.312500 0.750000
vt 0.296875 0.750000
vt 0.281250 0.750000
vt 0.265625 0.750000
vt 0.250000 0.750000
vt 0.234375 0.750000
vt 0.218750 0.750000
vt 0.203125 0.750000
vt 0.187500 0.750000
vt 0.171875 0.750000
vt 0.156250 0.750000
vt 0.140625 0.750000
vt 0.125000 0.734375
vt 0.125000 0.750000
vt 0.125000 0.718750
vt 0.125000 0.703125
vt 0.125000 0.687500
vt 0.125000 0.671875
vt 0.125000 0.656250
vt 0.125000 0.640625
vt 0.125000 0.625000
vt 0.125000 0.609375
vt 0.125000 0.593750
vt 0.125000 0.578125
vt 0.125000 0.562500
vt 0.125000 0.546875
vt 0.125000 0.531250
vt 0.390991 0.515991
vt 0.406250 0.515625
vt 0.406250 0.531250
vt 0.390625 0.531250
vt 0.421875 0.515625
vt 0.421875 0.531250
vt 0.437500 0.515625
vt 0.437500 0.531250
vt 0.453125 0.515625
vt 0.453125 0.531250
vt 0.468750 0.515625
vt 0.468750 0.531250
vt 0.484375 0.515625
vt 0.484375 0.531250
vt 0.500000 0.515625
vt 0.500000 0.531250
vt 0.515625 0.515625
vt 0.515625 0.531250
vt 0.531250 0.515625
vt 0.531250 0.531250
vt 0.546875 0.515625
vt 0.546875 0.531250
vt 0.562500 0.515625
vt 0.562500 0.531250
vt 0.578125 0.515625
vt 0.578125 0.531250
vt 0.593750 0.515625
vt 0.593750 0.531250
vt 0.609009 0.515991
vt 0.609375 0.531250
vt 0.406250 0.546875
vt 0.390625 0.546875
vt 0.421875 0.546875
vt 0.437500 0.546875
vt 0.453125 0.546875
vt 0.468750 0.546875
vt 0.484375 0.546875
vt 0.500000 0.546875
vt 0.515625 0.546875
vt 0.531250 0.546875
vt 0.546875 0.546875
vt 0.562500 0.546875
vt 0.578125 0.546875
vt 0.593750 0.546875
vt 0.609375 0.546875
vt 0.406250 0.562500
vt 0.390625 0.562500
vt 0.421875 0.562500
vt 0.437500 0.562500
vt 0.453125 0.562500
vt 0.468750 0.562500
vt 0.484375 0.562500
vt 0.500000 0.562500
vt 0.515625 0.562500
vt 0.531250 0.562500
vt 0.546875 0.562500
vt 0.562500 0.562500
vt 0.578125 0.562500
vt 0.593750 0.562500
vt 0.609375 0.562500
vt 0.406250 0.578125
vt 0.390625 0.578125
vt 0.421875 0.578125
vt 0.437500 0.578125
vt 0.453125 0.578125
vt 0.468750 0.578125
vt 0.484375 0.578125
vt 0.500000 0.578125
vt 0.515625 0.578125
vt 0.531250 0.578125
vt 0.546875 0.578125
vt 0.562500 0.578125
vt 0.578125 0.578125
vt 0.593750 0.578125
vt 0.609375 0.578125
vt 0.406250 0.593750
vt 0.390625 0.593750
vt 0.421875 0.593750
vt 0.437500 0.593750
vt 0.453125 0.593750
vt 0.468750 0.593750
vt 0.484375 0.593750
vt 0.500000 0.593750
vt 0.515625 0.593750
vt 0.531250 0.593750
vt 0.546875 0.593750
vt 0.562500 0.593750
vt 0.578125 0.593750
vt 0.593750 0.593750
vt 0.609375 0.593750
vt 0.406250 0.609375
vt 0.390625 0.609375
vt 0.421875 0.609375
vt 0.437500 0.609375
vt 0.453125 0.609375
vt 0.468750 0.609375
vt 0.484375 0.609375
vt 0.500000 0.609375
vt 0.515625 0.609375
vt 0.531250 0.609375
vt 0.546875 0.609375
vt 0.562500 0.609375
vt 0.578125 0.609375
vt 0.593750 0.609375
vt 0.609375 0.609375
vt 0.406250 0.625000
vt 0.390625 0.625000
vt 0.421875 0.625000
vt 0.437500 0.625000
vt 0.453125 0.625000
vt 0.468750 0.625000
vt 0.484375 0.625000
vt 0.500000 0.625000
vt 0.515625 0.625000
vt 0.531250 0.625000
vt 0.546875 0.625000
vt 0.562500 0.625000
vt 0.578125 0.625000
vt 0.593750 0.625000
vt 0.609375 0.625000
vt 0.406250 0.640625
vt 0.390625 0.640625
vt 0.421875 0.640625
vt 0.437500 0.640625
vt 0.453125 0.640625
vt 0.468750 0.640625
vt 0.484375 0.640625
vt 0.500000 0.640625
vt 0.515625 0.640625
vt 0.531250 0.640625
vt 0.546875 0.640625
vt 0.562500 0.640625
vt 0.578125 0.640625
vt 0.593750 0.640625
vt 0.609375 0.640625
vt 0.406250 0.656250
vt 0.390625 0.656250
vt 0.421875 0.656250
vt 0.437500 0.656250
vt 0.453125 0.656250
vt 0.468750 0.656250
vt 0.484375 0.656250
vt 0.500000 0.656250
vt 0.515625 0.656250
vt 0.531250 0.656250
vt 0.546875 0.656250
vt 0.562500 0.656250
vt 0.578125 0.656250
vt 0.593750 0.656250
vt 0.609375 0.656250
vt 0.406250 0.671875
vt 0.390625 0.671875
vt 0.421875 0.671875
vt 0.437500 0.671875
vt 0.453125 0.671875
vt 0.468750 0.671875
vt 0.484375 0.671875
vt 0.500000 0.671875
vt 0.515625 0.671875
vt 0.531250 0.671875
vt 0.546875 0.671875
vt 0.562500 0.671875
vt 0.578125 0.671875
vt 0.593750 0.671875
vt 0.609375 0.671875
vt 0.406250 0.687500
vt 0.390625 0.687500
vt 0.421875 0.687500
vt 0.437500 0.687500
vt 0.453125 0.687500
vt 0.468750 0.687500
vt 0.484375 0.687500
vt 0.500000 0.687500
vt 0.515625 0.687500
vt 0.531250 0.687500
vt 0.546875 0.687500
vt 0.562500 0.687500
vt 0.578125 0.687500
vt 0.593750 0.687500
vt 0.609375 0.687500
vt 0.406250 0.703125
vt 0.390625 0.703125
vt 0.421875 0.703125
vt 0.437500 0.703125
vt 0.453125 0.703125
vt 0.468750 0.703125
vt 0.484375 0.703125
vt 0.500000 0.703125
vt 0.515625 0.703125
vt 0.531250 0.703125
vt 0.546875 0.703125
vt 0.562500 0.703125
vt 0.578125 0.703125
vt 0.593750 0.703125
vt 0.609375 0.703125
vt 0.406250 0.718750
vt 0.390625 0.718750
vt 0.421875 0.718750
vt 0.437500 0.718750
vt 0.453125 0.718750
vt 0.468750 0.718750
vt 0.484375 0.718750
vt 0.500000 0.718750
vt 0.515625 0.718750
vt 0.531250 0.718750
vt 0.546875 0.718750
vt 0.562500 0.718750
vt 0.578125 0.718750
vt 0.593750 0.718750
vt 0.609375 0.718750
vt 0.406250 0.734375
vt 0.390991 0.734009
vt 0.421875 0.734375
vt 0.437500 0.734375
vt 0.453125 0.734375
vt 0.468750 0.734375
vt 0.484375 0.734375
vt 0.500000 0.734375
vt 0.515625 0.734375
vt 0.531250 0.734375
vt 0.546875 0.734375
vt 0.562500 0.734375
vt 0.578125 0.734375
vt 0.593750 0.734375
vt 0.609009 0.734009
vt 0.390625 0.500000
vt 0.406250 0.500000
vt 0.421875 0.500000
vt 0.437500 0.500000
vt 0.453125 0.500000
vt 0.468750 0.500000
vt 0.484375 0.500000
vt 0.500000 0.500000
vt 0.515625 0.500000
vt 0.531250 0.500000
vt 0.546875 0.500000
vt 0.562500 0.500000
vt 0.578125 0.500000
vt 0.593750 0.500000
vt 0.609375 0.500000
vt 0.609375 0.750000
vt 0.390625 0.265625
vt 0.406250 0.265625
vt 0.406250 0.281250
vt 0.390625 0.281250
vt 0.421875 0.265625
vt 0.421875 0.281250
vt 0.437500 0.265625
vt 0.437500 0.281250
vt 0.453125 0.265625
vt 0.453125 0.281250
vt 0.468750 0.265625
vt 0.468750 0.281250
vt 0.484375 0.265625
vt 0.484375 0.281250
vt 0.500000 0.265625
vt 0.500000 0.281250
vt 0.515625 0.265625
vt 0.515625 0.281250
vt 0.531250 0.265625
vt 0.531250 0.281250
vt 0.546875 0.265625
vt 0.546875 0.281250
vt 0.562500 0.265625
vt 0.562500 0.281250
vt 0.578125 0.265625
vt 0.578125 0.281250
vt 0.593750 0.265625
vt 0.593750 0.281250
vt 0.609375 0.265625
vt 0.609375 0.281250
vt 0.406250 0.296875
vt 0.390625 0.296875
vt 0.421875 0.296875
vt 0.437500 0.296875
vt 0.453125 0.296875
vt 0.468750 0.296875
vt 0.484375 0.296875
vt 0.500000 0.296875
vt 0.515625 0.296875
vt 0.531250 0.296875
vt 0.546875 0.296875
vt 0.562500 0.296875
vt 0.578125 0.296875
vt 0.593750 0.296875
vt 0.609375 0.296875
vt 0.406250 0.312500
vt 0.390625 0.312500
vt 0.421875 0.312500
vt 0.437500 0.312500
vt 0.453125 0.312500
vt 0.468750 0.312500
vt 0.484375 0.312500
vt 0.500000 0.312500
vt 0.515625 0.312500
vt 0.531250 0.312500
vt 0.546875 0.312500
vt 0.562500 0.312500
vt 0.578125 0.312500
vt 0.593750 0.312500
vt 0.609375 0.312500
vt 0.406250 0.328125
vt 0.390625 0.328125
vt 0.421875 0.328125
vt 0.437500 0.328125
vt 0.453125 0.328125
vt 0.468750 0.328125
vt 0.484375 0.328125
vt 0.500000 0.328125
vt 0.515625 0.328125
vt 0.531250 0.328125
vt 0.546875 0.328125
vt 0.562500 0.328125
vt 0.578125 0.328125
vt 0.593750 0.328125
vt 0.609375 0.328125
vt 0.406250 0.343750
vt 0.390625 0.343750
vt 0.421875 0.343750
vt 0.437500 0.343750
vt 0.453125 0.343750
vt 0.468750 0.343750
vt 0.484375 0.343750
vt 0.500000 0.343750
vt 0.515625 0.343750
vt 0.531250 0.343750
vt 0.546875 0.343750
vt 0.562500 0.343750
vt 0.578125 0.343750
vt 0.593750 0.343750
vt 0.609375 0.343750
vt 0.406250 0.359375
vt 0.390625 0.359375
vt 0.421875 0.359375
vt 0.437500 0.359375
vt 0.453125 0.359375
vt 0.468750 0.359375
vt 0.484375 0.359375
vt 0.500000 0.359375
vt 0.515625 0.359375
vt 0.531250 0.359375
vt 0.546875 0.359375
vt 0.562500 0.359375
vt 0.578125 0.359375
vt 0.593750 0.359375
vt 0.609375 0.359375
vt 0.406250 0.375000
vt 0.390625 0.375000
vt 0.421875 0.375000
vt 0.437500 0.375000
vt 0.453125 0.375000
vt 0.468750 0.375000
vt 0.484375 0.375000
vt 0.500000 0.375000
vt 0.515625 0.375000
vt 0.531250 0.375000
vt 0.546875 0.375000
vt 0.562500 0.375000
vt 0.578125 0.375000
vt 0.593750 0.375000
vt 0.609375 0.375000
vt 0.406250 0.390625
vt 0.390625 0.390625
vt 0.421875 0.390625
vt 0.437500 0.390625
vt 0.453125 0.390625
vt 0.468750 0.390625
vt 0.484375 0.390625
vt 0.500000 0.390625
vt 0.515625 0.390625
vt 0.531250 0.390625
vt 0.546875 0.390625
vt 0.562500 0.390625
vt 0.578125 0.390625
vt 0.593750 0.390625
vt 0.609375 0.390625
vt 0.406250 0.406250
vt 0.390625 0.406250
vt 0.421875 0.406250
vt 0.437500 0.406250
vt 0.453125 0.406250
vt 0.468750 0.406250
vt 0.484375 0.406250
vt 0.500000 0.406250
vt 0.515625 0.406250
vt 0.531250 0.406250
vt 0.546875 0.406250
vt 0.562500 0.406250
vt 0.578125 0.406250
vt 0.593750 0.406250
vt 0.609375 0.406250
vt 0.406250 0.421875
vt 0.390625 0.421875
vt 0.421875 0.421875
vt 0.437500 0.421875
vt 0.453125 0.421875
vt 0.468750 0.421875
vt 0.484375 0.421875
vt 0.500000 0.421875
vt 0.515625 0.421875
vt 0.531250 0.421875
vt 0.546875 0.421875
vt 0.562500 0.421875
vt 0.578125 0.421875
vt 0.593750 0.421875
vt 0.609375 0.421875
vt 0.406250 0.437500
vt 0.390625 0.437500
vt 0.421875 0.437500
vt 0.437500 0.437500
vt 0.453125 0.437500
vt 0.468750 0.437500
vt 0.484375 0.437500
vt 0.500000 0.437500
vt 0.515625 0.437500
vt 0.531250 0.437500
vt 0.546875 0.437500
vt 0.562500 0.437500
vt 0.578125 0.437500
vt 0.593750 0.437500
vt 0.609375 0.437500
vt 0.406250 0.453125
vt 0.390625 0.453125
vt 0.421875 0.453125
vt 0.437500 0.453125
vt 0.453125 0.453125
vt 0.468750 0.453125
vt 0.484375 0.453125
vt 0.500000 0.453125
vt 0.515625 0.453125
vt 0.531250 0.453125
vt 0.546875 0.453125
vt 0.562500 0.453125
vt 0.578125 0.453125
vt 0.593750 0.453125
vt 0.609375 0.453125
vt 0.406250 0.468750
vt 0.390625 0.468750
vt 0.421875 0.468750
vt 0.437500 0.468750
vt 0.453125 0.468750
vt 0.468750 0.468750
vt 0.484375 0.468750
vt 0.500000 0.468750
vt 0.515625 0.468750
vt 0.531250 0.468750
vt 0.546875 0.468750
vt 0.562500 0.468750
vt 0.578125 0.468750
vt 0.593750 0.468750
vt 0.609375 0.468750
vt 0.406250 0.484375
vt 0.391235 0.484375
vt 0.421875 0.484375
vt 0.437500 0.484375
vt 0.453125 0.484375
vt 0.468750 0.484375
vt 0.484375 0.484375
vt 0.500000 0.484375
vt 0.515625 0.484375
vt 0.531250 0.484375
vt 0.546875 0.484375
vt 0.562500 0.484375
vt 0.578125 0.484375
vt 0.593750 0.484375
vt 0.608765 0.484375
vt 0.375000 0.265625
vt 0.625000 0.265625
vt 0.625000 0.281250
vt 0.625000 0.296875
vt 0.625000 0.312500
vt 0.625000 0.328125
vt 0.625000 0.343750
vt 0.625000 0.359375
vt 0.625000 0.375000
vt 0.625000 0.390625
vt 0.625000 0.406250
vt 0.625000 0.421875
vt 0.625000 0.437500
vt 0.625000 0.453125
vt 0.625000 0.468750
vt 0.625000 0.484375
vt 0.375000 0.484375
vt 0.375000 0.468750
vt 0.375000 0.453125
vt 0.375000 0.437500
vt 0.375000 0.421875
vt 0.375000 0.406250
vt 0.375000 0.390625
vt 0.375000 0.375000
vt 0.375000 0.359375
vt 0.375000 0.343750
vt 0.375000 0.328125
vt 0.375000 0.312500
vt 0.375000 0.296875
vt 0.375000 0.281250
s 1
usemtl Material
f 189/1/189 190/2/190 205/3/205 204/4/204
f 190/2/190 191/5/191 206/6/206 205/3/205
f 191/5/191 192/7/192 207/8/207 206/6/206
f 192/7/192 193/9/193 208/10/208 207/8/207
f 193/9/193 194/11/194 209/12/209 208/10/208
f 194/11/194 195/13/195 210/14/210 209/12/209
f 195/13/195 196/15/196 211/16/211 210/14/210
f 196/15/196 197/17/197 212/18/212 211/16/211
f 197/17/197 198/19/198 213/20/213 212/18/212
f 198/19/198 199/21/199 214/22/214 213/20/213
f 199/21/199 200/23/200 215/24/215 214/22/214
f 200/23/200 201/25/201 216/26/216 215/24/215
f 201/25/201 202/27/202 217/28/217 216/26/216
f 202/27/202 203/29/203 218/30/218 217/28/217
f 204/4/204 205/3/205 220/31/220 219/32/219
f 205/3/205 206/6/206 221/33/221 220/31/220
f 206/6/206 207/8/207 222/34/222 221/33/221
f 207/8/207 208/10/208 223/35/223 222/34/222
f 208/10/208 209/12/209 224/36/224 223/35/223
f 209/12/209 210/14/210 225/37/225 224/36/224
f 210/14/210 211/16/211 226/38/226 225/37/225
f 211/16/211 212/18/212 227/39/227 226/38/226
f 212/18/212 213/20/213 228/40/228 227/39/227
f 213/20/213 214/22/214 229/41/229 228/40/228
f 214/22/214 215/24/215 230/42/230 229/41/229
f 215/24/215 216/26/216 231/43/231 230/42/230
f 216/26/216 217/28/217 232/44/232 231/43/231
f 217/28/217 218/30/218 233/45/233 232/44/232
f 219/32/219 220/31/220 235/46/235 234/47/234
f 220/31/220 221/33/221 236/48/236 235/46/235
f 221/33/221 222/34/222 237/49/237 236/48/236
f 222/34/222 223/35/223 238/50/238 237/49/237
f 223/35/223 224/36/224 239/51/239 238/50/238
f 224/36/224 225/37/225 240/52/240 239/51/239
f 225/37/225 226/38/226 241/53/241 240/52/240
f 226/38/226 227/39/227 242/54/242 241/53/241
f 227/39/227 228/40/228 243/55/243 242/54/242
f 228/40/228 229/41/229 244/56/244 243/55/243
f 229/41/229 230/42/230 245/57/245 244/56/244
f 230/42/230 231/43/231 246/58/246 245/57/245
f 231/43/231 232/44/232 247/59/247 246/58/246
f 232/44/232 233/45/233 248/60/248 247/59/247
f 234/47/234 235/46/235 250/61/250 249/62/249
f 235/46/235 236/48/236 251/63/251 250/61/250
f 236/48/236 237/49/237 252/64/252 251/63/251
f 237/49/237 238/50/238 253/65/253 252/64/252
f 238/50/238 239/51/239 254/66/254 253/65/253
f 239/51/239 240/52/240 255/67/255 254/66/254
f 240/52/240 241/53/241 256/68/256 255/67/255
f 241/53/241 242/54/242 257/69/257 256/68/256
f 242/54/242 243/55/243 258/70/258 257/69/257
f 243/55/243 244/56/244 259/71/259 258/70/258
f 244/56/244 245/57/245 260/72/260 259/71/259
f 245/57/245 246/58/246 261/73/261 260/72/260
f 246/58/246 247/59/247 262/74/262 261/73/261
f 247/59/247 248/60/248 263/75/263 262/74/262
f 249/62/249 250/61/250 265/76/265 264/77/264
f 250/61/250 251/63/251 266/78/266 265/76/265
f 251/63/251 252/64/252 267/79/267 266/78/266
f 252/64/252 253/65/253 268/80/268 267/79/267
f 253/65/253 254/66/254 269/81/269 268/80/268
f 254/66/254 255/67/255 270/82/270 269/81/269
f 255/67/255 256/68/256 271/83/271 270/82/270
f 256/68/256 257/69/257 272/84/272 271/83/271
f 257/69/257 258/70/258 273/85/273 272/84/272
f 258/70/258 259/71/259 274/86/274 273/85/273
f 259/71/259 260/72/260 275/87/275 274/86/274
f 260/72/260 261/73/261 276/88/276 275/87/275
f 261/73/261 262/74/262 277/89/277 276/88/276
f 262/74/262 263/75/263 278/90/278 277/89/277
f 264/77/264 265/76/265 280/91/280 279/92/279
f 265/76/265 266/78/266 281/93/281 280/91/280
f 266/78/266 267/79/267 282/94/282 281/93/281
f 267/79/267 268/80/268 283/95/283 282/94/282
f 268/80/268 269/81/269 284/96/284 283/95/283
f 269/81/269 270/82/270 285/97/285 284/96/284
f 270/82/270 271/83/271 286/98/286 285/97/285
f 271/83/271 272/84/272 287/99/287 286/98/286
f 272/84/272 273/85/273 288/100/288 287/99/287
f 273/85/273 274/86/274 289/101/289 288/100/288
f 274/86/274 275/87/275 290/102/290 289/101/289
f 275/87/275 276/88/276 291/103/291 290/102/290
f 276/88/276 277/89/277 292/104/292 291/103/291
f 277/89/277 278/90/278 293/105/293 292/104/292
f 279/92/279 280/91/280 295/106/295 294/107/294
f 280/91/280 281/93/281 296/108/296 295/106/295
f 281/93/281 282/94/282 297/109/297 296/108/296
f 282/94/282 283/95/283 298/110/298 297/109/297
f 283/95/283 284/96/284 299/111/299 298/110/298
f 284/96/284 285/97/285 300/112/300 299/111/299
f 285/97/285 286/98/286 301/113/301 300/112/300
f 286/98/286 287/99/287 302/114/302 301/113/301
f 287/99/287 288/100/288 303/115/303 302/114/302
f 288/100/288 289/101/289 304/116/304 303/115/303
f 289/101/289 290/102/290 305/117/305 304/116/304
f 290/102/290 291/103/291 306/118/306 305/117/305
f 291/103/291 292/104/292 307/119/307 306/118/306
f 292/104/292 293/105/293 308/120/308 307/119/307
f 294/107/294 295/106/295 310/121/310 309/122/309
f 295/106/295 296/108/296 311/123/311 310/121/310
f 296/108/296 297/109/297 312/124/312 311/123/311
f 297/109/297 298/110/298 313/125/313 312/124/312
f 298/110/298 299/111/299 314/126/314 313/125/313
f 299/111/299 300/112/300 315/127/315 314/126/314
f 300/112/300 301/113/301 316/128/316 315/127/315
f 301/113/301 302/114/302 317/129/317 316/128/316
f 302/114/302 303/115/303 318/130/318 317/129/317
f 303/115/303 304/116/304 319/131/319 318/130/318
f 304/116/304 305/117/305 320/132/320 319/131/319
f 305/117/305 306/118/306 321/133/321 320/132/320
f 306/118/306 307/119/307 322/134/322 321/133/321
f 307/119/307 308/120/308 323/135/323 322/134/322
f 309/122/309 310/121/310 325/136/325 324/137/324
f 310/121/310 311/123/311 326/138/326 325/136/325
f 311/123/311 312/124/312 327/139/327 326/138/326
f 312/124/312 313/125/313 328/140/328 327/139/327
f 313/125/313 314/126/314 329/141/329 328/140/328
f 314/126/314 315/127/315 330/142/330 329/141/329
f 315/127/315 316/128/316 331/143/331 330/142/330
f 316/128/316 317/129/317 332/144/332 331/143/331
f 317/129/317 318/130/318 333/145/333 332/144/332
f 318/130/318 319/131/319 334/146/334 333/145/333
f 319/131/319 320/132/320 335/147/335 334/146/334
f 320/132/320 321/133/321 336/148/336 335/147/335
f 321/133/321 322/134/322 337/149/337 336/148/336
f 322/134/322 323/135/323 338/150/338 337/149/337
f 324/137/324 325/136/325 340/151/340 339/152/339
f 325/136/325 326/138/326 341/153/341 340/151/340
f 326/138/326 327/139/327 342/154/342 341/153/341
f 327/139/327 328/140/328 343/155/343 342/154/342
f 328/140/328 329/141/329 344/156/344 343/155/343
f 329/141/329 330/142/330 345/157/345 344/156/344
f 330/142/330 331/143/331 346/158/346 345/157/345
f 331/143/331 332/144/332 347/159/347 346/158/346
f 332/144/332 333/145/333 348/160/348 347/159/347
f 333/145/333 334/146/334 349/161/349 348/160/348
f 334/146/334 335/147/335 350/162/350 349/161/349
f 335/147/335 336/148/336 351/163/351 350/162/350
f 336/148/336 337/149/337 352/164/352 351/163/351
f 337/149/337 338/150/338 353/165/353 352/164/352
f 339/152/339 340/151/340 355/166/355 354/167/354
f 340/151/340 341/153/341 356/168/356 355/166/355
f 341/153/341 342/154/342 357/169/357 356/168/356
f 342/154/342 343/155/343 358/170/358 357/169/357
f 343/155/343 344/156/344 359/171/359 358/170/358
f 344/156/344 345/157/345 360/172/360 359/171/359
f 345/157/345 346/158/346 361/173/361 360/172/360
f 346/158/346 347/159/347 362/174/362 361/173/361
f 347/159/347 348/160/348 363/175/363 362/174/362
f 348/160/348 349/161/349 364/176/364 363/175/363
f 349/161/349 350/162/350 365/177/365 364/176/364
f 350/162/350 351/163/351 366/178/366 365/177/365
f 351/163/351 352/164/352 367/179/367 366/178/366
f 352/164/352 353/165/353 368/180/368 367/179/367
f 354/167/354 355/166/355 370/181/370 369/182/369
f 355/166/355 356/168/356 371/183/371 370/181/370
f 356/168/356 357/169/357 372/184/372 371/183/371
f 357/169/357 358/170/358 373/185/373 372/184/372
f 358/170/358 359/171/359 374/186/374 373/185/373
f 359/171/359 360/172/360 375/187/375 374/186/374
f 360/172/360 361/173/361 376/188/376 375/187/375
f 361/173/361 362/174/362 377/189/377 376/188/376
f 362/174/362 363/175/363 378/190/378 377/189/377
f 363/175/363 364/176/364 379/191/379 378/190/378
f 364/176/364 365/177/365 380/192/380 379/191/379
f 365/177/365 366/178/366 381/193/381 380/192/380
f 366/178/366 367/179/367 382/194/382 381/193/381
f 367/179/367 368/180/368 383/195/383 382/194/382
f 369/182/369 370/181/370 385/196/385 384/197/384
f 370/181/370 371/183/371 386/198/386 385/196/385
f 371/183/371 372/184/372 387/199/387 386/198/386
f 372/184/372 373/185/373 388/200/388 387/199/387
f 373/185/373 374/186/374 389/201/389 388/200/388
f 374/186/374 375/187/375 390/202/390 389/201/389
f 375/187/375 376/188/376 391/203/391 390/202/390
f 376/188/376 377/189/377 392/204/392 391/203/391
f 377/189/377 378/190/378 393/205/393 392/204/392
f 378/190/378 379/191/379 394/206/394 393/205/393
f 379/191/379 380/192/380 395/207/395 394/206/394
f 380/192/380 381/193/381 396/208/396 395/207/395
f 381/193/381 382/194/382 397/209/397 396/208/396
f 382/194/382 383/195/383 398/210/398 397/209/397
f 384/197/384 385/196/385 400/211/400 399/212/399
f 385/196/385 386/198/386 401/213/401 400/211/400
f 386/198/386 387/199/387 402/214/402 401/213/401
f 387/199/387 388/200/388 403/215/403 402/214/402
f 388/200/388 389/201/389 404/216/404 403/215/403
f 389/201/389 390/202/390 405/217/405 404/216/404
f 390/202/390 391/203/391 406/218/406 405/217/405
f 391/203/391 392/204/392 407/219/407 406/218/406
f 392/204/392 393/205/393 408/220/408 407/219/407
f 393/205/393 394/206/394 409/221/409 408/220/408
f 394/206/394 395/207/395 410/222/410 409/221/409
f 395/207/395 396/208/396 411/223/411 410/222/410
f 396/208/396 397/209/397 412/224/412 411/223/411
f 397/209/397 398/210/398 413/225/413 412/224/412
f 1/226/1 173/227/173 189/1/189 114/228/114
f 173/227/173 172/229/172 190/2/190 189/1/189
f 172/229/172 171/230/171 191/5/191 190/2/190
f 171/230/171 170/231/170 192/7/192 191/5/191
f 170/231/170 169/232/169 193/9/193 192/7/192
f 169/232/169 168/233/168 194/11/194 193/9/193
f 168/233/168 167/234/167 195/13/195 194/11/194
f 167/234/167 166/235/166 196/15/196 195/13/195
f 166/235/166 165/236/165 197/17/197 196/15/196
f 165/236/165 164/237/164 198/19/198 197/17/197
f 164/237/164 163/238/163 199/21/199 198/19/198
f 163/238/163 162/239/162 200/23/200 199/21/199
f 162/239/162 161/240/161 201/25/201 200/23/200
f 161/240/161 160/241/160 202/27/202 201/25/201
f 160/241/160 159/242/159 203/29/203 202/27/202
f 159/242/159 5/243/5 158/244/158 203/29/203
f 203/29/203 158/244/158 157/245/157 218/30/218
f 218/30/218 157/245/157 156/246/156 233/45/233
f 233/45/233 156/246/156 155/247/155 248/60/248
f 248/60/248 155/247/155 154/248/154 263/75/263
f 263/75/263 154/248/154 153/249/153 278/90/278
f 278/90/278 153/249/153 152/250/152 293/105/293
f 293/105/293 152/250/152 151/251/151 308/120/308
f 308/120/308 151/251/151 150/252/150 323/135/323
f 323/135/323 150/252/150 149/253/149 338/150/338
f 338/150/338 149/253/149 148/254/148 353/165/353
f 353/165/353 148/254/148 147/255/147 368/180/368
f 368/180/368 147/255/147 146/256/146 383/195/383
f 383/195/383 146/256/146 145/257/145 398/210/398
f 398/210/398 145/257/145 144/258/144 413/225/413
f 413/225/413 144/258/144 7/259/7 113/260/113
f 412/224/412 413/225/413 113/260/113 112/261/112
f 411/223/411 412/224/412 112/261/112 111/262/111
f 410/222/410 411/223/411 111/262/111 110/263/110
f 409/221/409 410/222/410 110/263/110 109/264/109
f 408/220/408 409/221/409 109/264/109 108/265/108
f 407/219/407 408/220/408 108/265/108 107/266/107
f 406/218/406 407/219/407 107/266/107 106/267/106
f 405/217/405 406/218/406 106/267/106 105/268/105
f 404/216/404 405/217/405 105/268/105 104/269/104
f 403/215/403 404/216/404 104/269/104 103/270/103
f 402/214/402 403/215/403 103/270/103 102/271/102
f 401/213/401 402/214/402 102/271/102 101/272/101
f 400/211/400 401/213/401 101/272/101 100/273/100
f 399/212/399 400/211/400 100/273/100 99/274/99
f 128/275/128 399/212/399 99/274/99 3/276/3
f 127/277/127 384/197/384 399/212/399 128/275/128
f 126/278/126 369/182/369 384/197/384 127/277/127
f 125/279/125 354/167/354 369/182/369 126/278/126
f 124/280/124 339/152/339 354/167/354 125/279/125
f 123/281/123 324/137/324 339/152/339 124/280/124
f 122/282/122 309/122/309 324/137/324 123/281/123
f 121/283/121 294/107/294 309/122/309 122/282/122
f 120/284/120 279/92/279 294/107/294 121/283/121
f 119/285/119 264/77/264 279/92/279 120/284/120
f 118/286/118 249/62/249 264/77/264 119/285/119
f 117/287/117 234/47/234 249/62/249 118/286/118
f 116/288/116 219/32/219 234/47/234 117/287/117
f 115/289/115 204/4/204 219/32/219 116/288/116
f 114/228/114 189/1/189 204/4/204 115/289/115
f 414/290/414 415/291/415 430/292/430 429/293/429
f 415/291/415 416/294/416 431/295/431 430/292/430
f 416/294/416 417/296/417 432/297/432 431/295/431
f 417/296/417 418/298/418 433/299/433 432/297/432
f 418/298/418 419/300/419 434/301/434 433/299/433
f 419/300/419 420/302/420 435/303/435 434/301/434
f 420/302/420 421/304/421 436/305/436 435/303/435
f 421/304/421 422/306/422 437/307/437 436/305/436
f 422/306/422 423/308/423 438/309/438 437/307/437
f 423/308/423 424/310/424 439/311/439 438/309/438
f 424/310/424 425/312/425 440/313/440 439/311/439
f 425/312/425 426/314/426 441/315/441 440/313/440
f 426/314/426 427/316/427 442/317/442 441/315/441
f 427/316/427 428/318/428 443/319/443 442/317/442
f 429/293/429 430/292/430 445/320/445 444/321/444
f 430/292/430 431/295/431 446/322/446 445/320/445
f 431/295/431 432/297/432 447/323/447 446/322/446
f 432/297/432 433/299/433 448/324/448 447/323/447
f 433/299/433 434/301/434 449/325/449 448/324/448
f 434/301/434 435/303/435 450/326/450 449/325/449
f 435/303/435 436/305/436 451/327/451 450/326/450
f 436/305/436 437/307/437 452/328/452 451/327/451
f 437/307/437 438/309/438 453/329/453 452/328/452
f 438/309/438 439/311/439 454/330/454 453/329/453
f 439/311/439 440/313/440 455/331/455 454/330/454
f 440/313/440 441/315/441 456/332/456 455/331/455
f 441/315/441 442/317/442 457/333/457 456/332/456
f 442/317/442 443/319/443 458/334/458 457/333/457
f 444/321/444 445/320/445 460/335/460 459/336/459
f 445/320/445 446/322/446 461/337/461 460/335/460
f 446/322/446 447/323/447 462/338/462 461/337/461
f 447/323/447 448/324/448 463/339/463 462/338/462
f 448/324/448 449/325/449 464/340/464 463/339/463
f 449/325/449 450/326/450 465/341/465 464/340/464
f 450/326/450 451/327/451 466/342/466 465/341/465
f 451/327/451 452/328/452 467/343/467 466/342/466
f 452/328/452 453/329/453 468/344/468 467/343/467
f 453/329/453 454/330/454 469/345/469 468/344/468
f 454/330/454 455/331/455 470/346/470 469/345/469
f 455/331/455 456/332/456 471/347/471 470/346/470
f 456/332/456 457/333/457 472/348/472 471/347/471
f 457/333/457 458/334/458 473/349/473 472/348/472
f 459/336/459 460/335/460 475/350/475 474/351/474
f 460/335/460 461/337/461 476/352/476 475/350/475
f 461/337/461 462/338/462 477/353/477 476/352/476
f 462/338/462 463/339/463 478/354/478 477/353/477
f 463/339/463 464/340/464 479/355/479 478/354/478
f 464/340/464 465/341/465 480/356/480 479/355/479
f 465/341/465 466/342/466 481/357/481 480/356/480
f 466/342/466 467/343/467 482/358/482 481/357/481
f 467/343/467 468/344/468 483/359/483 482/358/482
f 468/344/468 469/345/469 484/360/484 483/359/483
f 469/345/469 470/346/470 485/361/485 484/360/484
f 470/346/470 471/347/471 486/362/486 485/361/485
f 471/347/471 472/348/472 487/363/487 486/362/486
f 472/348/472 473/349/473 488/364/488 487/363/487
f 474/351/474 475/350/475 490/365/490 489/366/489
f 475/350/475 476/352/476 491/367/491 490/365/490
f 476/352/476 477/353/477 492/368/492 491/367/491
f 477/353/477 478/354/478 493/369/493 492/368/492
f 478/354/478 479/355/479 494/370/494 493/369/493
f 479/355/479 480/356/480 495/371/495 494/370/494
f 480/356/480 481/357/481 496/372/496 495/371/495
f 481/357/481 482/358/482 497/373/497 496/372/496
f 482/358/482 483/359/483 498/374/498 497/373/497
f 483/359/483 484/360/484 499/375/499 498/374/498
f 484/360/484 485/361/485 500/376/500 499/375/499
f 485/361/485 486/362/486 501/377/501 500/376/500
f 486/362/486 487/363/487 502/378/502 501/377/501
f 487/363/487 488/364/488 503/379/503 502/378/502
f 489/366/489 490/365/490 505/380/505 504/381/504
f 490/365/490 491/367/491 506/382/506 505/380/505
f 491/367/491 492/368/492 507/383/507 506/382/506
f 492/368/492 493/369/493 508/384/508 507/383/507
f 493/369/493 494/370/494 509/385/509 508/384/508
f 494/370/494 495/371/495 510/386/510 509/385/509
f 495/371/495 496/372/496 511/387/511 510/386/510
f 496/372/496 497/373/497 512/388/512 511/387/511
f 497/373/497 498/374/498 513/389/513 512/388/512
f 498/374/498 499/375/499 514/390/514 513/389/513
f 499/375/499 500/376/500 515/391/515 514/390/514
f 500/376/500 501/377/501 516/392/516 515/391/515
f 501/377/501 502/378/502 517/393/517 516/392/516
f 502/378/502 503/379/503 518/394/518 517/393/517
f 504/381/504 505/380/505 520/395/520 519/396/519
f 505/380/505 506/382/506 521/397/521 520/395/520
f 506/382/506 507/383/507 522/398/522 521/397/521
f 507/383/507 508/384/508 523/399/523 522/398/522
f 508/384/508 509/385/509 524/400/524 523/399/523
f 509/385/509 510/386/510 525/401/525 524/400/524
f 510/386/510 511/387/511 526/402/526 525/401/525
f 511/387/511 512/388/512 527/403/527 526/402/526
f 512/388/512 513/389/513 528/404/528 527/403/527
f 513/389/513 514/390/514 529/405/529 528/404/528
f 514/390/514 515/391/515 530/406/530 529/405/529
f 515/391/515 516/392/516 531/407/531 530/406/530
f 516/392/516 517/393/517 532/408/532 531/407/531
f 517/393/517 518/394/518 533/409/533 532/408/532
f 519/396/519 520/395/520 535/410/535 534/411/534
f 520/395/520 521/397/521 536/412/536 535/410/535
f 521/397/521 522/398/522 537/413/537 536/412/536
f 522/398/522 523/399/523 538/414/538 537/413/537
f 523/399/523 524/400/524 539/415/539 538/414/538
f 524/400/524 525/401/525 540/416/540 539/415/539
f 525/401/525 526/402/526 541/417/541 540/416/540
f 526/402/526 527/403/527 542/418/542 541/417/541
f 527/403/527 528/404/528 543/419/543 542/418/542
f 528/404/528 529/405/529 544/420/544 543/419/543
f 529/405/529 530/406/530 545/421/545 544/420/544
f 530/406/530 531/407/531 546/422/546 545/421/545
f 531/407/531 532/408/532 547/423/547 546/422/546
f 532/408/532 533/409/533 548/424/548 547/423/547
f 534/411/534 535/410/535 550/425/550 549/426/549
f 535/410/535 536/412/536 551/427/551 550/425/550
f 536/412/536 537/413/537 552/428/552 551/427/551
f 537/413/537 538/414/538 553/429/553 552/428/552
f 538/414/538 539/415/539 554/430/554 553/429/553
f 539/415/539 540/416/540 555/431/555 554/430/554
f 540/416/540 541/417/541 556/432/556 555/431/555
f 541/417/541 542/418/542 557/433/557 556/432/556
f 542/418/542 543/419/543 558/434/558 557/433/557
f 543/419/543 544/420/544 559/435/559 558/434/558
f 544/420/544 545/421/545 560/436/560 559/435/559
f 545/421/545 546/422/546 561/437/561 560/436/560
f 546/422/546 547/423/547 562/438/562 561/437/561
f 547/423/547 548/424/548 563/439/563 562/438/562
f 549/426/549 550/425/550 565/440/565 564/441/564
f 550/425/550 551/427/551 566/442/566 565/440/565
f 551/427/551 552/428/552 567/443/567 566/442/566
f 552/428/552 553/429/553 568/444/568 567/443/567
f 553/429/553 554/430/554 569/445/569 568/444/568
f 554/430/554 555/431/555 570/446/570 569/445/569
f 555/431/555 556/432/556 571/447/571 570/446/570
f 556/432/556 557/433/557 572/448/572 571/447/571
f 557/433/557 558/434/558 573/449/573 572/448/572
f 558/434/558 559/435/559 574/450/574 573/449/573
f 559/435/559 560/436/560 575/451/575 574/450/574
f 560/436/560 561/437/561 576/452/576 575/451/575
f 561/437/561 562/438/562 577/453/577 576/452/576
f 562/438/562 563/439/563 578/454/578 577/453/577
f 564/441/564 565/440/565 580/455/580 579/456/579
f 565/440/565 566/442/566 581/457/581 580/455/580
f 566/442/566 567/443/567 582/458/582 581/457/581
f 567/443/567 568/444/568 583/459/583 582/458/582
f 568/444/568 569/445/569 584/460/584 583/459/583
f 569/445/569 570/446/570 585/461/585 584/460/584
f 570/446/570 571/447/571 586/462/586 585/461/585
f 571/447/571 572/448/572 587/463/587 586/462/586
f 572/448/572 573/449/573 588/464/588 587/463/587
f 573/449/573 574/450/574 589/465/589 588/464/588
f 574/450/574 575/451/575 590/466/590 589/465/589
f 575/451/575 576/452/576 591/467/591 590/466/590
f 576/452/576 577/453/577 592/468/592 591/467/591
f 577/453/577 578/454/578 593/469/593 592/468/592
f 579/456/579 580/455/580 595/470/595 594/471/594
f 580/455/580 581/457/581 596/472/596 595/470/595
f 581/457/581 582/458/582 597/473/597 596/472/596
f 582/458/582 583/459/583 598/474/598 597/473/597
f 583/459/583 584/460/584 599/475/599 598/474/598
f 584/460/584 585/461/585 600/476/600 599/475/599
f 585/461/585 586/462/586 601/477/601 600/476/600
f 586/462/586 587/463/587 602/478/602 601/477/601
f 587/463/587 588/464/588 603/479/603 602/478/602
f 588/464/588 589/465/589 604/480/604 603/479/603
f 589/465/589 590/466/590 605/481/605 604/480/604
f 590/466/590 591/467/591 606/482/606 605/481/605
f 591/467/591 592/468/592 607/483/607 606/482/606
f 592/468/592 593/469/593 608/484/608 607/483/607
f 594/471/594 595/470/595 610/485/610 609/486/609
f 595/470/595 596/472/596 611/487/611 610/485/610
f 596/472/596 597/473/597 612/488/612 611/487/611
f 597/473/597 598/474/598 613/489/613 612/488/612
f 598/474/598 599/475/599 614/490/614 613/489/613
f 599/475/599 600/476/600 615/491/615 614/490/614
f 600/476/600 601/477/601 616/492/616 615/491/615
f 601/477/601 602/478/602 617/493/617 616/492/616
f 602/478/602 603/479/603 618/494/618 617/493/617
f 603/479/603 604/480/604 619/495/619 618/494/618
f 604/480/604 605/481/605 620/496/620 619/495/619
f 605/481/605 606/482/606 621/497/621 620/496/620
f 606/482/606 607/483/607 622/498/622 621/497/621
f 607/483/607 608/484/608 623/499/623 622/498/622
f 609/486/609 610/485/610 625/500/625 624/501/624
f 610/485/610 611/487/611 626/502/626 625/500/625
f 611/487/611 612/488/612 627/503/627 626/502/626
f 612/488/612 613/489/613 628/504/628 627/503/627
f 613/489/613 614/490/614 629/505/629 628/504/628
f 614/490/614 615/491/615 630/506/630 629/505/629
f 615/491/615 616/492/616 631/507/631 630/506/630
f 616/492/616 617/493/617 632/508/632 631/507/631
f 617/493/617 618/494/618 633/509/633 632/508/632
f 618/494/618 619/495/619 634/510/634 633/509/633
f 619/495/619 620/496/620 635/511/635 634/510/634
f 620/496/620 621/497/621 636/512/636 635/511/635
f 621/497/621 622/498/622 637/513/637 636/512/636
f 622/498/622 623/499/623 638/514/638 637/513/637
f 4/515/4 83/516/83 414/290/414 143/517/143
f 83/516/83 82/518/82 415/291/415 414/290/414
f 82/518/82 81/519/81 416/294/416 415/291/415
f 81/519/81 80/520/80 417/296/417 416/294/416
f 80/520/80 79/521/79 418/298/418 417/296/417
f 79/521/79 78/522/78 419/300/419 418/298/418
f 78/522/78 77/523/77 420/302/420 419/300/419
f 77/523/77 76/524/76 421/304/421 420/302/420
f 76/524/76 75/525/75 422/306/422 421/304/421
f 75/525/75 74/526/74 423/308/423 422/306/422
f 74/526/74 73/527/73 424/310/424 423/308/423
f 73/527/73 72/528/72 425/312/425 424/310/424
f 72/528/72 71/529/71 426/314/426 425/312/425
f 71/529/71 70/530/70 427/316/427 426/314/426
f 70/530/70 69/531/69 428/318/428 427/316/427
f 69/531/69 3/276/3 99/532/99 428/318/428
f 428/318/428 99/532/99 100/533/100 443/319/443
f 443/319/443 100/533/100 101/534/101 458/334/458
f 458/334/458 101/534/101 102/535/102 473/349/473
f 473/349/473 102/535/102 103/536/103 488/364/488
f 488/364/488 103/536/103 104/537/104 503/379/503
f 503/379/503 104/537/104 105/538/105 518/394/518
f 518/394/518 105/538/105 106/539/106 533/409/533
f 533/409/533 106/539/106 107/540/107 548/424/548
f 548/424/548 107/540/107 108/541/108 563/439/563
f 563/439/563 108/541/108 109/542/109 578/454/578
f 578/454/578 109/542/109 110/543/110 593/469/593
f 593/469/593 110/543/110 111/544/111 608/484/608
f 608/484/608 111/544/111 112/545/112 623/499/623
f 623/499/623 112/545/112 113/546/113 638/514/638
f 638/514/638 113/546/113 7/547/7 68/548/68
f 637/513/637 638/514/638 68/548/68 67/549/67
f 636/512/636 637/513/637 67/549/67 66/550/66
f 635/511/635 636/512/636 66/550/66 65/551/65
f 634/510/634 635/511/635 65/551/65 64/552/64
f 633/509/633 634/510/634 64/552/64 63/553/63
f 632/508/632 633/509/633 63/553/63 62/554/62
f 631/507/631 632/508/632 62/554/62 61/555/61
f 630/506/630 631/507/631 61/555/61 60/556/60
f 629/505/629 630/506/630 60/556/60 59/557/59
f 628/504/628 629/505/629 59/557/59 58/558/58
f 627/503/627 628/504/628 58/558/58 57/559/57
f 626/502/626 627/503/627 57/559/57 56/560/56
f 625/500/625 626/502/626 56/560/56 55/561/55
f 624/501/624 625/500/625 55/561/55 54/562/54
f 129/563/129 624/501/624 54/562/54 8/564/8
f 130/565/130 609/486/609 624/501/624 129/563/129
f 131/566/131 594/471/594 609/486/609 130/565/130
f 132/567/132 579/456/579 594/471/594 131/566/131
f 133/568/133 564/441/564 579/456/579 132/567/132
f 134/569/134 549/426/549 564/441/564 133/568/133
f 135/570/135 534/411/534 549/426/549 134/569/134
f 136/571/136 519/396/519 534/411/534 135/570/135
f 137/572/137 504/381/504 519/396/519 136/571/136
f 138/573/138 489/366/489 504/381/504 137/572/137
f 139/574/139 474/351/474 489/366/489 138/573/138
f 140/575/140 459/336/459 474/351/474 139/574/139
f 141/576/141 444/321/444 459/336/459 140/575/140
f 142/577/142 429/293/429 444/321/444 141/576/141
f 143/517/143 414/290/414 429/293/429 142/577/142
f 639/578/639 640/579/640 655/580/655 654/581/654
f 640/579/640 641/582/641 656/583/656 655/580/655
f 641/582/641 642/584/642 657/585/657 656/583/656
f 642/584/642 643/586/643 658/587/658 657/585/657
f 643/586/643 644/588/644 659/589/659 658/587/658
f 644/588/644 645/590/645 660/591/660 659/589/659
f 645/590/645 646/592/646 661/593/661 660/591/660
f 646/592/646 647/594/647 662/595/662 661/593/661
f 647/594/647 648/596/648 663/597/663 662/595/662
f 648/596/648 649/598/649 664/599/664 663/597/663
f 649/598/649 650/600/650 665/601/665 664/599/664
f 650/600/650 651/602/651 666/603/666 665/601/665
f 651/602/651 652/604/652 667/605/667 666/603/666
f 652/604/652 653/606/653 668/607/668 667/605/667
f 654/581/654 655/580/655 670/608/670 669/609/669
f 655/580/655 656/583/656 671/610/671 670/608/670
f 656/583/656 657/585/657 672/611/672 671/610/671
f 657/585/657 658/587/658 673/612/673 672/611/672
f 658/587/658 659/589/659 674/613/674 673/612/673
f 659/589/659 660/591/660 675/614/675 674/613/674
f 660/591/660 661/593/661 676/615/676 675/614/675
f 661/593/661 662/595/662 677/616/677 676/615/676
f 662/595/662 663/597/663 678/617/678 677/616/677
f 663/597/663 664/599/664 679/618/679 678/617/678
f 664/599/664 665/601/665 680/619/680 679/618/679
f 665/601/665 666/603/666 681/620/681 680/619/680
f 666/603/666 667/605/667 682/621/682 681/620/681
f 667/605/667 668/607/668 683/622/683 682/621/682
f 669/609/669 670/608/670 685/623/685 684/624/684
f 670/608/670 671/610/671 686/625/686 685/623/685
f 671/610/671 672/611/672 687/626/687 686/625/686
f 672/611/672 673/612/673 688/627/688 687/626/687
f 673/612/673 674/613/674 689/628/689 688/627/688
f 674/613/674 675/614/675 690/629/690 689/628/689
f 675/614/675 676/615/676 691/630/691 690/629/690
f 676/615/676 677/616/677 692/631/692 691/630/691
f 677/616/677 678/617/678 693/632/693 692/631/692
f 678/617/678 679/618/679 694/633/694 693/632/693
f 679/618/679 680/619/680 695/634/695 694/633/694
f 680/619/680 681/620/681 696/635/696 695/634/695
f 681/620/681 682/621/682 697/636/697 696/635/696
f 682/621/682 683/622/683 698/637/698 697/636/697
f 684/624/684 685/623/685 700/638/700 699/639/699
f 685/623/685 686/625/686 701/640/701 700/638/700
f 686/625/686 687/626/687 702/641/702 701/640/701
f 687/626/687 688/627/688 703/642/703 702/641/702
f 688/627/688 689/628/689 704/643/704 703/642/703
f 689/628/689 690/629/690 705/644/705 704/643/704
f 690/629/690 691/630/691 706/645/706 705/644/705
f 691/630/691 692/631/692 707/646/707 706/645/706
f 692/631/692 693/632/693 708/647/708 707/646/707
f 693/632/693 694/633/694 709/648/709 708/647/708
f 694/633/694 695/634/695 710/649/710 709/648/709
f 695/634/695 696/635/696 711/650/711 710/649/710
f 696/635/696 697/636/697 712/651/712 711/650/711
f 697/636/697 698/637/698 713/652/713 712/651/712
f 699/639/699 700/638/700 715/653/715 714/654/714
f 700/638/700 701/640/701 716/655/716 715/653/715
f 701/640/701 702/641/702 717/656/717 716/655/716
f 702/641/702 703/642/703 718/657/718 717/656/717
f 703/642/703 704/643/704 719/658/719 718/657/718
f 704/643/704 705/644/705 720/659/720 719/658/719
f 705/644/705 706/645/706 721/660/721 720/659/720
f 706/645/706 707/646/707 722/661/722 721/660/721
f 707/646/707 708/647/708 723/662/723 722/661/722
f 708/647/708 709/648/709 724/663/724 723/662/723
f 709/648/709 710/649/710 725/664/725 724/663/724
f 710/649/710 711/650/711 726/665/726 725/664/725
f 711/650/711 712/651/712 727/666/727 726/665/726
f 712/651/712 713/652/713 728/667/728 727/666/727
f 714/654/714 715/653/715 730/668/730 729/669/729
f 715/653/715 716/655/716 731/670/731 730/668/730
f 716/655/716 717/656/717 732/671/732 731/670/731
f 717/656/717 718/657/718 733/672/733 732/671/732
f 718/657/718 719/658/719 734/673/734 733/672/733
f 719/658/719 720/659/720 735/674/735 734/673/734
f 720/659/720 721/660/721 736/675/736 735/674/735
f 721/660/721 722/661/722 737/676/737 736/675/736
f 722/661/722 723/662/723 738/677/738 737/676/737
f 723/662/723 724/663/724 739/678/739 738/677/738
f 724/663/724 725/664/725 740/679/740 739/678/739
f 725/664/725 726/665/726 741/680/741 740/679/740
f 726/665/726 727/666/727 742/681/742 741/680/741
f 727/666/727 728/667/728 743/682/743 742/681/742
f 729/669/729 730/668/730 745/683/745 744/684/744
f 730/668/730 731/670/731 746/685/746 745/683/745
f 731/670/731 732/671/732 747/686/747 746/685/746
f 732/671/732 733/672/733 748/687/748 747/686/747
f 733/672/733 734/673/734 749/688/749 748/687/748
f 734/673/734 735/674/735 750/689/750 749/688/749
f 735/674/735 736/675/736 751/690/751 750/689/750
f 736/675/736 737/676/737 752/691/752 751/690/751
f 737/676/737 738/677/738 753/692/753 752/691/752
f 738/677/738 739/678/739 754/693/754 753/692/753
f 739/678/739 740/679/740 755/694/755 754/693/754
f 740/679/740 741/680/741 756/695/756 755/694/755
f 741/680/741 742/681/742 757/696/757 756/695/756
f 742/681/742 743/682/743 758/697/758 757/696/757
f 744/684/744 745/683/745 760/698/760 759/699/759
f 745/683/745 746/685/746 761/700/761 760/698/760
f 746/685/746 747/686/747 762/701/762 761/700/761
f 747/686/747 748/687/748 763/702/763 762/701/762
f 748/687/748 749/688/749 764/703/764 763/702/763
f 749/688/749 750/689/750 765/704/765 764/703/764
f 750/689/750 751/690/751 766/705/766 765/704/765
f 751/690/751 752/691/752 767/706/767 766/705/766
f 752/691/752 753/692/753 768/707/768 767/706/767
f 753/692/753 754/693/754 769/708/769 768/707/768
f 754/693/754 755/694/755 770/709/770 769/708/769
f 755/694/755 756/695/756 771/710/771 770/709/770
f 756/695/756 757/696/757 772/711/772 771/710/771
f 757/696/757 758/697/758 773/712/773 772/711/772
f 759/699/759 760/698/760 775/713/775 774/714/774
f 760/698/760 761/700/761 776/715/776 775/713/775
f 761/700/761 762/701/762 777/716/777 776/715/776
f 762/701/762 763/702/763 778/717/778 777/716/777
f 763/702/763 764/703/764 779/718/779 778/717/778
f 764/703/764 765/704/765 780/719/780 779/718/779
f 765/704/765 766/705/766 781/720/781 780/719/780
f 766/705/766 767/706/767 782/721/782 781/720/781
f 767/706/767 768/707/768 783/722/783 782/721/782
f 768/707/768 769/708/769 784/723/784 783/722/783
f 769/708/769 770/709/770 785/724/785 784/723/784
f 770/709/770 771/710/771 786/725/786 785/724/785
f 771/710/771 772/711/772 787/726/787 786/725/786
f 772/711/772 773/712/773 788/727/788 787/726/787
f 774/714/774 775/713/775 790/728/790 789/729/789
f 775/713/775 776/715/776 791/730/791 790/728/790
f 776/715/776 777/716/777 792/731/792 791/730/791
f 777/716/777 778/717/778 793/732/793 792/731/792
f 778/717/778 779/718/779 794/733/794 793/732/793
f 779/718/779 780/719/780 795/734/795 794/733/794
f 780/719/780 781/720/781 796/735/796 795/734/795
f 781/720/781 782/721/782 797/736/797 796/735/796
f 782/721/782 783/722/783 798/737/798 797/736/797
f 783/722/783 784/723/784 799/738/799 798/737/798
f 784/723/784 785/724/785 800/739/800 799/738/799
f 785/724/785 786/725/786 801/740/801 800/739/800
f 786/725/786 787/726/787 802/741/802 801/740/801
f 787/726/787 788/727/788 803/742/803 802/741/802
f 789/729/789 790/728/790 805/743/805 804/744/804
f 790/728/790 791/730/791 806/745/806 805/743/805
f 791/730/791 792/731/792 807/746/807 806/745/806
f 792/731/792 793/732/793 808/747/808 807/746/807
f 793/732/793 794/733/794 809/748/809 808/747/808
f 794/733/794 795/734/795 810/749/810 809/748/809
f 795/734/795 796/735/796 811/750/811 810/749/810
f 796/735/796 797/736/797 812/751/812 811/750/811
f 797/736/797 798/737/798 813/752/813 812/751/812
f 798/737/798 799/738/799 814/753/814 813/752/813
f 799/738/799 800/739/800 815/754/815 814/753/814
f 800/739/800 801/740/801 816/755/816 815/754/815
f 801/740/801 802/741/802 817/756/817 816/755/816
f 802/741/802 803/742/803 818/757/818 817/756/817
f 804/744/804 805/743/805 820/758/820 819/759/819
f 805/743/805 806/745/806 821/760/821 820/758/820
f 806/745/806 807/746/807 822/761/822 821/760/821
f 807/746/807 808/747/808 823/762/823 822/761/822
f 808/747/808 809/748/809 824/763/824 823/762/823
f 809/748/809 810/749/810 825/764/825 824/763/824
f 810/749/810 811/750/811 826/765/826 825/764/825
f 811/750/811 812/751/812 827/766/827 826/765/826
f 812/751/812 813/752/813 828/767/828 827/766/827
f 813/752/813 814/753/814 829/768/829 828/767/828
f 814/753/814 815/754/815 830/769/830 829/768/829
f 815/754/815 816/755/816 831/770/831 830/769/830
f 816/755/816 817/756/817 832/771/832 831/770/831
f 817/756/817 818/757/818 833/772/833 832/771/832
f 819/759/819 820/758/820 835/773/835 834/774/834
f 820/758/820 821/760/821 836/775/836 835/773/835
f 821/760/821 822/761/822 837/776/837 836/775/836
f 822/761/822 823/762/823 838/777/838 837/776/837
f 823/762/823 824/763/824 839/778/839 838/777/838
f 824/763/824 825/764/825 840/779/840 839/778/839
f 825/764/825 826/765/826 841/780/841 840/779/840
f 826/765/826 827/766/827 842/781/842 841/780/841
f 827/766/827 828/767/828 843/782/843 842/781/842
f 828/767/828 829/768/829 844/783/844 843/782/843
f 829/768/829 830/769/830 845/784/845 844/783/844
f 830/769/830 831/770/831 846/785/846 845/784/845
f 831/770/831 832/771/832 847/786/847 846/785/846
f 832/771/832 833/772/833 848/787/848 847/786/847
f 834/774/834 835/773/835 850/788/850 849/789/849
f 835/773/835 836/775/836 851/790/851 850/788/850
f 836/775/836 837/776/837 852/791/852 851/790/851
f 837/776/837 838/777/838 853/792/853 852/791/852
f 838/777/838 839/778/839 854/793/854 853/792/853
f 839/778/839 840/779/840 855/794/855 854/793/854
f 840/779/840 841/780/841 856/795/856 855/794/855
f 841/780/841 842/781/842 857/796/857 856/795/856
f 842/781/842 843/782/843 858/797/858 857/796/857
f 843/782/843 844/783/844 859/798/859 858/797/858
f 844/783/844 845/784/845 860/799/860 859/798/859
f 845/784/845 846/785/846 861/800/861 860/799/860
f 846/785/846 847/786/847 862/801/862 861/800/861
f 847/786/847 848/787/848 863/802/863 862/801/862
f 8/803/8 54/804/54 639/578/639 23/805/23
f 54/804/54 55/806/55 640/579/640 639/578/639
f 55/806/55 56/807/56 641/582/641 640/579/640
f 56/807/56 57/808/57 642/584/642 641/582/641
f 57/808/57 58/809/58 643/586/643 642/584/642
f 58/809/58 59/810/59 644/588/644 643/586/643
f 59/810/59 60/811/60 645/590/645 644/588/644
f 60/811/60 61/812/61 646/592/646 645/590/645
f 61/812/61 62/813/62 647/594/647 646/592/646
f 62/813/62 63/814/63 648/596/648 647/594/647
f 63/814/63 64/815/64 649/598/649 648/596/648
f 64/815/64 65/816/65 650/600/650 649/598/649
f 65/816/65 66/817/66 651/602/651 650/600/650
f 66/817/66 67/818/67 652/604/652 651/602/651
f 67/818/67 68/819/68 653/606/653 652/604/652
f 68/819/68 7/820/7 144/821/144 653/606/653
f 653/606/653 144/821/144 145/822/145 668/607/668
f 668/607/668 145/822/145 146/823/146 683/622/683
f 683/622/683 146/823/146 147/824/147 698/637/698
f 698/637/698 147/824/147 148/825/148 713/652/713
f 713/652/713 148/825/148 149/826/149 728/667/728
f 728/667/728 149/826/149 150/827/150 743/682/743
f 743/682/743 150/827/150 151/828/151 758/697/758
f 758/697/758 151/828/151 152/829/152 773/712/773
f 773/712/773 152/829/152 153/830/153 788/727/788
f 788/727/788 153/830/153 154/831/154 803/742/803
f 803/742/803 154/831/154 155/832/155 818/757/818
f 818/757/818 155/832/155 156/833/156 833/772/833
f 833/772/833 156/833/156 157/834/157 848/787/848
f 848/787/848 157/834/157 158/835/158 863/802/863
f 863/802/863 158/835/158 5/836/5 84/837/84
f 862/801/862 863/802/863 84/837/84 85/838/85
f 861/800/861 862/801/862 85/838/85 86/839/86
f 860/799/860 861/800/861 86/839/86 87/840/87
f 859/798/859 860/799/860 87/840/87 88/841/88
f 858/797/858 859/798/859 88/841/88 89/842/89
f 857/796/857 858/797/858 89/842/89 90/843/90
f 856/795/856 857/796/857 90/843/90 91/844/91
f 855/794/855 856/795/856 91/844/91 92/845/92
f 854/793/854 855/794/855 92/845/92 93/846/93
f 853/792/853 854/793/854 93/846/93 94/847/94
f 852/791/852 853/792/853 94/847/94 95/848/95
f 851/790/851 852/791/852 95/848/95 96/849/96
f 850/788/850 851/790/851 96/849/96 97/850/97
f 849/789/849 850/788/850 97/850/97 98/851/98
f 9/852/9 849/789/849 98/851/98 6/853/6
f 10/854/10 834/774/834 849/789/849 9/852/9
f 11/855/11 819/759/819 834/774/834 10/854/10
f 12/856/12 804/744/804 819/759/819 11/855/11
f 13/857/13 789/729/789 804/744/804 12/856/12
f 14/858/14 774/714/774 789/729/789 13/857/13
f 15/859/15 759/699/759 774/714/774 14/858/14
f 16/860/16 744/684/744 759/699/759 15/859/15
f 17/861/17 729/669/729 744/684/744 16/860/16
f 18/862/18 714/654/714 729/669/729 17/861/17
f 19/863/19 699/639/699 714/654/714 18/862/18
f 20/864/20 684/624/684 699/639/699 19/863/19
f 21/865/21 669/609/669 684/624/684 20/864/20
f 22/866/22 654/581/654 669/609/669 21/865/21
f 23/805/23 639/578/639 654/581/654 22/866/22
f 864/867/864 865/868/865 880/869/880 879/870/879
f 865/868/865 866/871/866 881/872/881 880/869/880
f 866/871/866 867/873/867 882/874/882 881/872/881
f 867/873/867 868/875/868 883/876/883 882/874/882
f 868/875/868 869/877/869 884/878/884 883/876/883
f 869/877/869 870/879/870 885/880/885 884/878/884
f 870/879/870 871/881/871 886/882/886 885/880/885
f 871/881/871 872/883/872 887/884/887 886/882/886
f 872/883/872 873/885/873 888/886/888 887/884/887
f 873/885/873 874/887/874 889/888/889 888/886/888
f 874/887/874 875/889/875 890/890/890 889/888/889
f 875/889/875 876/891/876 891/892/891 890/890/890
f 876/891/876 877/893/877 892/894/892 891/892/891
f 877/893/877 878/895/878 893/896/893 892/894/892
f 879/870/879 880/869/880 895/897/895 894/898/894
f 880/869/880 881/872/881 896/899/896 895/897/895
f 881/872/881 882/874/882 897/900/897 896/899/896
f 882/874/882 883/876/883 898/901/898 897/900/897
f 883/876/883 884/878/884 899/902/899 898/901/898
f 884/878/884 885/880/885 900/903/900 899/902/899
f 885/880/885 886/882/886 901/904/901 900/903/900
f 886/882/886 887/884/887 902/905/902 901/904/901
f 887/884/887 888/886/888 903/906/903 902/905/902
f 888/886/888 889/888/889 904/907/904 903/906/903
f 889/888/889 890/890/890 905/908/905 904/907/904
f 890/890/890 891/892/891 906/909/906 905/908/905
f 891/892/891 892/894/892 907/910/907 906/909/906
f 892/894/892 893/896/893 908/911/908 907/910/907
f 894/898/894 895/897/895 910/912/910 909/913/909
f 895/897/895 896/899/896 911/914/911 910/912/910
f 896/899/896 897/900/897 912/915/912 911/914/911
f 897/900/897 898/901/898 913/916/913 912/915/912
f 898/901/898 899/902/899 914/917/914 913/916/913
f 899/902/899 900/903/900 915/918/915 914/917/914
f 900/903/900 901/904/901 916/919/916 915/918/915
f 901/904/901 902/905/902 917/920/917 916/919/916
f 902/905/902 903/906/903 918/921/918 917/920/917
f 903/906/903 904/907/904 919/922/919 918/921/918
f 904/907/904 905/908/905 920/923/920 919/922/919
f 905/908/905 906/909/906 921/924/921 920/923/920
f 906/909/906 907/910/907 922/925/922 921/924/921
f 907/910/907 908/911/908 923/926/923 922/925/922
f 909/913/909 910/912/910 925/927/925 924/928/924
f 910/912/910 911/914/911 926/929/926 925/927/925
f 911/914/911 912/915/912 927/930/927 926/929/926
f 912/915/912 913/916/913 928/931/928 927/930/927
f 913/916/913 914/917/914 929/932/929 928/931/928
f 914/917/914 915/918/915 930/933/930 929/932/929
f 915/918/915 916/919/916 931/934/931 930/933/930
f 916/919/916 917/920/917 932/935/932 931/934/931
f 917/920/917 918/921/918 933/936/933 932/935/932
f 918/921/918 919/922/919 934/937/934 933/936/933
f 919/922/919 920/923/920 935/938/935 934/937/934
f 920/923/920 921/924/921 936/939/936 935/938/935
f 921/924/921 922/925/922 937/940/937 936/939/936
f 922/925/922 923/926/923 938/941/938 937/940/937
f 924/928/924 925/927/925 940/942/940 939/943/939
f 925/927/925 926/929/926 941/944/941 940/942/940
f 926/929/926 927/930/927 942/945/942 941/944/941
f 927/930/927 928/931/928 943/946/943 942/945/942
f 928/931/928 929/932/929 944/947/944 943/946/943
f 929/932/929 930/933/930 945/948/945 944/947/944
f 930/933/930 931/934/931 946/949/946 945/948/945
f 931/934/931 932/935/932 947/950/947 946/949/946
f 932/935/932 933/936/933 948/951/948 947/950/947
f 933/936/933 934/937/934 949/952/949 948/951/948
f 934/937/934 935/938/935 950/953/950 949/952/949
f 935/938/935 936/939/936 951/954/951 950/953/950
f 936/939/936 937/940/937 952/955/952 951/954/951
f 937/940/937 938/941/938 953/956/953 952/955/952
f 939/943/939 940/942/940 955/957/955 954/958/954
f 940/942/940 941/944/941 956/959/956 955/957/955
f 941/944/941 942/945/942 957/960/957 956/959/956
f 942/945/942 943/946/943 958/961/958 957/960/957
f 943/946/943 944/947/944 959/962/959 958/961/958
f 944/947/944 945/948/945 960/963/960 959/962/959
f 945/948/945 946/949/946 961/964/961 960/963/960
f 946/949/946 947/950/947 962/965/962 961/964/961
f 947/950/947 948/951/948 963/966/963 962/965/962
f 948/951/948 949/952/949 964/967/964 963/966/963
f 949/952/949 950/953/950 965/968/965 964/967/964
f 950/953/950 951/954/951 966/969/966 965/968/965
f 951/954/951 952/955/952 967/970/967 966/969/966
f 952/955/952 953/956/953 968/971/968 967/970/967
f 954/958/954 955/957/955 970/972/970 969/973/969
f 955/957/955 956/959/956 971/974/971 970/972/970
f 956/959/956 957/960/957 972/975/972 971/974/971
f 957/960/957 958/961/958 973/976/973 972/975/972
f 958/961/958 959/962/959 974/977/974 973/976/973
f 959/962/959 960/963/960 975/978/975 974/977/974
f 960/963/960 961/964/961 976/979/976 975/978/975
f 961/964/961 962/965/962 977/980/977 976/979/976
f 962/965/962 963/966/963 978/981/978 977/980/977
f 963/966/963 964/967/964 979/982/979 978/981/978
f 964/967/964 965/968/965 980/983/980 979/982/979
f 965/968/965 966/969/966 981/984/981 980/983/980
f 966/969/966 967/970/967 982/985/982 981/984/981
f 967/970/967 968/971/968 983/986/983 982/985/982
f 969/973/969 970/972/970 985/987/985 984/988/984
f 970/972/970 971/974/971 986/989/986 985/987/985
f 971/974/971 972/975/972 987/990/987 986/989/986
f 972/975/972 973/976/973 988/991/988 987/990/987
f 973/976/973 974/977/974 989/992/989 988/991/988
f 974/977/974 975/978/975 990/993/990 989/992/989
f 975/978/975 976/979/976 991/994/991 990/993/990
f 976/979/976 977/980/977 992/995/992 991/994/991
f 977/980/977 978/981/978 993/996/993 992/995/992
f 978/981/978 979/982/979 994/997/994 993/996/993
f 979/982/979 980/983/980 995/998/995 994/997/994
f 980/983/980 981/984/981 996/999/996 995/998/995
f 981/984/981 982/985/982 997/1000/997 996/999/996
f 982/985/982 983/986/983 998/1001/998 997/1000/997
f 984/988/984 985/987/985 1000/1002/1000 999/1003/999
f 985/987/985 986/989/986 1001/1004/1001 1000/1002/1000
f 986/989/986 987/990/987 1002/1005/1002 1001/1004/1001
f 987/990/987 988/991/988 1003/1006/1003 1002/1005/1002
f 988/991/988 989/992/989 1004/1007/1004 1003/1006/1003
f 989/992/989 990/993/990 1005/1008/1005 1004/1007/1004
f 990/993/990 991/994/991 1006/1009/1006 1005/1008/1005
f 991/994/991 992/995/992 1007/1010/1007 1006/1009/1006
f 992/995/992 993/996/993 1008/1011/1008 1007/1010/1007
f 993/996/993 994/997/994 1009/1012/1009 1008/1011/1008
f 994/997/994 995/998/995 1010/1013/1010 1009/1012/1009
f 995/998/995 996/999/996 1011/1014/1011 1010/1013/1010
f 996/999/996 997/1000/997 1012/1015/1012 1011/1014/1011
f 997/1000/997 998/1001/998 1013/1016/1013 1012/1015/1012
f 999/1003/999 1000/1002/1000 1015/1017/1015 1014/1018/1014
f 1000/1002/1000 1001/1004/1001 1016/1019/1016 1015/1017/1015
f 1001/1004/1001 1002/1005/1002 1017/1020/1017 1016/1019/1016
f 1002/1005/1002 1003/1006/1003 1018/1021/1018 1017/1020/1017
f 1003/1006/1003 1004/1007/1004 1019/1022/1019 1018/1021/1018
f 1004/1007/1004 1005/1008/1005 1020/1023/1020 1019/1022/1019
f 1005/1008/1005 1006/1009/1006 1021/1024/1021 1020/1023/1020
f 1006/1009/1006 1007/1010/1007 1022/1025/1022 1021/1024/1021
f 1007/1010/1007 1008/1011/1008 1023/1026/1023 1022/1025/1022
f 1008/1011/1008 1009/1012/1009 1024/1027/1024 1023/1026/1023
f 1009/1012/1009 1010/1013/1010 1025/1028/1025 1024/1027/1024
f 1010/1013/1010 1011/1014/1011 1026/1029/1026 1025/1028/1025
f 1011/1014/1011 1012/1015/1012 1027/1030/1027 1026/1029/1026
f 1012/1015/1012 1013/1016/1013 1028/1031/1028 1027/1030/1027
f 1014/1018/1014 1015/1017/1015 1030/1032/1030 1029/1033/1029
f 1015/1017/1015 1016/1019/1016 1031/1034/1031 1030/1032/1030
f 1016/1019/1016 1017/1020/1017 1032/1035/1032 1031/1034/1031
f 1017/1020/1017 1018/1021/1018 1033/1036/1033 1032/1035/1032
f 1018/1021/1018 1019/1022/1019 1034/1037/1034 1033/1036/1033
f 1019/1022/1019 1020/1023/1020 1035/1038/1035 1034/1037/1034
f 1020/1023/1020 1021/1024/1021 1036/1039/1036 1035/1038/1035
f 1021/1024/1021 1022/1025/1022 1037/1040/1037 1036/1039/1036
f 1022/1025/1022 1023/1026/1023 1038/1041/1038 1037/1040/1037
f 1023/1026/1023 1024/1027/1024 1039/1042/1039 1038/1041/1038
f 1024/1027/1024 1025/1028/1025 1040/1043/1040 1039/1042/1039
f 1025/1028/1025 1026/1029/1026 1041/1044/1041 1040/1043/1040
f 1026/1029/1026 1027/1030/1027 1042/1045/1042 1041/1044/1041
f 1027/1030/1027 1028/1031/1028 1043/1046/1043 1042/1045/1042
f 1029/1033/1029 1030/1032/1030 1045/1047/1045 1044/1048/1044
f 1030/1032/1030 1031/1034/1031 1046/1049/1046 1045/1047/1045
f 1031/1034/1031 1032/1035/1032 1047/1050/1047 1046/1049/1046
f 1032/1035/1032 1033/1036/1033 1048/1051/1048 1047/1050/1047
f 1033/1036/1033 1034/1037/1034 1049/1052/1049 1048/1051/1048
f 1034/1037/1034 1035/1038/1035 1050/1053/1050 1049/1052/1049
f 1035/1038/1035 1036/1039/1036 1051/1054/1051 1050/1053/1050
f 1036/1039/1036 1037/1040/1037 1052/1055/1052 1051/1054/1051
f 1037/1040/1037 1038/1041/1038 1053/1056/1053 1052/1055/1052
f 1038/1041/1038 1039/1042/1039 1054/1057/1054 1053/1056/1053
f 1039/1042/1039 1040/1043/1040 1055/1058/1055 1054/1057/1054
f 1040/1043/1040 1041/1044/1041 1056/1059/1056 1055/1058/1055
f 1041/1044/1041 1042/1045/1042 1057/1060/1057 1056/1059/1056
f 1042/1045/1042 1043/1046/1043 1058/1061/1058 1057/1060/1057
f 1044/1048/1044 1045/1047/1045 1060/1062/1060 1059/1063/1059
f 1045/1047/1045 1046/1049/1046 1061/1064/1061 1060/1062/1060
f 1046/1049/1046 1047/1050/1047 1062/1065/1062 1061/1064/1061
f 1047/1050/1047 1048/1051/1048 1063/1066/1063 1062/1065/1062
f 1048/1051/1048 1049/1052/1049 1064/1067/1064 1063/1066/1063
f 1049/1052/1049 1050/1053/1050 1065/1068/1065 1064/1067/1064
f 1050/1053/1050 1051/1054/1051 1066/1069/1066 1065/1068/1065
f 1051/1054/1051 1052/1055/1052 1067/1070/1067 1066/1069/1066
f 1052/1055/1052 1053/1056/1053 1068/1071/1068 1067/1070/1067
f 1053/1056/1053 1054/1057/1054 1069/1072/1069 1068/1071/1068
f 1054/1057/1054 1055/1058/1055 1070/1073/1070 1069/1072/1069
f 1055/1058/1055 1056/1059/1056 1071/1074/1071 1070/1073/1070
f 1056/1059/1056 1057/1060/1057 1072/1075/1072 1071/1074/1071
f 1057/1060/1057 1058/1061/1058 1073/1076/1073 1072/1075/1072
f 1059/1063/1059 1060/1062/1060 1075/1077/1075 1074/1078/1074
f 1060/1062/1060 1061/1064/1061 1076/1079/1076 1075/1077/1075
f 1061/1064/1061 1062/1065/1062 1077/1080/1077 1076/1079/1076
f 1062/1065/1062 1063/1066/1063 1078/1081/1078 1077/1080/1077
f 1063/1066/1063 1064/1067/1064 1079/1082/1079 1078/1081/1078
f 1064/1067/1064 1065/1068/1065 1080/1083/1080 1079/1082/1079
f 1065/1068/1065 1066/1069/1066 1081/1084/1081 1080/1083/1080
f 1066/1069/1066 1067/1070/1067 1082/1085/1082 1081/1084/1081
f 1067/1070/1067 1068/1071/1068 1083/1086/1083 1082/1085/1082
f 1068/1071/1068 1069/1072/1069 1084/1087/1084 1083/1086/1083
f 1069/1072/1069 1070/1073/1070 1085/1088/1085 1084/1087/1084
f 1070/1073/1070 1071/1074/1071 1086/1089/1086 1085/1088/1085
f 1071/1074/1071 1072/1075/1072 1087/1090/1087 1086/1089/1086
f 1072/1075/1072 1073/1076/1073 1088/1091/1088 1087/1090/1087
f 6/1092/6 38/1093/38 864/867/864 9/1094/9
f 38/1093/38 37/1095/37 865/868/865 864/867/864
f 37/1095/37 36/1096/36 866/871/866 865/868/865
f 36/1096/36 35/1097/35 867/873/867 866/871/866
f 35/1097/35 34/1098/34 868/875/868 867/873/867
f 34/1098/34 33/1099/33 869/877/869 868/875/868
f 33/1099/33 32/1100/32 870/879/870 869/877/869
f 32/1100/32 31/1101/31 871/881/871 870/879/870
f 31/1101/31 30/1102/30 872/883/872 871/881/871
f 30/1102/30 29/1103/29 873/885/873 872/883/872
f 29/1103/29 28/1104/28 874/887/874 873/885/873
f 28/1104/28 27/1105/27 875/889/875 874/887/874
f 27/1105/27 26/1106/26 876/891/876 875/889/875
f 26/1106/26 25/1107/25 877/893/877 876/891/876
f 25/1107/25 24/1108/24 878/895/878 877/893/877
f 24/1108/24 2/1109/2 188/1110/188 878/895/878
f 878/895/878 188/1110/188 187/1111/187 893/896/893
f 893/896/893 187/1111/187 186/1112/186 908/911/908
f 908/911/908 186/1112/186 185/1113/185 923/926/923
f 923/926/923 185/1113/185 184/1114/184 938/941/938
f 938/941/938 184/1114/184 183/1115/183 953/956/953
f 953/956/953 183/1115/183 182/1116/182 968/971/968
f 968/971/968 182/1116/182 181/1117/181 983/986/983
f 983/986/983 181/1117/181 180/1118/180 998/1001/998
f 998/1001/998 180/1118/180 179/1119/179 1013/1016/1013
f 1013/1016/1013 179/1119/179 178/1120/178 1028/1031/1028
f 1028/1031/1028 178/1120/178 177/1121/177 1043/1046/1043
f 1043/1046/1043 177/1121/177 176/1122/176 1058/1061/1058
f 1058/1061/1058 176/1122/176 175/1123/175 1073/1076/1073
f 1073/1076/1073 175/1123/175 174/1124/174 1088/1091/1088
f 1088/1091/1088 174/1124/174 4/515/4 143/1125/143
f 1087/1090/1087 1088/1091/1088 143/1125/143 142/1126/142
f 1086/1089/1086 1087/1090/1087 142/1126/142 141/1127/141
f 1085/1088/1085 1086/1089/1086 141/1127/141 140/1128/140
f 1084/1087/1084 1085/1088/1085 140/1128/140 139/1129/139
f 1083/1086/1083 1084/1087/1084 139/1129/139 138/1130/138
f 1082/1085/1082 1083/1086/1083 138/1130/138 137/1131/137
f 1081/1084/1081 1082/1085/1082 137/1131/137 136/1132/136
f 1080/1083/1080 1081/1084/1081 136/1132/136 135/1133/135
f 1079/1082/1079 1080/1083/1080 135/1133/135 134/1134/134
f 1078/1081/1078 1079/1082/1079 134/1134/134 133/1135/133
f 1077/1080/1077 1078/1081/1078 133/1135/133 132/1136/132
f 1076/1079/1076 1077/1080/1077 132/1136/132 131/1137/131
f 1075/1077/1075 1076/1079/1076 131/1137/131 130/1138/130
f 1074/1078/1074 1075/1077/1075 130/1138/130 129/1139/129
f 23/1140/23 1074/1078/1074 129/1139/129 8/1141/8
f 22/1142/22 1059/1063/1059 1074/1078/1074 23/1140/23
f 21/1143/21 1044/1048/1044 1059/1063/1059 22/1142/22
f 20/1144/20 1029/1033/1029 1044/1048/1044 21/1143/21
f 19/1145/19 1014/1018/1014 1029/1033/1029 20/1144/20
f 18/1146/18 999/1003/999 1014/1018/1014 19/1145/19
f 17/1147/17 984/988/984 999/1003/999 18/1146/18
f 16/1148/16 969/973/969 984/988/984 17/1147/17
f 15/1149/15 954/958/954 969/973/969 16/1148/16
f 14/1150/14 939/943/939 954/958/954 15/1149/15
f 13/1151/13 924/928/924 939/943/939 14/1150/14
f 12/1152/12 909/913/909 924/928/924 13/1151/13
f 11/1153/11 894/898/894 909/913/909 12/1152/12
f 10/1154/10 879/870/879 894/898/894 11/1153/11
f 9/1094/9 864/867/864 879/870/879 10/1154/10
f 1089/1155/1089 1090/1156/1090 1105/1157/1105 1104/1158/1104
f 1090/1156/1090 1091/1159/1091 1106/1160/1106 1105/1157/1105
f 1091/1159/1091 1092/1161/1092 1107/1162/1107 1106/1160/1106
f 1092/1161/1092 1093/1163/1093 1108/1164/1108 1107/1162/1107
f 1093/1163/1093 1094/1165/1094 1109/1166/1109 1108/1164/1108
f 1094/1165/1094 1095/1167/1095 1110/1168/1110 1109/1166/1109
f 1095/1167/1095 1096/1169/1096 1111/1170/1111 1110/1168/1110
f 1096/1169/1096 1097/1171/1097 1112/1172/1112 1111/1170/1111
f 1097/1171/1097 1098/1173/1098 1113/1174/1113 1112/1172/1112
f 1098/1173/1098 1099/1175/1099 1114/1176/1114 1113/1174/1113
f 1099/1175/1099 1100/1177/1100 1115/1178/1115 1114/1176/1114
f 1100/1177/1100 1101/1179/1101 1116/1180/1116 1115/1178/1115
f 1101/1179/1101 1102/1181/1102 1117/1182/1117 1116/1180/1116
f 1102/1181/1102 1103/1183/1103 1118/1184/1118 1117/1182/1117
f 1104/1158/1104 1105/1157/1105 1120/1185/1120 1119/1186/1119
f 1105/1157/1105 1106/1160/1106 1121/1187/1121 1120/1185/1120
f 1106/1160/1106 1107/1162/1107 1122/1188/1122 1121/1187/1121
f 1107/1162/1107 1108/1164/1108 1123/1189/1123 1122/1188/1122
f 1108/1164/1108 1109/1166/1109 1124/1190/1124 1123/1189/1123
f 1109/1166/1109 1110/1168/1110 1125/1191/1125 1124/1190/1124
f 1110/1168/1110 1111/1170/1111 1126/1192/1126 1125/1191/1125
f 1111/1170/1111 1112/1172/1112 1127/1193/1127 1126/1192/1126
f 1112/1172/1112 1113/1174/1113 1128/1194/1128 1127/1193/1127
f 1113/1174/1113 1114/1176/1114 1129/1195/1129 1128/1194/1128
f 1114/1176/1114 1115/1178/1115 1130/1196/1130 1129/1195/1129
f 1115/1178/1115 1116/1180/1116 1131/1197/1131 1130/1196/1130
f 1116/1180/1116 1117/1182/1117 1132/1198/1132 1131/1197/1131
f 1117/1182/1117 1118/1184/1118 1133/1199/1133 1132/1198/1132
f 1119/1186/1119 1120/1185/1120 1135/1200/1135 1134/1201/1134
f 1120/1185/1120 1121/1187/1121 1136/1202/1136 1135/1200/1135
f 1121/1187/1121 1122/1188/1122 1137/1203/1137 1136/1202/1136
f 1122/1188/1122 1123/1189/1123 1138/1204/1138 1137/1203/1137
f 1123/1189/1123 1124/1190/1124 1139/1205/1139 1138/1204/1138
f 1124/1190/1124 1125/1191/1125 1140/1206/1140 1139/1205/1139
f 1125/1191/1125 1126/1192/1126 1141/1207/1141 1140/1206/1140
f 1126/1192/1126 1127/1193/1127 1142/1208/1142 1141/1207/1141
f 1127/1193/1127 1128/1194/1128 1143/1209/1143 1142/1208/1142
f 1128/1194/1128 1129/1195/1129 1144/1210/1144 1143/1209/1143
f 1129/1195/1129 1130/1196/1130 1145/1211/1145 1144/1210/1144
f 1130/1196/1130 1131/1197/1131 1146/1212/1146 1145/1211/1145
f 1131/1197/1131 1132/1198/1132 1147/1213/1147 1146/1212/1146
f 1132/1198/1132 1133/1199/1133 1148/1214/1148 1147/1213/1147
f 1134/1201/1134 1135/1200/1135 1150/1215/1150 1149/1216/1149
f 1135/1200/1135 1136/1202/1136 1151/1217/1151 1150/1215/1150
f 1136/1202/1136 1137/1203/1137 1152/1218/1152 1151/1217/1151
f 1137/1203/1137 1138/1204/1138 1153/1219/1153 1152/1218/1152
f 1138/1204/1138 1139/1205/1139 1154/1220/1154 1153/1219/1153
f 1139/1205/1139 1140/1206/1140 1155/1221/1155 1154/1220/1154
f 1140/1206/1140 1141/1207/1141 1156/1222/1156 1155/1221/1155
f 1141/1207/1141 1142/1208/1142 1157/1223/1157 1156/1222/1156
f 1142/1208/1142 1143/1209/1143 1158/1224/1158 1157/1223/1157
f 1143/1209/1143 1144/1210/1144 1159/1225/1159 1158/1224/1158
f 1144/1210/1144 1145/1211/1145 1160/1226/1160 1159/1225/1159
f 1145/1211/1145 1146/1212/1146 1161/1227/1161 1160/1226/1160
f 1146/1212/1146 1147/1213/1147 1162/1228/1162 1161/1227/1161
f 1147/1213/1147 1148/1214/1148 1163/1229/1163 1162/1228/1162
f 1149/1216/1149 1150/1215/1150 1165/1230/1165 1164/1231/1164
f 1150/1215/1150 1151/1217/1151 1166/1232/1166 1165/1230/1165
f 1151/1217/1151 1152/1218/1152 1167/1233/1167 1166/1232/1166
f 1152/1218/1152 1153/1219/1153 1168/1234/1168 1167/1233/1167
f 1153/1219/1153 1154/1220/1154 1169/1235/1169 1168/1234/1168
f 1154/1220/1154 1155/1221/1155 1170/1236/1170 1169/1235/1169
f 1155/1221/1155 1156/1222/1156 1171/1237/1171 1170/1236/1170
f 1156/1222/1156 1157/1223/1157 1172/1238/1172 1171/1237/1171
f 1157/1223/1157 1158/1224/1158 1173/1239/1173 1172/1238/1172
f 1158/1224/1158 1159/1225/1159 1174/1240/1174 1173/1239/1173
f 1159/1225/1159 1160/1226/1160 1175/1241/1175 1174/1240/1174
f 1160/1226/1160 1161/1227/1161 1176/1242/1176 1175/1241/1175
f 1161/1227/1161 1162/1228/1162 1177/1243/1177 1176/1242/1176
f 1162/1228/1162 1163/1229/1163 1178/1244/1178 1177/1243/1177
f 1164/1231/1164 1165/1230/1165 1180/1245/1180 1179/1246/1179
f 1165/1230/1165 1166/1232/1166 1181/1247/1181 1180/1245/1180
f 1166/1232/1166 1167/1233/1167 1182/1248/1182 1181/1247/1181
f 1167/1233/1167 1168/1234/1168 1183/1249/1183 1182/1248/1182
f 1168/1234/1168 1169/1235/1169 1184/1250/1184 1183/1249/1183
f 1169/1235/1169 1170/1236/1170 1185/1251/1185 1184/1250/1184
f 1170/1236/1170 1171/1237/1171 1186/1252/1186 1185/1251/1185
f 1171/1237/1171 1172/1238/1172 1187/1253/1187 1186/1252/1186
f 1172/1238/1172 1173/1239/1173 1188/1254/1188 1187/1253/1187
f 1173/1239/1173 1174/1240/1174 1189/1255/1189 1188/1254/1188
f 1174/1240/1174 1175/1241/1175 1190/1256/1190 1189/1255/1189
f 1175/1241/1175 1176/1242/1176 1191/1257/1191 1190/1256/1190
f 1176/1242/1176 1177/1243/1177 1192/1258/1192 1191/1257/1191
f 1177/1243/1177 1178/1244/1178 1193/1259/1193 1192/1258/1192
f 1179/1246/1179 1180/1245/1180 1195/1260/1195 1194/1261/1194
f 1180/1245/1180 1181/1247/1181 1196/1262/1196 1195/1260/1195
f 1181/1247/1181 1182/1248/1182 1197/1263/1197 1196/1262/1196
f 1182/1248/1182 1183/1249/1183 1198/1264/1198 1197/1263/1197
f 1183/1249/1183 1184/1250/1184 1199/1265/1199 1198/1264/1198
f 1184/1250/1184 1185/1251/1185 1200/1266/1200 1199/1265/1199
f 1185/1251/1185 1186/1252/1186 1201/1267/1201 1200/1266/1200
f 1186/1252/1186 1187/1253/1187 1202/1268/1202 1201/1267/1201
f 1187/1253/1187 1188/1254/1188 1203/1269/1203 1202/1268/1202
f 1188/1254/1188 1189/1255/1189 1204/1270/1204 1203/1269/1203
f 1189/1255/1189 1190/1256/1190 1205/1271/1205 1204/1270/1204
f 1190/1256/1190 1191/1257/1191 1206/1272/1206 1205/1271/1205
f 1191/1257/1191 1192/1258/1192 1207/1273/1207 1206/1272/1206
f 1192/1258/1192 1193/1259/1193 1208/1274/1208 1207/1273/1207
f 1194/1261/1194 1195/1260/1195 1210/1275/1210 1209/1276/1209
f 1195/1260/1195 1196/1262/1196 1211/1277/1211 1210/1275/1210
f 1196/1262/1196 1197/1263/1197 1212/1278/1212 1211/1277/1211
f 1197/1263/1197 1198/1264/1198 1213/1279/1213 1212/1278/1212
f 1198/1264/1198 1199/1265/1199 1214/1280/1214 1213/1279/1213
f 1199/1265/1199 1200/1266/1200 1215/1281/1215 1214/1280/1214
f 1200/1266/1200 1201/1267/1201 1216/1282/1216 1215/1281/1215
f 1201/1267/1201 1202/1268/1202 1217/1283/1217 1216/1282/1216
f 1202/1268/1202 1203/1269/1203 1218/1284/1218 1217/1283/1217
f 1203/1269/1203 1204/1270/1204 1219/1285/1219 1218/1284/1218
f 1204/1270/1204 1205/1271/1205 1220/1286/1220 1219/1285/1219
f 1205/1271/1205 1206/1272/1206 1221/1287/1221 1220/1286/1220
f 1206/1272/1206 1207/1273/1207 1222/1288/1222 1221/1287/1221
f 1207/1273/1207 1208/1274/1208 1223/1289/1223 1222/1288/1222
f 1209/1276/1209 1210/1275/1210 1225/1290/1225 1224/1291/1224
f 1210/1275/1210 1211/1277/1211 1226/1292/1226 1225/1290/1225
f 1211/1277/1211 1212/1278/1212 1227/1293/1227 1226/1292/1226
f 1212/1278/1212 1213/1279/1213 1228/1294/1228 1227/1293/1227
f 1213/1279/1213 1214/1280/1214 1229/1295/1229 1228/1294/1228
f 1214/1280/1214 1215/1281/1215 1230/1296/1230 1229/1295/1229
f 1215/1281/1215 1216/1282/1216 1231/1297/1231 1230/1296/1230
f 1216/1282/1216 1217/1283/1217 1232/1298/1232 1231/1297/1231
f 1217/1283/1217 1218/1284/1218 1233/1299/1233 1232/1298/1232
f 1218/1284/1218 1219/1285/1219 1234/1300/1234 1233/1299/1233
f 1219/1285/1219 1220/1286/1220 1235/1301/1235 1234/1300/1234
f 1220/1286/1220 1221/1287/1221 1236/1302/1236 1235/1301/1235
f 1221/1287/1221 1222/1288/1222 1237/1303/1237 1236/1302/1236
f 1222/1288/1222 1223/1289/1223 1238/1304/1238 1237/1303/1237
f 1224/1291/1224 1225/1290/1225 1240/1305/1240 1239/1306/1239
f 1225/1290/1225 1226/1292/1226 1241/1307/1241 1240/1305/1240
f 1226/1292/1226 1227/1293/1227 1242/1308/1242 1241/1307/1241
f 1227/1293/1227 1228/1294/1228 1243/1309/1243 1242/1308/1242
f 1228/1294/1228 1229/1295/1229 1244/1310/1244 1243/1309/1243
f 1229/1295/1229 1230/1296/1230 1245/1311/1245 1244/1310/1244
f 1230/1296/1230 1231/1297/1231 1246/1312/1246 1245/1311/1245
f 1231/1297/1231 1232/1298/1232 1247/1313/1247 1246/1312/1246
f 1232/1298/1232 1233/1299/1233 1248/1314/1248 1247/1313/1247
f 1233/1299/1233 1234/1300/1234 1249/1315/1249 1248/1314/1248
f 1234/1300/1234 1235/1301/1235 1250/1316/1250 1249/1315/1249
f 1235/1301/1235 1236/1302/1236 1251/1317/1251 1250/1316/1250
f 1236/1302/1236 1237/1303/1237 1252/1318/1252 1251/1317/1251
f 1237/1303/1237 1238/1304/1238 1253/1319/1253 1252/1318/1252
f 1239/1306/1239 1240/1305/1240 1255/1320/1255 1254/1321/1254
f 1240/1305/1240 1241/1307/1241 1256/1322/1256 1255/1320/1255
f 1241/1307/1241 1242/1308/1242 1257/1323/1257 1256/1322/1256
f 1242/1308/1242 1243/1309/1243 1258/1324/1258 1257/1323/1257
f 1243/1309/1243 1244/1310/1244 1259/1325/1259 1258/1324/1258
f 1244/1310/1244 1245/1311/1245 1260/1326/1260 1259/1325/1259
f 1245/1311/1245 1246/1312/1246 1261/1327/1261 1260/1326/1260
f 1246/1312/1246 1247/1313/1247 1262/1328/1262 1261/1327/1261
f 1247/1313/1247 1248/1314/1248 1263/1329/1263 1262/1328/1262
f 1248/1314/1248 1249/1315/1249 1264/1330/1264 1263/1329/1263
f 1249/1315/1249 1250/1316/1250 1265/1331/1265 1264/1330/1264
f 1250/1316/1250 1251/1317/1251 1266/1332/1266 1265/1331/1265
f 1251/1317/1251 1252/1318/1252 1267/1333/1267 1266/1332/1266
f 1252/1318/1252 1253/1319/1253 1268/1334/1268 1267/1333/1267
f 1254/1321/1254 1255/1320/1255 1270/1335/1270 1269/1336/1269
f 1255/1320/1255 1256/1322/1256 1271/1337/1271 1270/1335/1270
f 1256/1322/1256 1257/1323/1257 1272/1338/1272 1271/1337/1271
f 1257/1323/1257 1258/1324/1258 1273/1339/1273 1272/1338/1272
f 1258/1324/1258 1259/1325/1259 1274/1340/1274 1273/1339/1273
f 1259/1325/1259 1260/1326/1260 1275/1341/1275 1274/1340/1274
f 1260/1326/1260 1261/1327/1261 1276/1342/1276 1275/1341/1275
f 1261/1327/1261 1262/1328/1262 1277/1343/1277 1276/1342/1276
f 1262/1328/1262 1263/1329/1263 1278/1344/1278 1277/1343/1277
f 1263/1329/1263 1264/1330/1264 1279/1345/1279 1278/1344/1278
f 1264/1330/1264 1265/1331/1265 1280/1346/1280 1279/1345/1279
f 1265/1331/1265 1266/1332/1266 1281/1347/1281 1280/1346/1280
f 1266/1332/1266 1267/1333/1267 1282/1348/1282 1281/1347/1281
f 1267/1333/1267 1268/1334/1268 1283/1349/1283 1282/1348/1282
f 1269/1336/1269 1270/1335/1270 1285/1350/1285 1284/1351/1284
f 1270/1335/1270 1271/1337/1271 1286/1352/1286 1285/1350/1285
f 1271/1337/1271 1272/1338/1272 1287/1353/1287 1286/1352/1286
f 1272/1338/1272 1273/1339/1273 1288/1354/1288 1287/1353/1287
f 1273/1339/1273 1274/1340/1274 1289/1355/1289 1288/1354/1288
f 1274/1340/1274 1275/1341/1275 1290/1356/1290 1289/1355/1289
f 1275/1341/1275 1276/1342/1276 1291/1357/1291 1290/1356/1290
f 1276/1342/1276 1277/1343/1277 1292/1358/1292 1291/1357/1291
f 1277/1343/1277 1278/1344/1278 1293/1359/1293 1292/1358/1292
f 1278/1344/1278 1279/1345/1279 1294/1360/1294 1293/1359/1293
f 1279/1345/1279 1280/1346/1280 1295/1361/1295 1294/1360/1294
f 1280/1346/1280 1281/1347/1281 1296/1362/1296 1295/1361/1295
f 1281/1347/1281 1282/1348/1282 1297/1363/1297 1296/1362/1296
f 1282/1348/1282 1283/1349/1283 1298/1364/1298 1297/1363/1297
f 1284/1351/1284 1285/1350/1285 1300/1365/1300 1299/1366/1299
f 1285/1350/1285 1286/1352/1286 1301/1367/1301 1300/1365/1300
f 1286/1352/1286 1287/1353/1287 1302/1368/1302 1301/1367/1301
f 1287/1353/1287 1288/1354/1288 1303/1369/1303 1302/1368/1302
f 1288/1354/1288 1289/1355/1289 1304/1370/1304 1303/1369/1303
f 1289/1355/1289 1290/1356/1290 1305/1371/1305 1304/1370/1304
f 1290/1356/1290 1291/1357/1291 1306/1372/1306 1305/1371/1305
f 1291/1357/1291 1292/1358/1292 1307/1373/1307 1306/1372/1306
f 1292/1358/1292 1293/1359/1293 1308/1374/1308 1307/1373/1307
f 1293/1359/1293 1294/1360/1294 1309/1375/1309 1308/1374/1308
f 1294/1360/1294 1295/1361/1295 1310/1376/1310 1309/1375/1309
f 1295/1361/1295 1296/1362/1296 1311/1377/1311 1310/1376/1310
f 1296/1362/1296 1297/1363/1297 1312/1378/1312 1311/1377/1311
f 1297/1363/1297 1298/1364/1298 1313/1379/1313 1312/1378/1312
f 2/1109/2 53/1380/53 1089/1155/1089 188/1110/188
f 53/1380/53 52/1381/52 1090/1156/1090 1089/1155/1089
f 52/1381/52 51/1382/51 1091/1159/1091 1090/1156/1090
f 51/1382/51 50/1383/50 1092/1161/1092 1091/1159/1091
f 50/1383/50 49/1384/49 1093/1163/1093 1092/1161/1092
f 49/1384/49 48/1385/48 1094/1165/1094 1093/1163/1093
f 48/1385/48 47/1386/47 1095/1167/1095 1094/1165/1094
f 47/1386/47 46/1387/46 1096/1169/1096 1095/1167/1095
f 46/1387/46 45/1388/45 1097/1171/1097 1096/1169/1096
f 45/1388/45 44/1389/44 1098/1173/1098 1097/1171/1097
f 44/1389/44 43/1390/43 1099/1175/1099 1098/1173/1098
f 43/1390/43 42/1391/42 1100/1177/1100 1099/1175/1099
f 42/1391/42 41/1392/41 1101/1179/1101 1100/1177/1100
f 41/1392/41 40/1393/40 1102/1181/1102 1101/1179/1101
f 40/1393/40 39/1394/39 1103/1183/1103 1102/1181/1102
f 39/1394/39 1/226/1 114/228/114 1103/1183/1103
f 1103/1183/1103 114/228/114 115/289/115 1118/1184/1118
f 1118/1184/1118 115/289/115 116/288/116 1133/1199/1133
f 1133/1199/1133 116/288/116 117/287/117 1148/1214/1148
f 1148/1214/1148 117/287/117 118/286/118 1163/1229/1163
f 1163/1229/1163 118/286/118 119/285/119 1178/1244/1178
f 1178/1244/1178 119/285/119 120/284/120 1193/1259/1193
f 1193/1259/1193 120/284/120 121/283/121 1208/1274/1208
f 1208/1274/1208 121/283/121 122/282/122 1223/1289/1223
f 1223/1289/1223 122/282/122 123/281/123 1238/1304/1238
f 1238/1304/1238 123/281/123 124/280/124 1253/1319/1253
f 1253/1319/1253 124/280/124 125/279/125 1268/1334/1268
f 1268/1334/1268 125/279/125 126/278/126 1283/1349/1283
f 1283/1349/1283 126/278/126 127/277/127 1298/1364/1298
f 1298/1364/1298 127/277/127 128/275/128 1313/1379/1313
f 1313/1379/1313 128/275/128 3/276/3 69/1395/69
f 1312/1378/1312 1313/1379/1313 69/1395/69 70/530/70
f 1311/1377/1311 1312/1378/1312 70/530/70 71/529/71
f 1310/1376/1310 1311/1377/1311 71/529/71 72/528/72
f 1309/1375/1309 1310/1376/1310 72/528/72 73/527/73
f 1308/1374/1308 1309/1375/1309 73/527/73 74/526/74
f 1307/1373/1307 1308/1374/1308 74/526/74 75/525/75
f 1306/1372/1306 1307/1373/1307 75/525/75 76/524/76
f 1305/1371/1305 1306/1372/1306 76/524/76 77/523/77
f 1304/1370/1304 1305/1371/1305 77/523/77 78/522/78
f 1303/1369/1303 1304/1370/1304 78/522/78 79/521/79
f 1302/1368/1302 1303/1369/1303 79/521/79 80/520/80
f 1301/1367/1301 1302/1368/1302 80/520/80 81/519/81
f 1300/1365/1300 1301/1367/1301 81/519/81 82/518/82
f 1299/1366/1299 1300/1365/1300 82/518/82 83/516/83
f 174/1124/174 1299/1366/1299 83/516/83 4/515/4
f 175/1123/175 1284/1351/1284 1299/1366/1299 174/1124/174
f 176/1122/176 1269/1336/1269 1284/1351/1284 175/1123/175
f 177/1121/177 1254/1321/1254 1269/1336/1269 176/1122/176
f 178/1120/178 1239/1306/1239 1254/1321/1254 177/1121/177
f 179/1119/179 1224/1291/1224 1239/1306/1239 178/1120/178
f 180/1118/180 1209/1276/1209 1224/1291/1224 179/1119/179
f 181/1117/181 1194/1261/1194 1209/1276/1209 180/1118/180
f 182/1116/182 1179/1246/1179 1194/1261/1194 181/1117/181
f 183/1115/183 1164/1231/1164 1179/1246/1179 182/1116/182
f 184/1114/184 1149/1216/1149 1164/1231/1164 183/1115/183
f 185/1113/185 1134/1201/1134 1149/1216/1149 184/1114/184
f 186/1112/186 1119/1186/1119 1134/1201/1134 185/1113/185
f 187/1111/187 1104/1158/1104 1119/1186/1119 186/1112/186
f 188/1110/188 1089/1155/1089 1104/1158/1104 187/1111/187
f 1314/1396/1314 1315/1397/1315 1330/1398/1330 1329/1399/1329
f 1315/1397/1315 1316/1400/1316 1331/1401/1331 1330/1398/1330
f 1316/1400/1316 1317/1402/1317 1332/1403/1332 1331/1401/1331
f 1317/1402/1317 1318/1404/1318 1333/1405/1333 1332/1403/1332
f 1318/1404/1318 1319/1406/1319 1334/1407/1334 1333/1405/1333
f 1319/1406/1319 1320/1408/1320 1335/1409/1335 1334/1407/1334
f 1320/1408/1320 1321/1410/1321 1336/1411/1336 1335/1409/1335
f 1321/1410/1321 1322/1412/1322 1337/1413/1337 1336/1411/1336
f 1322/1412/1322 1323/1414/1323 1338/1415/1338 1337/1413/1337
f 1323/1414/1323 1324/1416/1324 1339/1417/1339 1338/1415/1338
f 1324/1416/1324 1325/1418/1325 1340/1419/1340 1339/1417/1339
f 1325/1418/1325 1326/1420/1326 1341/1421/1341 1340/1419/1340
f 1326/1420/1326 1327/1422/1327 1342/1423/1342 1341/1421/1341
f 1327/1422/1327 1328/1424/1328 1343/1425/1343 1342/1423/1342
f 1329/1399/1329 1330/1398/1330 1345/1426/1345 1344/1427/1344
f 1330/1398/1330 1331/1401/1331 1346/1428/1346 1345/1426/1345
f 1331/1401/1331 1332/1403/1332 1347/1429/1347 1346/1428/1346
f 1332/1403/1332 1333/1405/1333 1348/1430/1348 1347/1429/1347
f 1333/1405/1333 1334/1407/1334 1349/1431/1349 1348/1430/1348
f 1334/1407/1334 1335/1409/1335 1350/1432/1350 1349/1431/1349
f 1335/1409/1335 1336/1411/1336 1351/1433/1351 1350/1432/1350
f 1336/1411/1336 1337/1413/1337 1352/1434/1352 1351/1433/1351
f 1337/1413/1337 1338/1415/1338 1353/1435/1353 1352/1434/1352
f 1338/1415/1338 1339/1417/1339 1354/1436/1354 1353/1435/1353
f 1339/1417/1339 1340/1419/1340 1355/1437/1355 1354/1436/1354
f 1340/1419/1340 1341/1421/1341 1356/1438/1356 1355/1437/1355
f 1341/1421/1341 1342/1423/1342 1357/1439/1357 1356/1438/1356
f 1342/1423/1342 1343/1425/1343 1358/1440/1358 1357/1439/1357
f 1344/1427/1344 1345/1426/1345 1360/1441/1360 1359/1442/1359
f 1345/1426/1345 1346/1428/1346 1361/1443/1361 1360/1441/1360
f 1346/1428/1346 1347/1429/1347 1362/1444/1362 1361/1443/1361
f 1347/1429/1347 1348/1430/1348 1363/1445/1363 1362/1444/1362
f 1348/1430/1348 1349/1431/1349 1364/1446/1364 1363/1445/1363
f 1349/1431/1349 1350/1432/1350 1365/1447/1365 1364/1446/1364
f 1350/1432/1350 1351/1433/1351 1366/1448/1366 1365/1447/1365
f 1351/1433/1351 1352/1434/1352 1367/1449/1367 1366/1448/1366
f 1352/1434/1352 1353/1435/1353 1368/1450/1368 1367/1449/1367
f 1353/1435/1353 1354/1436/1354 1369/1451/1369 1368/1450/1368
f 1354/1436/1354 1355/1437/1355 1370/1452/1370 1369/1451/1369
f 1355/1437/1355 1356/1438/1356 1371/1453/1371 1370/1452/1370
f 1356/1438/1356 1357/1439/1357 1372/1454/1372 1371/1453/1371
f 1357/1439/1357 1358/1440/1358 1373/1455/1373 1372/1454/1372
f 1359/1442/1359 1360/1441/1360 1375/1456/1375 1374/1457/1374
f 1360/1441/1360 1361/1443/1361 1376/1458/1376 1375/1456/1375
f 1361/1443/1361 1362/1444/1362 1377/1459/1377 1376/1458/1376
f 1362/1444/1362 1363/1445/1363 1378/1460/1378 1377/1459/1377
f 1363/1445/1363 1364/1446/1364 1379/1461/1379 1378/1460/1378
f 1364/1446/1364 1365/1447/1365 1380/1462/1380 1379/1461/1379
f 1365/1447/1365 1366/1448/1366 1381/1463/1381 1380/1462/1380
f 1366/1448/1366 1367/1449/1367 1382/1464/1382 1381/1463/1381
f 1367/1449/1367 1368/1450/1368 1383/1465/1383 1382/1464/1382
f 1368/1450/1368 1369/1451/1369 1384/1466/1384 1383/1465/1383
f 1369/1451/1369 1370/1452/1370 1385/1467/1385 1384/1466/1384
f 1370/1452/1370 1371/1453/1371 1386/1468/1386 1385/1467/1385
f 1371/1453/1371 1372/1454/1372 1387/1469/1387 1386/1468/1386
f 1372/1454/1372 1373/1455/1373 1388/1470/1388 1387/1469/1387
f 1374/1457/1374 1375/1456/1375 1390/1471/1390 1389/1472/1389
f 1375/1456/1375 1376/1458/1376 1391/1473/1391 1390/1471/1390
f 1376/1458/1376 1377/1459/1377 1392/1474/1392 1391/1473/1391
f 1377/1459/1377 1378/1460/1378 1393/1475/1393 1392/1474/1392
f 1378/1460/1378 1379/1461/1379 1394/1476/1394 1393/1475/1393
f 1379/1461/1379 1380/1462/1380 1395/1477/1395 1394/1476/1394
f 1380/1462/1380 1381/1463/1381 1396/1478/1396 1395/1477/1395
f 1381/1463/1381 1382/1464/1382 1397/1479/1397 1396/1478/1396
f 1382/1464/1382 1383/1465/1383 1398/1480/1398 1397/1479/1397
f 1383/1465/1383 1384/1466/1384 1399/1481/1399 1398/1480/1398
f 1384/1466/1384 1385/1467/1385 1400/1482/1400 1399/1481/1399
f 1385/1467/1385 1386/1468/1386 1401/1483/1401 1400/1482/1400
f 1386/1468/1386 1387/1469/1387 1402/1484/1402 1401/1483/1401
f 1387/1469/1387 1388/1470/1388 1403/1485/1403 1402/1484/1402
f 1389/1472/1389 1390/1471/1390 1405/1486/1405 1404/1487/1404
f 1390/1471/1390 1391/1473/1391 1406/1488/1406 1405/1486/1405
f 1391/1473/1391 1392/1474/1392 1407/1489/1407 1406/1488/1406
f 1392/1474/1392 1393/1475/1393 1408/1490/1408 1407/1489/1407
f 1393/1475/1393 1394/1476/1394 1409/1491/1409 1408/1490/1408
f 1394/1476/1394 1395/1477/1395 1410/1492/1410 1409/1491/1409
f 1395/1477/1395 1396/1478/1396 1411/1493/1411 1410/1492/1410
f 1396/1478/1396 1397/1479/1397 1412/1494/1412 1411/1493/1411
f 1397/1479/1397 1398/1480/1398 1413/1495/1413 1412/1494/1412
f 1398/1480/1398 1399/1481/1399 1414/1496/1414 1413/1495/1413
f 1399/1481/1399 1400/1482/1400 1415/1497/1415 1414/1496/1414
f 1400/1482/1400 1401/1483/1401 1416/1498/1416 1415/1497/1415
f 1401/1483/1401 1402/1484/1402 1417/1499/1417 1416/1498/1416
f 1402/1484/1402 1403/1485/1403 1418/1500/1418 1417/1499/1417
f 1404/1487/1404 1405/1486/1405 1420/1501/1420 1419/1502/1419
f 1405/1486/1405 1406/1488/1406 1421/1503/1421 1420/1501/1420
f 1406/1488/1406 1407/1489/1407 1422/1504/1422 1421/1503/1421
f 1407/1489/1407 1408/1490/1408 1423/1505/1423 1422/1504/1422
f 1408/1490/1408 1409/1491/1409 1424/1506/1424 1423/1505/1423
f 1409/1491/1409 1410/1492/1410 1425/1507/1425 1424/1506/1424
f 1410/1492/1410 1411/1493/1411 1426/1508/1426 1425/1507/1425
f 1411/1493/1411 1412/1494/1412 1427/1509/1427 1426/1508/1426
f 1412/1494/1412 1413/1495/1413 1428/1510/1428 1427/1509/1427
f 1413/1495/1413 1414/1496/1414 1429/1511/1429 1428/1510/1428
f 1414/1496/1414 1415/1497/1415 1430/1512/1430 1429/1511/1429
f 1415/1497/1415 1416/1498/1416 1431/1513/1431 1430/1512/1430
f 1416/1498/1416 1417/1499/1417 1432/1514/1432 1431/1513/1431
f 1417/1499/1417 1418/1500/1418 1433/1515/1433 1432/1514/1432
f 1419/1502/1419 1420/1501/1420 1435/1516/1435 1434/1517/1434
f 1420/1501/1420 1421/1503/1421 1436/1518/1436 1435/1516/1435
f 1421/1503/1421 1422/1504/1422 1437/1519/1437 1436/1518/1436
f 1422/1504/1422 1423/1505/1423 1438/1520/1438 1437/1519/1437
f 1423/1505/1423 1424/1506/1424 1439/1521/1439 1438/1520/1438
f 1424/1506/1424 1425/1507/1425 1440/1522/1440 1439/1521/1439
f 1425/1507/1425 1426/1508/1426 1441/1523/1441 1440/1522/1440
f 1426/1508/1426 1427/1509/1427 1442/1524/1442 1441/1523/1441
f 1427/1509/1427 1428/1510/1428 1443/1525/1443 1442/1524/1442
f 1428/1510/1428 1429/1511/1429 1444/1526/1444 1443/1525/1443
f 1429/1511/1429 1430/1512/1430 1445/1527/1445 1444/1526/1444
f 1430/1512/1430 1431/1513/1431 1446/1528/1446 1445/1527/1445
f 1431/1513/1431 1432/1514/1432 1447/1529/1447 1446/1528/1446
f 1432/1514/1432 1433/1515/1433 1448/1530/1448 1447/1529/1447
f 1434/1517/1434 1435/1516/1435 1450/1531/1450 1449/1532/1449
f 1435/1516/1435 1436/1518/1436 1451/1533/1451 1450/1531/1450
f 1436/1518/1436 1437/1519/1437 1452/1534/1452 1451/1533/1451
f 1437/1519/1437 1438/1520/1438 1453/1535/1453 1452/1534/1452
f 1438/1520/1438 1439/1521/1439 1454/1536/1454 1453/1535/1453
f 1439/1521/1439 1440/1522/1440 1455/1537/1455 1454/1536/1454
f 1440/1522/1440 1441/1523/1441 1456/1538/1456 1455/1537/1455
f 1441/1523/1441 1442/1524/1442 1457/1539/1457 1456/1538/1456
f 1442/1524/1442 1443/1525/1443 1458/1540/1458 1457/1539/1457
f 1443/1525/1443 1444/1526/1444 1459/1541/1459 1458/1540/1458
f 1444/1526/1444 1445/1527/1445 1460/1542/1460 1459/1541/1459
f 1445/1527/1445 1446/1528/1446 1461/1543/1461 1460/1542/1460
f 1446/1528/1446 1447/1529/1447 1462/1544/1462 1461/1543/1461
f 1447/1529/1447 1448/1530/1448 1463/1545/1463 1462/1544/1462
f 1449/1532/1449 1450/1531/1450 1465/1546/1465 1464/1547/1464
f 1450/1531/1450 1451/1533/1451 1466/1548/1466 1465/1546/1465
f 1451/1533/1451 1452/1534/1452 1467/1549/1467 1466/1548/1466
f 1452/1534/1452 1453/1535/1453 1468/1550/1468 1467/1549/1467
f 1453/1535/1453 1454/1536/1454 1469/1551/1469 1468/1550/1468
f 1454/1536/1454 1455/1537/1455 1470/1552/1470 1469/1551/1469
f 1455/1537/1455 1456/1538/1456 1471/1553/1471 1470/1552/1470
f 1456/1538/1456 1457/1539/1457 1472/1554/1472 1471/1553/1471
f 1457/1539/1457 1458/1540/1458 1473/1555/1473 1472/1554/1472
f 1458/1540/1458 1459/1541/1459 1474/1556/1474 1473/1555/1473
f 1459/1541/1459 1460/1542/1460 1475/1557/1475 1474/1556/1474
f 1460/1542/1460 1461/1543/1461 1476/1558/1476 1475/1557/1475
f 1461/1543/1461 1462/1544/1462 1477/1559/1477 1476/1558/1476
f 1462/1544/1462 1463/1545/1463 1478/1560/1478 1477/1559/1477
f 1464/1547/1464 1465/1546/1465 1480/1561/1480 1479/1562/1479
f 1465/1546/1465 1466/1548/1466 1481/1563/1481 1480/1561/1480
f 1466/1548/1466 1467/1549/1467 1482/1564/1482 1481/1563/1481
f 1467/1549/1467 1468/1550/1468 1483/1565/1483 1482/1564/1482
f 1468/1550/1468 1469/1551/1469 1484/1566/1484 1483/1565/1483
f 1469/1551/1469 1470/1552/1470 1485/1567/1485 1484/1566/1484
f 1470/1552/1470 1471/1553/1471 1486/1568/1486 1485/1567/1485
f 1471/1553/1471 1472/1554/1472 1487/1569/1487 1486/1568/1486
f 1472/1554/1472 1473/1555/1473 1488/1570/1488 1487/1569/1487
f 1473/1555/1473 1474/1556/1474 1489/1571/1489 1488/1570/1488
f 1474/1556/1474 1475/1557/1475 1490/1572/1490 1489/1571/1489
f 1475/1557/1475 1476/1558/1476 1491/1573/1491 1490/1572/1490
f 1476/1558/1476 1477/1559/1477 1492/1574/1492 1491/1573/1491
f 1477/1559/1477 1478/1560/1478 1493/1575/1493 1492/1574/1492
f 1479/1562/1479 1480/1561/1480 1495/1576/1495 1494/1577/1494
f 1480/1561/1480 1481/1563/1481 1496/1578/1496 1495/1576/1495
f 1481/1563/1481 1482/1564/1482 1497/1579/1497 1496/1578/1496
f 1482/1564/1482 1483/1565/1483 1498/1580/1498 1497/1579/1497
f 1483/1565/1483 1484/1566/1484 1499/1581/1499 1498/1580/1498
f 1484/1566/1484 1485/1567/1485 1500/1582/1500 1499/1581/1499
f 1485/1567/1485 1486/1568/1486 1501/1583/1501 1500/1582/1500
f 1486/1568/1486 1487/1569/1487 1502/1584/1502 1501/1583/1501
f 1487/1569/1487 1488/1570/1488 1503/1585/1503 1502/1584/1502
f 1488/1570/1488 1489/1571/1489 1504/1586/1504 1503/1585/1503
f 1489/1571/1489 1490/1572/1490 1505/1587/1505 1504/1586/1504
f 1490/1572/1490 1491/1573/1491 1506/1588/1506 1505/1587/1505
f 1491/1573/1491 1492/1574/1492 1507/1589/1507 1506/1588/1506
f 1492/1574/1492 1493/1575/1493 1508/1590/1508 1507/1589/1507
f 1494/1577/1494 1495/1576/1495 1510/1591/1510 1509/1592/1509
f 1495/1576/1495 1496/1578/1496 1511/1593/1511 1510/1591/1510
f 1496/1578/1496 1497/1579/1497 1512/1594/1512 1511/1593/1511
f 1497/1579/1497 1498/1580/1498 1513/1595/1513 1512/1594/1512
f 1498/1580/1498 1499/1581/1499 1514/1596/1514 1513/1595/1513
f 1499/1581/1499 1500/1582/1500 1515/1597/1515 1514/1596/1514
f 1500/1582/1500 1501/1583/1501 1516/1598/1516 1515/1597/1515
f 1501/1583/1501 1502/1584/1502 1517/1599/1517 1516/1598/1516
f 1502/1584/1502 1503/1585/1503 1518/1600/1518 1517/1599/1517
f 1503/1585/1503 1504/1586/1504 1519/1601/1519 1518/1600/1518
f 1504/1586/1504 1505/1587/1505 1520/1602/1520 1519/1601/1519
f 1505/1587/1505 1506/1588/1506 1521/1603/1521 1520/1602/1520
f 1506/1588/1506 1507/1589/1507 1522/1604/1522 1521/1603/1521
f 1507/1589/1507 1508/1590/1508 1523/1605/1523 1522/1604/1522
f 1509/1592/1509 1510/1591/1510 1525/1606/1525 1524/1607/1524
f 1510/1591/1510 1511/1593/1511 1526/1608/1526 1525/1606/1525
f 1511/1593/1511 1512/1594/1512 1527/1609/1527 1526/1608/1526
f 1512/1594/1512 1513/1595/1513 1528/1610/1528 1527/1609/1527
f 1513/1595/1513 1514/1596/1514 1529/1611/1529 1528/1610/1528
f 1514/1596/1514 1515/1597/1515 1530/1612/1530 1529/1611/1529
f 1515/1597/1515 1516/1598/1516 1531/1613/1531 1530/1612/1530
f 1516/1598/1516 1517/1599/1517 1532/1614/1532 1531/1613/1531
f 1517/1599/1517 1518/1600/1518 1533/1615/1533 1532/1614/1532
f 1518/1600/1518 1519/1601/1519 1534/1616/1534 1533/1615/1533
f 1519/1601/1519 1520/1602/1520 1535/1617/1535 1534/1616/1534
f 1520/1602/1520 1521/1603/1521 1536/1618/1536 1535/1617/1535
f 1521/1603/1521 1522/1604/1522 1537/1619/1537 1536/1618/1536
f 1522/1604/1522 1523/1605/1523 1538/1620/1538 1537/1619/1537
f 6/853/6 98/851/98 1314/1396/1314 38/1621/38
f 98/851/98 97/850/97 1315/1397/1315 1314/1396/1314
f 97/850/97 96/849/96 1316/1400/1316 1315/1397/1315
f 96/849/96 95/848/95 1317/1402/1317 1316/1400/1316
f 95/848/95 94/847/94 1318/1404/1318 1317/1402/1317
f 94/847/94 93/846/93 1319/1406/1319 1318/1404/1318
f 93/846/93 92/845/92 1320/1408/1320 1319/1406/1319
f 92/845/92 91/844/91 1321/1410/1321 1320/1408/1320
f 91/844/91 90/843/90 1322/1412/1322 1321/1410/1321
f 90/843/90 89/842/89 1323/1414/1323 1322/1412/1322
f 89/842/89 88/841/88 1324/1416/1324 1323/1414/1323
f 88/841/88 87/840/87 1325/1418/1325 1324/1416/1324
f 87/840/87 86/839/86 1326/1420/1326 1325/1418/1325
f 86/839/86 85/838/85 1327/1422/1327 1326/1420/1326
f 85/838/85 84/837/84 1328/1424/1328 1327/1422/1327
f 84/837/84 5/836/5 159/1622/159 1328/1424/1328
f 1328/1424/1328 159/1622/159 160/1623/160 1343/1425/1343
f 1343/1425/1343 160/1623/160 161/1624/161 1358/1440/1358
f 1358/1440/1358 161/1624/161 162/1625/162 1373/1455/1373
f 1373/1455/1373 162/1625/162 163/1626/163 1388/1470/1388
f 1388/1470/1388 163/1626/163 164/1627/164 1403/1485/1403
f 1403/1485/1403 164/1627/164 165/1628/165 1418/1500/1418
f 1418/1500/1418 165/1628/165 166/1629/166 1433/1515/1433
f 1433/1515/1433 166/1629/166 167/1630/167 1448/1530/1448
f 1448/1530/1448 167/1630/167 168/1631/168 1463/1545/1463
f 1463/1545/1463 168/1631/168 169/1632/169 1478/1560/1478
f 1478/1560/1478 169/1632/169 170/1633/170 1493/1575/1493
f 1493/1575/1493 170/1633/170 171/1634/171 1508/1590/1508
f 1508/1590/1508 171/1634/171 172/1635/172 1523/1605/1523
f 1523/1605/1523 172/1635/172 173/1636/173 1538/1620/1538
f 1538/1620/1538 173/1636/173 1/226/1 39/1394/39
f 1537/1619/1537 1538/1620/1538 39/1394/39 40/1393/40
f 1536/1618/1536 1537/1619/1537 40/1393/40 41/1392/41
f 1535/1617/1535 1536/1618/1536 41/1392/41 42/1391/42
f 1534/1616/1534 1535/1617/1535 42/1391/42 43/1390/43
f 1533/1615/1533 1534/1616/1534 43/1390/43 44/1389/44
f 1532/1614/1532 1533/1615/1533 44/1389/44 45/1388/45
f 1531/1613/1531 1532/1614/1532 45/1388/45 46/1387/46
f 1530/1612/1530 1531/1613/1531 46/1387/46 47/1386/47
f 1529/1611/1529 1530/1612/1530 47/1386/47 48/1385/48
f 1528/1610/1528 1529/1611/1529 48/1385/48 49/1384/49
f 1527/1609/1527 1528/1610/1528 49/1384/49 50/1383/50
f 1526/1608/1526 1527/1609/1527 50/1383/50 51/1382/51
f 1525/1606/1525 1526/1608/1526 51/1382/51 52/1381/52
f 1524/1607/1524 1525/1606/1525 52/1381/52 53/1380/53
f 24/1637/24 1524/1607/1524 53/1380/53 2/1109/2
f 25/1638/25 1509/1592/1509 1524/1607/1524 24/1637/24
f 26/1639/26 1494/1577/1494 1509/1592/1509 25/1638/25
f 27/1640/27 1479/1562/1479 1494/1577/1494 26/1639/26
f 28/1641/28 1464/1547/1464 1479/1562/1479 27/1640/27
f 29/1642/29 1449/1532/1449 1464/1547/1464 28/1641/28
f 30/1643/30 1434/1517/1434 1449/1532/1449 29/1642/29
f 31/1644/31 1419/1502/1419 1434/1517/1434 30/1643/30
f 32/1645/32 1404/1487/1404 1419/1502/1419 31/1644/31
f 33/1646/33 1389/1472/1389 1404/1487/1404 32/1645/32
f 34/1647/34 1374/1457/1374 1389/1472/1389 33/1646/33
f 35/1648/35 1359/1442/1359 1374/1457/1374 34/1647/34
f 36/1649/36 1344/1427/1344 1359/1442/1359 35/1648/35
f 37/1650/37 1329/1399/1329 1344/1427/1344 36/1649/36
f 38/1621/38 1314/1396/1314 1329/1399/1329 37/1650/37
